LINK_NO,PACK_SEQ,CASE_REF,CONTENT_HASH,PREV_CHAIN_HASH,CHAIN_HASH
1,1,CU-100631|2026-01-12,4183ac9b70e463cce8f57ee52299d1f619864a93de4db5f34c7404d903a00fe9,GENESIS,07734fd736f30f1a0f229e436f24551b49fd0e8931789fdbc02e78e9aba18186
2,2,CU-100631|2026-01-19,236b1d5fbaa2e24af6e7505f38afb850bcd6c98b8c3fc920eed8eb02449186e9,07734fd736f30f1a0f229e436f24551b49fd0e8931789fdbc02e78e9aba18186,2de1fef625829d0e4b62d22aa1cf61689a33ea05888e4be98fe039a2c07fca53
3,3,CU-100631|2026-06-15,9fa2a395817381b7b62db4e125c7aebfa63f1d217c1704c60d68b42761e2c844,2de1fef625829d0e4b62d22aa1cf61689a33ea05888e4be98fe039a2c07fca53,ec5c96d7492c71bb7743e3789a8b94915d4f5e55dff774f10bcb5a9699a35901
4,4,CU-100635|2025-06-30,ae9ca9d0a0e46781f014b5d7fcd3e2f2cb7d3ca7232593c1a8ed957036d115e6,ec5c96d7492c71bb7743e3789a8b94915d4f5e55dff774f10bcb5a9699a35901,95319e3de341028102659fde6d5954324119a54039a314a1761b22195b75753e
5,5,CU-100635|2025-09-15,d9802473014f5e11c31fe4e111b7977725830ffe3d1459207066cc43cd7918ce,95319e3de341028102659fde6d5954324119a54039a314a1761b22195b75753e,6cc910b21071f7d9e74a329c228f1065ce7aeda3580399159cea87c135c6230b
6,6,CU-100635|2025-11-10,f025972bba2738917f6d654abacd0bffce59fb70343f4b982be32eed0d372eb6,6cc910b21071f7d9e74a329c228f1065ce7aeda3580399159cea87c135c6230b,b20f3b59b7ad5627ee0cdf15bb18a1a0e7485984104914d3f126b1d1a1eb8e9c
7,7,CU-100676|2025-09-01,d27336a946dcd59e348542c660549e2935ac8dc1eb32a4328ba9ce8bde650655,b20f3b59b7ad5627ee0cdf15bb18a1a0e7485984104914d3f126b1d1a1eb8e9c,9edbb126d86f5f750e739b0f16d7be2987be48a282b0dc959625ffe3676510ae
8,8,CU-100676|2025-10-06,f2a3d57ddc8529b2a43bdbf989b57a667a389d01ceb3bc039b06841114120da2,9edbb126d86f5f750e739b0f16d7be2987be48a282b0dc959625ffe3676510ae,59cb0c504b6d8c0a3ae56ae738042a6f44c7cbbfd72bb0b0ce000a72a0904502
9,9,CU-100676|2025-12-22,63957f3d48aa3e20e4feb87c88fed47cdb909c04b8c5bb445087e0dbfd5478bf,59cb0c504b6d8c0a3ae56ae738042a6f44c7cbbfd72bb0b0ce000a72a0904502,59f72bfc9532c0080e719fe1bc97f265ce5d451e0e9c0e464582245bcbb5f793
10,10,CU-100676|2025-12-29,f00929ca7e625cd4f7637eb8d5efc5b444286f715d89dcf352a4e55b0b389b93,59f72bfc9532c0080e719fe1bc97f265ce5d451e0e9c0e464582245bcbb5f793,d16718a9d2b8cf9b1c390796576cff1117e3dfd03957ebf6e2ed961c8b9330d7
11,11,CU-100676|2026-01-19,4bb90f26d6056aa26ce9aac213600b7bc886551721910b8b433963716f04d91e,d16718a9d2b8cf9b1c390796576cff1117e3dfd03957ebf6e2ed961c8b9330d7,5a8d26127149762c973f51928d375ba64330c0ac1d4e679219d02c3df713fe5d
12,12,CU-100676|2026-02-23,284c3f51af2c64305aa23654a4e60ff47832c9615f96e2b78ac9aa0dd5292e40,5a8d26127149762c973f51928d375ba64330c0ac1d4e679219d02c3df713fe5d,fa7e6e3b5e42d52a0d20049d0db1cd2330e4b8517db16d265f6fa869aca47f59
13,13,CU-100676|2026-06-15,84e5adf81ae487af09fd3284e13b8f7e21f74d4036f1ccc97aa918ebcefb6394,fa7e6e3b5e42d52a0d20049d0db1cd2330e4b8517db16d265f6fa869aca47f59,4745cb05923f6e2ca4a0fe872bc267d81b2e66201e8f92423575cf2a32d4538c
14,14,CU-100676|2026-06-22,bd95750029da3231e9f9518abcef59d8b9d0f2d7259e9382ef573f614b8892d7,4745cb05923f6e2ca4a0fe872bc267d81b2e66201e8f92423575cf2a32d4538c,b81d34a50fc2ea69d21bcd323510e4cebaa1015d33b4de1191bf75ecd43e4e39
15,15,CU-100676|2026-06-29,a4adec00c2b876823e20922264656f146a5c6e51b72b983d808dd6feadc254d9,b81d34a50fc2ea69d21bcd323510e4cebaa1015d33b4de1191bf75ecd43e4e39,ef7e26e1d7efd6b8a7a76f43c3941c54858ada80da7b1d8f55718be54dbce8fe
16,16,CU-100711|2026-07-20,2f92de728f4f37d46a0e905657eb9ce0d4d3285a7c8f010997bc056ffc315ab5,ef7e26e1d7efd6b8a7a76f43c3941c54858ada80da7b1d8f55718be54dbce8fe,fa19654571a98ea0bb51f75ad2756bd0a1e14b1c205108a04b7e7788cffc546c
17,17,CU-100724|2025-06-30,bac1734d32a0f363930e6b4e799895cd76d80e86fc5b73b30f7f25cc3bda7d58,fa19654571a98ea0bb51f75ad2756bd0a1e14b1c205108a04b7e7788cffc546c,636ee09a73e8dbdb31e921c92b4e518e82bb51d5f378cafb7825c90701b6f387
18,18,CU-100724|2025-08-04,99a78ddd16b0cf06ccd364268fc3d1b24442dfdd6a37f349c73b956dfb41e8b2,636ee09a73e8dbdb31e921c92b4e518e82bb51d5f378cafb7825c90701b6f387,610d99fc4e639a4cd3e1271b63f46f625d88e954f508bfd0481e46e6e6c1b572
19,19,CU-100724|2025-08-18,70b1ad33893890c303d1975e6e6b789c066ac642a6cc64fcfbccac28d3d16e4c,610d99fc4e639a4cd3e1271b63f46f625d88e954f508bfd0481e46e6e6c1b572,f98231e07d68e96e315fbdd1e422b3feceeb2792b3d96eea6f140da69cf3f962
20,20,CU-100724|2025-10-27,860886eee4be5cde4787fbd116374f3641c2403fe1c26819552ca637ddbc80df,f98231e07d68e96e315fbdd1e422b3feceeb2792b3d96eea6f140da69cf3f962,68f4d4f51b280e9c2f93cbdeea6d32e5662bebb574cac23c757ec505a74720f9
21,21,CU-100724|2025-11-03,66cf167e7387ead49730410857449ff1c486a8cfeec5e457db3f9f17938dc91c,68f4d4f51b280e9c2f93cbdeea6d32e5662bebb574cac23c757ec505a74720f9,b7cbe663289cee72a61e72c0cae60221bd7cd489a34e12e113827472e433c140
22,22,CU-100724|2026-02-02,c27de6cc9e830222e4d1da0bf76e567e26f1c68340ed58ee04a50fe04629b7fd,b7cbe663289cee72a61e72c0cae60221bd7cd489a34e12e113827472e433c140,291c8f31d85f0e1828775ab0174c5f808c63c2cec27fdce396e8ee7ac967cfff
23,23,CU-100724|2026-03-02,f94067ecfc3d39fc6a8827fb707e3fa8bff0b6bc4e91a715d1a8be86886b8085,291c8f31d85f0e1828775ab0174c5f808c63c2cec27fdce396e8ee7ac967cfff,a675d3a95d90c0a3f8fcc871f4439a5c0e41666980804c2134d4dc163bd79717
24,24,CU-100724|2026-07-13,1b991c2edf3285cb1fdaed6415e5983f61836c2782177458b5403d79ecc27f61,a675d3a95d90c0a3f8fcc871f4439a5c0e41666980804c2134d4dc163bd79717,f638e8a922baea547c3d84a545f40e0c92115283c96a3a400aece20fc3f1f25e
25,25,CU-100740|2025-07-14,287c10eac007c0ce12f363a256cb3b40dfce11f84d3d1c945f592190612790d7,f638e8a922baea547c3d84a545f40e0c92115283c96a3a400aece20fc3f1f25e,7d5f3324a4017a1539fe05c3a453b9ff31471f2354ab92961287cc76dcd085da
26,26,CU-100740|2025-08-11,6d7008f87d9be749c2b8cfc8653793a68414d8fad9f55a51d0868f4ab3504c04,7d5f3324a4017a1539fe05c3a453b9ff31471f2354ab92961287cc76dcd085da,a5c3de8c02d9d51829fa3a26aa72e66261033104c9ae009be31b48b9ad0b22ff
27,27,CU-100740|2025-08-18,ed0a8a38fe9b0ae5673c952f6e25521cacfdf2db599b436a163f105c6794f132,a5c3de8c02d9d51829fa3a26aa72e66261033104c9ae009be31b48b9ad0b22ff,a7f138e67591cb660ca43e8bd1a18cc0687cbabfb3249a7bdc05984dcdefbb49
28,28,CU-100740|2025-09-29,e9875ba2536db2a605ff5a282d1b82130983b09f37b869914b8e91f71aaecc12,a7f138e67591cb660ca43e8bd1a18cc0687cbabfb3249a7bdc05984dcdefbb49,07b26ecdddc254e9222cb3891954830f04d94c5bd2b29b2f31ab92ac351ed243
29,29,CU-100740|2025-12-29,ffbf53b05ff8f94d56630914853359e3a354435269b312e7f766c1feb2dcb33a,07b26ecdddc254e9222cb3891954830f04d94c5bd2b29b2f31ab92ac351ed243,00b43710ce9bd250f3980c632fa9e19c043564f8d46aba802c7994a9d9cd469a
30,30,CU-100740|2026-01-05,bfee8db2f9a505f070fc2280282151e4fe15a2dfe5d63b477cdd7222fc0948ec,00b43710ce9bd250f3980c632fa9e19c043564f8d46aba802c7994a9d9cd469a,a018b38ec0544f800518dff462548b4be761ae73e8725878f460ecf66f89342e
31,31,CU-100740|2026-01-19,93523e62eebce76c61505f784958d12a588fda365444c69d04477175ed6a98f6,a018b38ec0544f800518dff462548b4be761ae73e8725878f460ecf66f89342e,8b807940379beb43325eedf093d07bdc58475acb86cb4153c1d9e67a7493a195
32,32,CU-100740|2026-03-16,780b961d0817c52b8f6533dfdde3f32eec155abbdb9781ebdbae37c2d30ad701,8b807940379beb43325eedf093d07bdc58475acb86cb4153c1d9e67a7493a195,83bc8d4faf14f64969a53dfd319cd4600dad4f5eddd0cd0cbe5910b712ae4d8e
33,33,CU-100740|2026-04-06,77aed47bfb5e428ebcbf20d394685beb2a70d5c2e5fb359a466d1264ae9e0401,83bc8d4faf14f64969a53dfd319cd4600dad4f5eddd0cd0cbe5910b712ae4d8e,6ed0d10574ced93b31371d812a339d67feb9f80cde775b73fa66ac65c9652bdb
34,34,CU-100771|2025-12-22,6ce35380ec4152fc356468717f880136fe1fb154a512c6576d51bf3347e8e65e,6ed0d10574ced93b31371d812a339d67feb9f80cde775b73fa66ac65c9652bdb,209f917d23623c14744bf6a2fe47e4b3bfd3efd2cfabd99b4683eb195b8d5d67
35,35,CU-100821|2025-09-15,14b33b8f22752497dcad282b714d13b9f5c0de00a3761d3377178a1daff406f7,209f917d23623c14744bf6a2fe47e4b3bfd3efd2cfabd99b4683eb195b8d5d67,74ce88d56393c7ae8fc537e4aea79ca5e36f362d43b1d8a3fdd52fdeaf4ebaa1
36,36,CU-100821|2025-10-13,83b6d680ff3ec69824ecb97b50196ab73b68869b2eca0e488bdf33cd17228de9,74ce88d56393c7ae8fc537e4aea79ca5e36f362d43b1d8a3fdd52fdeaf4ebaa1,20c0fa3f938ddd983159c6a7b82525ad69dad13f132b8913d919249140e03ace
37,37,CU-100821|2025-12-08,fbf44782cb2ebbe9c159f5bdf479b0b0a61e3c830666df6489d19b08eee31abe,20c0fa3f938ddd983159c6a7b82525ad69dad13f132b8913d919249140e03ace,27d12b0e799cebd945f776f3896681f19efaaaf7c62430f4430b1c27817b479d
38,38,CU-100821|2026-03-09,84d2c5adfa0414a5443bc9e612e1c3f6e0c279ab6e22c740f0280e36a207e1e0,27d12b0e799cebd945f776f3896681f19efaaaf7c62430f4430b1c27817b479d,688547038d184ea425fa072b25cd6a403a0ca0ea84366c9c5de52d20f59de2fd
39,39,CU-100821|2026-07-06,a68b9d82736c8eb1c4e0865008b61818e0768388ee67ea05cc96ac1b253aa193,688547038d184ea425fa072b25cd6a403a0ca0ea84366c9c5de52d20f59de2fd,98cde86fb852f26ee8a38325b5fcbc89194c91a2dae538d9c32069ace0f94a52
40,40,CU-100837|2026-06-01,271da3f58398f724582bef445ac370d11468236a36a5d76ff2de66a9c8572448,98cde86fb852f26ee8a38325b5fcbc89194c91a2dae538d9c32069ace0f94a52,ced52c09822b4ea61614fe7091b80c65b8f0f46358e81e0660d3dec3db610566
41,41,CU-100839|2026-06-15,43a987e3170b8109ed709a08de93c669621a81a320091518e1c8f0b048989032,ced52c09822b4ea61614fe7091b80c65b8f0f46358e81e0660d3dec3db610566,b5faf1d907a7e513e3e85c25a7fdbd3f90ac6863a309878c042b8eed2bf7176c
42,42,CU-100840|2025-07-07,8f8110768bb07d8bb99a7483299d252f2a3d75827dde6e5acce08904b4ae2e7c,b5faf1d907a7e513e3e85c25a7fdbd3f90ac6863a309878c042b8eed2bf7176c,3bc0c555263087964db49253f9f2aff2bc12130a6559ea15bd6a550f0930b29d
43,43,CU-100840|2026-08-03,caa81500a1e2b52e013d8f1f86b84445a308d9d7b328db347d98826a9441f205,3bc0c555263087964db49253f9f2aff2bc12130a6559ea15bd6a550f0930b29d,c414a3958453d386085fb5779c6b54a54aeb82ca9dbb99e790f779d65a09f1bf
44,44,CU-100859|2025-08-25,2c8cc53486c3d9233ca7ed655f0361ce59b94878d00dac2d3613825c386366a6,c414a3958453d386085fb5779c6b54a54aeb82ca9dbb99e790f779d65a09f1bf,53295a79de8e846770d5fbefd6e932437f85c600e01d38b81907344b45f0da8d
45,45,CU-100859|2025-09-22,3413709c28ccd79577f94671e32e9fdd38f425d1d4ff668a7aaaba83be79a99e,53295a79de8e846770d5fbefd6e932437f85c600e01d38b81907344b45f0da8d,864debf3da14f614561dd64223f173232c37248139809558e581e4f9ba1ab4f6
46,46,CU-100859|2025-10-13,e3813c95431f8603d370d7c6153d93da52ff8faca85002aeaa8d0fa7663fef02,864debf3da14f614561dd64223f173232c37248139809558e581e4f9ba1ab4f6,1fd2cbb8c8f7d5356f174eba314d6e0b53b965d95a3f5bc5503927e498e96745
47,47,CU-100859|2025-11-10,1b411f40b2664eb0701819e10a2b4f538958111bce062ae28101d19f81e60ab1,1fd2cbb8c8f7d5356f174eba314d6e0b53b965d95a3f5bc5503927e498e96745,086ba59ac27f1e2fd11c965d39e19d378e3c7fe205b169d6293249fbc20f1d80
48,48,CU-100859|2025-12-22,52c0a4de9f0905f565ac756739db423af4ff12ed426de27f5a4c8f57034603e8,086ba59ac27f1e2fd11c965d39e19d378e3c7fe205b169d6293249fbc20f1d80,88e16210c091592416db8efb9efcdb504424f5550bdf3a9ef648de4deace6352
49,49,CU-100859|2026-01-05,b32e18cb30740f52d8cba355b28f0feaac4c55e26870b5c1631dfb703b69e54d,88e16210c091592416db8efb9efcdb504424f5550bdf3a9ef648de4deace6352,fa20007161b86cf75baa6e43804a54bab80c8ac00f6d6cdea170617714d537c9
50,50,CU-100859|2026-01-26,4dcb95fafcc5b8f3dca4b129d5f1aa716958ee8460fdbf8efe7402c9a9eaf2b8,fa20007161b86cf75baa6e43804a54bab80c8ac00f6d6cdea170617714d537c9,f9abba3ce9e45c0dd74b8ac6f1df789ebbb1206c07d65068d50dd3369c70ee33
51,51,CU-100859|2026-05-18,6e85d8ae4bd7803e5c5cb7debfd491de019f01bceab24665d63098d8d883028e,f9abba3ce9e45c0dd74b8ac6f1df789ebbb1206c07d65068d50dd3369c70ee33,17403189cc52ea582478d2f1b18fb89647f4c6b4c6cd0a77e409404e6e06ff99
52,52,CU-100859|2026-06-22,78c03c89cca33728526115b1c876b45c66095b980e5fd1ebc9c9afe378369638,17403189cc52ea582478d2f1b18fb89647f4c6b4c6cd0a77e409404e6e06ff99,1b6bf03ba5962d48a330f881a12fe313134f7f56b0a1a8fe8b6565dde3743e40
53,53,CU-100896|2025-11-03,1bcf2aa038d52e24d786754ead50d573bdaafb2f4927814eb78ff034b6883cfe,1b6bf03ba5962d48a330f881a12fe313134f7f56b0a1a8fe8b6565dde3743e40,7e8e2e422e5ad4a7fe2bf28fe1de6ca18b5176e07823a37697f20a72ac9c9d3f
54,54,CU-100909|2026-06-22,e065b7d146b225886b60cc85c14b7e277dd3be32b1a131bfec7f3dd3d696a2e6,7e8e2e422e5ad4a7fe2bf28fe1de6ca18b5176e07823a37697f20a72ac9c9d3f,8a15e315c318ac2acfafeaba42a5b40e9422959f00fe66054c197f9e16f5e755
55,55,CU-100934|2025-07-14,d8ddccc38744801c616fc10958d36e920a4adf130545439ee24f23c76300edde,8a15e315c318ac2acfafeaba42a5b40e9422959f00fe66054c197f9e16f5e755,820ac394dfafa126838f31933cafebb11d797934262251501d4603b486fcb02f
56,56,CU-100934|2026-06-08,71da7d40e0392122635786af71b312c6aca2c951639e20bfdbb8eff78c0a3581,820ac394dfafa126838f31933cafebb11d797934262251501d4603b486fcb02f,aa78ffc94fa5f542b597143a414fb8fcee3d48006590624a5bc81fad390ed694
57,57,CU-100946|2025-08-04,06533651faf9f1fdb589917552eadbbd6753d71b9c56c595485e9353c53ea5a8,aa78ffc94fa5f542b597143a414fb8fcee3d48006590624a5bc81fad390ed694,33e479b3f7ada965add5f8ea089598c7e1de4db1d27184748f0da3c0fe3525c5
58,58,CU-100946|2026-04-27,2c6009a37c5ec3df24885e5b1889b4c247daae2f44984b2f841fa8893013a4ca,33e479b3f7ada965add5f8ea089598c7e1de4db1d27184748f0da3c0fe3525c5,f3ccbece8ac9f2672bbca8607331aa916c98bf3b86dd10ceb8c0df3110c4c769
59,59,CU-100966|2026-08-03,f6131ccd914a1cb671f3774c3ef35cc44e9228c16ae62818827189f91efe572c,f3ccbece8ac9f2672bbca8607331aa916c98bf3b86dd10ceb8c0df3110c4c769,156072cde034c152288cc28b6dd5ed86438d4aa33e8d70a45673edbadd447aa2
60,60,CU-100973|2026-03-30,b1886d0fc1a2cc221f1351b392f30227af0e5e014944db801134d2c2c82cd014,156072cde034c152288cc28b6dd5ed86438d4aa33e8d70a45673edbadd447aa2,650028b52ee81bb1142b39bc69615ba7a4a568a730d5580da63f702460ea540b
61,61,CU-100976|2026-06-08,b5a4c021ec6ea1494443d3d7cf332ab2731d6fe30a6a1bfa4c880527bbabc022,650028b52ee81bb1142b39bc69615ba7a4a568a730d5580da63f702460ea540b,d421c0a4dc45e869ccbb97257b094048ebdd84a0979990250132e035e5c4b299
62,62,CU-100976|2026-08-03,37c05a407cf81ed7fd37ede3dfb885b77c96d040dfd92466ef9257abbd8f7db5,d421c0a4dc45e869ccbb97257b094048ebdd84a0979990250132e035e5c4b299,fce293bd71bf6633c493a7c0f56394978a912298fd589bc3280ff5a3ca0d96b0
63,63,CU-101000|2026-03-09,adf023d9f108723c2a054238dcac4b261f740618addb9d02a51bb342824b6de6,fce293bd71bf6633c493a7c0f56394978a912298fd589bc3280ff5a3ca0d96b0,bcb32cf8aad2741dc566d27ea2f419f9c4cf9888a04d0d67192361da65b04c27
64,64,CU-101017|2026-04-06,528c8131cfe73d54a8fdb0991b33a0de9fd88a773b1468bacd8b319e4201654a,bcb32cf8aad2741dc566d27ea2f419f9c4cf9888a04d0d67192361da65b04c27,72931dfb88b2912065b92206bcd7cd229c2836a8c8badcb28bb37873bc33df23
65,65,CU-101019|2026-02-02,7d8211cc5045518c3adf125e54877ba877f2818bdd85df32852d75c970e1ebf2,72931dfb88b2912065b92206bcd7cd229c2836a8c8badcb28bb37873bc33df23,f86fde36fb59b0cd4a816dc95f64d01dcfc7044fa432dfbe6e49c9a0dd735a26
66,66,CU-101019|2026-07-06,0d8f02dcf9423dfc2ebcb5a6a217a1cb55aa68409b75a1227b66720d1c534747,f86fde36fb59b0cd4a816dc95f64d01dcfc7044fa432dfbe6e49c9a0dd735a26,b1395a3737bf9f38302bca46e2e83dfc9186e23ebb72c4cc4dd8e0fa74acd98c
67,67,CU-101089|2026-08-03,49f2c3a3f17cff4c6f02eca6713c2179bed5395fe8cfd20734e78bb162f5bdaa,b1395a3737bf9f38302bca46e2e83dfc9186e23ebb72c4cc4dd8e0fa74acd98c,d20393d5d25d23c4a58bf88a1bfc85da214d91017e5baf52a1e6737d83ce68fd
68,68,CU-101091|2026-06-29,450a6a64740a805cfad26940bd9d204de80ad7e7653f19f26ac81de90d43a1fc,d20393d5d25d23c4a58bf88a1bfc85da214d91017e5baf52a1e6737d83ce68fd,031660425e10b86a7dc17003794a2631e6d31e6eb5e0d9c3553ef16b5c866f0c
69,69,CU-101102|2025-09-22,f97213fae0373a99b3918e5f374026fd7a08772172265c377a560003578ba4cf,031660425e10b86a7dc17003794a2631e6d31e6eb5e0d9c3553ef16b5c866f0c,bf296b600f486ef796cc20f70e7ade8e6ae6ca50d137e4dbdb1d5f1be9167be3
70,70,CU-101102|2025-10-06,cec118c7773e8b753b6a6cfe6115925da4e847fa1b234df37bc74e79ab36bd41,bf296b600f486ef796cc20f70e7ade8e6ae6ca50d137e4dbdb1d5f1be9167be3,97c60db359e2efe9468ffb22d3cd654fccfbb910b71afe2c09221153013d6ba5
71,71,CU-101107|2026-01-26,46c3333ecc109dd6bc52f5c76f42dac66aceb212f62bfde7cbbeb7a577082895,97c60db359e2efe9468ffb22d3cd654fccfbb910b71afe2c09221153013d6ba5,71c5883c86377c6fc8d2ffa8e98a3af16219bec2edd1f862b07173b791be08bf
72,72,CU-101110|2025-09-08,d5aa26a9159cebbd6a95eadbc1baad351ef9cefe0e722321212bf874901ef964,71c5883c86377c6fc8d2ffa8e98a3af16219bec2edd1f862b07173b791be08bf,7503373bc624a695ae549efa4cc5c3921fa5a70cfc3c7ed483a69a9bf4e1a19c
73,73,CU-101110|2025-09-22,bc8e964e9c796cbe70c03c51bc650ec952223981ce59e43fafed980f6375c384,7503373bc624a695ae549efa4cc5c3921fa5a70cfc3c7ed483a69a9bf4e1a19c,e9ce70213d735f02f8a7e61ca0e3e8a1baa0861c53b8b1d1e0e301fcb4b79698
74,74,CU-101110|2026-05-11,7be4567e7d9b0feacccc6b71a969fd6a39517c1ea9496ed0745c4818cdbc174b,e9ce70213d735f02f8a7e61ca0e3e8a1baa0861c53b8b1d1e0e301fcb4b79698,7bad61c5d61ceb84f92ec10b6f54ab9d3f91288619265bd89d849b4708be9851
75,75,CU-101115|2025-09-15,663d8b696add052080420468aa3b66972e74e0f87502dced0a824f73cf9b5e51,7bad61c5d61ceb84f92ec10b6f54ab9d3f91288619265bd89d849b4708be9851,2b626112fc1cfc6240953f05616f6bb020a2cbef97e1864130a93f91887f4037
76,76,CU-101115|2026-05-11,6a640602ecf9f94b8fc988fb0999117f267e4f47b7cfd0c1fdb5c7c16c54f427,2b626112fc1cfc6240953f05616f6bb020a2cbef97e1864130a93f91887f4037,44da4316e4904fca8a62caa4709f5526753a618cee61a5717b78dc51392882ac
77,77,CU-101122|2026-06-15,468b30bd9f0973cff7e55c48e29208d7462cc389294eadd6aa6e62dc7f22e255,44da4316e4904fca8a62caa4709f5526753a618cee61a5717b78dc51392882ac,fcb93d7f59b95ef00a69a8a98099cef2c4a9f9c8c9b26aeaedb3bf26640ba322
78,78,CU-101122|2026-07-06,986e642c826a2d6d41fffdc48d856ef2cfc29af09999951ac2ee727cd92885e2,fcb93d7f59b95ef00a69a8a98099cef2c4a9f9c8c9b26aeaedb3bf26640ba322,b92ed756412de01513c9a7d62f5095556f06660c5adb57fb2f809ff8204288d9
79,79,CU-101123|2026-05-25,d7e4a74a0c378c3d1068d55d3cca6337b84d328bfa14561d239963deda9259f0,b92ed756412de01513c9a7d62f5095556f06660c5adb57fb2f809ff8204288d9,9a248b82cb9e5b2b044639f6a50dc3653ac10b98447bda5bb25d13faa6a40ca3
80,80,CU-101125|2026-06-08,035814431b89d3f80961493b532eb788f38f419269d1a479e49021248f639a4b,9a248b82cb9e5b2b044639f6a50dc3653ac10b98447bda5bb25d13faa6a40ca3,bc740924fae2743ab8431d7c3b44ad5c7deef8603273511179fc36abaf64d6c8
81,81,CU-101127|2026-06-08,261bfb18c52cfda8d9b00a16859afd84f23f1abf90bd05cb7680e634b9ed5941,bc740924fae2743ab8431d7c3b44ad5c7deef8603273511179fc36abaf64d6c8,38663f127ac91fa4c62a9caaa84328fc369718066fe90095b63e67c4a6551e2e
82,82,CU-101183|2026-02-09,4f269d6255a81237c4a74392c10cc265d1a332c3e583823c133f595e098465ac,38663f127ac91fa4c62a9caaa84328fc369718066fe90095b63e67c4a6551e2e,dcb0aef8e05b83c9f017b5748e16fa9e3c81c5480f11b14b54237ac922532159
83,83,CU-101183|2026-03-16,08196f8d8aebd351319b7abeec963466f55b4f15f8cfbafffe1e35d2065d7d53,dcb0aef8e05b83c9f017b5748e16fa9e3c81c5480f11b14b54237ac922532159,0512d05ea75897f9361c6572539c0e31783cd5b2d29ee393c0bba778705c4fa6
84,84,CU-101191|2025-10-06,288eb6b69850ac3a5a22c7f2b2338e1592c0abd04610d192bd47d2df74c01aaa,0512d05ea75897f9361c6572539c0e31783cd5b2d29ee393c0bba778705c4fa6,6d8e0142926232c8b5975472a9d98d15d288de797381f19fb68fed2ca200b67c
85,85,CU-101191|2025-10-27,d22c6f947670c6a57c21edf6e5f4ee31965a8f89df5b311787ca2383ca283675,6d8e0142926232c8b5975472a9d98d15d288de797381f19fb68fed2ca200b67c,47784f28f9f92b5fb1d60e34646a2cf7e7582ec2d4e9eccfaf2d6f8f67009b5e
86,86,CU-101191|2026-07-27,753a28b9c9f799e3c766c3e8e615379932aaccb5897094b4f81882ea1d84a889,47784f28f9f92b5fb1d60e34646a2cf7e7582ec2d4e9eccfaf2d6f8f67009b5e,f7aa9c6f1dbefe62e0a71156feecd8c1d99d8899d2923038b1c347eaba392057
87,101,CU-100350|2025-09-22,2890fdcff6110a850c0771ca4988bd4372a2c186cc4b54554de7ee5bc1492619,f7aa9c6f1dbefe62e0a71156feecd8c1d99d8899d2923038b1c347eaba392057,e3ba253130123c45f479eb01178aa7dd51cbe915cf668da53e69175f1f54fc92
88,102,CU-100352|2026-03-30,8f822b6bef14431baeb919f6db1686cf4ded0351c1fda6a32d821bb44493c874,e3ba253130123c45f479eb01178aa7dd51cbe915cf668da53e69175f1f54fc92,e3b06edbcab8356168eac4e90122b565fd53d14ded290cfa67bbfa393a7c10ed
89,103,CU-100352|2026-04-06,326a8c6830b08ad465584b4c6bbf72a8ecad12ca7b40e096f91b7b8479483cdd,e3b06edbcab8356168eac4e90122b565fd53d14ded290cfa67bbfa393a7c10ed,6325134fbe821d32d92da055f82d3c2c0b4a7f5c4042d6dc93e1becbc25ba43c
90,104,CU-100363|2025-11-03,5cfc3909300029e388e15a42732f9d942eb0567292f16e988e6d498ddb0dcf59,6325134fbe821d32d92da055f82d3c2c0b4a7f5c4042d6dc93e1becbc25ba43c,c2322a257e7e65505bb67010f58d0e41112dd4b289083cb6de0f3a6fed23c96d
91,105,CU-100363|2025-11-17,683a05654005bfea39bc4249caaae41bdcb2fbb9a5b2a662f2f2ded9a58bc2c9,c2322a257e7e65505bb67010f58d0e41112dd4b289083cb6de0f3a6fed23c96d,bc1e34193f739ba4e6db24fc31882617a73ee528367a1aaff832f1ea6497c266
92,106,CU-100363|2025-12-01,b4bde06cca79528a8348b1bc47a2878077aafe1d11c0aeaa048e716d9cea95bc,bc1e34193f739ba4e6db24fc31882617a73ee528367a1aaff832f1ea6497c266,2cc2fef3272ac00554ffabb8f4dd7b2c50623600a47f4c35c126570d1f051b5f
93,107,CU-100363|2026-05-25,a4d0dd232c015e6dfdecfa356e3bd58693fe2f7739f76256e380306a89952369,2cc2fef3272ac00554ffabb8f4dd7b2c50623600a47f4c35c126570d1f051b5f,71745a3bd2397b2de0d54d0c052642021b6bcd16bf1b24735b883ffa8519282d
94,108,CU-100363|2026-06-08,beaeb08f4e52c4d05b4a3ed8250b004a5bd589c1f85746e7495920659ecb0553,71745a3bd2397b2de0d54d0c052642021b6bcd16bf1b24735b883ffa8519282d,9d390ca8d448f2733f48c2b1460fcf57a5c1678c88ba33cbe5a65f59dd7ac13d
95,109,CU-100363|2026-06-22,9daaf83fc9157272835dc088a1d8232673c662ecd5f20188b67cc84b9b89372b,9d390ca8d448f2733f48c2b1460fcf57a5c1678c88ba33cbe5a65f59dd7ac13d,1cb90119224f8607dd1f9dea1c545e2b04e57b2bdd4174b0652038b2742d1cc4
96,110,CU-100363|2026-06-29,2bffdd5f1eb4eb430fd3926222d29fc75ed6276491bc4471b05f7184fe7a946e,1cb90119224f8607dd1f9dea1c545e2b04e57b2bdd4174b0652038b2742d1cc4,1d0a76ed19137344b04759a365913322df1749cc0ead085e7bea34dc59598085
97,111,CU-100363|2026-07-20,96cd52202d3bce2dab38a654846ee3d35c8cefe832bbd47ceca470e72628208a,1d0a76ed19137344b04759a365913322df1749cc0ead085e7bea34dc59598085,c05a53dee6378d319b15cc7ae4e0effbbe81b7921bf1aad4a21164edab1c5065
98,112,CU-100390|2025-07-28,0817e4de22e2d54db7edea29aa42c0dbb4a474502c9d84d7e5a2f549c28dcfc8,c05a53dee6378d319b15cc7ae4e0effbbe81b7921bf1aad4a21164edab1c5065,fb73e42a42a485417174c6a9384c503a21926bc7953f376968b20ec18d46a575
99,113,CU-100390|2025-08-04,12de8c51b9b9041bb2ab66d9eba428cb20cd9131347abca7643deb64101422a2,fb73e42a42a485417174c6a9384c503a21926bc7953f376968b20ec18d46a575,3fa72c830b24f9695c3fd125119784ce0b2684e05a8037849a3809f0e859e310
100,114,CU-100390|2025-08-25,a7acc330e6c0a7aa79dca048a2a3f148e087a507c41be9e66021cbe3bf19010c,3fa72c830b24f9695c3fd125119784ce0b2684e05a8037849a3809f0e859e310,9440a73f56dd4b8be3d7a37aba812c32b88b139e5fac22aac4b0748654248d43
101,115,CU-100390|2025-09-01,bb6b829bb91701898c9464e196d6a5247ffeea49377e22ccd5fef24220655ffc,9440a73f56dd4b8be3d7a37aba812c32b88b139e5fac22aac4b0748654248d43,bd2cd3f02e1f9fedea31ef4070d9e3e81b36de0dabca937db00bcaf5f1d6e8fc
102,116,CU-100390|2025-09-08,3d3eb622d5609dd125bc0cdb72b45ff642081c7d8ba3d6e5b8f7cb6093af3619,bd2cd3f02e1f9fedea31ef4070d9e3e81b36de0dabca937db00bcaf5f1d6e8fc,dc7ae9f710bb379ab55b5a10005478690209f39fd7859afdcc29a12c0c843d9d
103,117,CU-100390|2025-09-15,6d8ccc74030d7a1669d42108dd7e491c6da6fd18f3b5e7ab16491ee9b49d4f3a,dc7ae9f710bb379ab55b5a10005478690209f39fd7859afdcc29a12c0c843d9d,3ec007dee4258590b740d8d3260b48ebc0d4f50042b1ca25935004c141f18331
104,118,CU-100390|2025-12-29,3bc6db60648a23d4b9585a4ccede756404f24295a147cb87ce9fc7db209acbf8,3ec007dee4258590b740d8d3260b48ebc0d4f50042b1ca25935004c141f18331,d8f0cb2a0557600eb4f955a3658bf3793cee2d51503ad4a608cab9e65b80058e
105,119,CU-100390|2026-02-16,0c91c45048c0339ae53a2991ec25fe3066391e7bd6c4dcd322b98ce385144bc2,d8f0cb2a0557600eb4f955a3658bf3793cee2d51503ad4a608cab9e65b80058e,34a20d34b216557f36a6a629ef1a998fb38a303a3f96c5f2bbf6c3b893de0bb3
106,120,CU-100390|2026-03-02,64043524c40910aabe6245fb741226f566df01e7a455b38e96664c3482693293,34a20d34b216557f36a6a629ef1a998fb38a303a3f96c5f2bbf6c3b893de0bb3,c6e4b447e05e9f8c8361d89bee58d4b06c4f603126e60528ed7eaa4f7ce7c8b9
107,121,CU-100390|2026-04-06,dff50c2ef2cc3ac836474af89d3461ba08421f31e154b9ed29157487f516c0d2,c6e4b447e05e9f8c8361d89bee58d4b06c4f603126e60528ed7eaa4f7ce7c8b9,f2d8fd6c479095dd9427684cf85465c81219a9daae7b3cb2c625fc8c83264145
108,122,CU-100390|2026-05-04,dff5f526427c669f06e77706db4e82e9d74b4cec6cc2fb5f535dfb357cfc49c7,f2d8fd6c479095dd9427684cf85465c81219a9daae7b3cb2c625fc8c83264145,84575f2943450f7a299e9d6157e78b05aede1f3fc438c0f89c9f49f3066466ba
109,123,CU-100390|2026-05-11,87a4cbd66ea4aafe147284e956db690001de8c1af7e5f5393d892b555cdff884,84575f2943450f7a299e9d6157e78b05aede1f3fc438c0f89c9f49f3066466ba,a2c29f68b0a3a2229cfd808b316fe5805cce4a55d5540b00693e5daa4090c23a
110,124,CU-100390|2026-06-01,85feca6a65fc2982916474baccea6d16f66559d94a0939a182020f515b3407bd,a2c29f68b0a3a2229cfd808b316fe5805cce4a55d5540b00693e5daa4090c23a,48c5e4f2e30d083813f0768d6bb501ce63cbb52c074110f2bf8af0f0613abaa6
111,125,CU-100401|2025-11-03,def05a8696a29736fe065eaf80b0c68c2fdcafb28a2a5a4207ca589f40d53265,48c5e4f2e30d083813f0768d6bb501ce63cbb52c074110f2bf8af0f0613abaa6,9b5dbd1a2e95cc3d3fa16e2baddb2448430642c89b32b15fc5140a54650d191a
112,126,CU-100401|2026-07-20,b5c66f0fe25666fa6e67688c14ff2fe6d4d53e557fba94dd51097a6b01adce85,9b5dbd1a2e95cc3d3fa16e2baddb2448430642c89b32b15fc5140a54650d191a,8e75b22ff325ca45a8b1530aef1196d50d8855ecda8eed3e3c1ae96061839f64
113,127,CU-100401|2026-08-03,59c6aa9b6ce142fe347a52ee9e5e3d92881a98d8e79c94e3a1628efffa16ed7b,8e75b22ff325ca45a8b1530aef1196d50d8855ecda8eed3e3c1ae96061839f64,62a7805a71ddb5a64253f7c4fbadcdea589dbe4c377a2855082a41d04365929d
114,128,CU-100442|2026-07-06,9a6e1ecdbf54ba1689ce29d898f710a20061f7bf07ccdf39d545decf3c837582,62a7805a71ddb5a64253f7c4fbadcdea589dbe4c377a2855082a41d04365929d,c21ed924db3dc02df84f307e53f2441aa42bd8eeb725f5387b5311324391f70a
115,129,CU-100442|2026-07-27,3b3c4c3021cd6b3b7bc9a7770bf232c2da93fe1868c445ab2cd725e31aaba202,c21ed924db3dc02df84f307e53f2441aa42bd8eeb725f5387b5311324391f70a,d0e7f4521243f1ec8d285767c3ef9fcbcbc688d8628f254624ddfe8d3c22d93d
116,130,CU-100451|2025-12-01,2f30d7753528d171c6c8ebe81e04808e1ba543c517e26fc8672598978c7bfe72,d0e7f4521243f1ec8d285767c3ef9fcbcbc688d8628f254624ddfe8d3c22d93d,f969086d7f32a2bc7811888cd2a2d744e334f382a98a81ade0b20859136bebfe
117,131,CU-100451|2026-06-01,4b8e4b26613d893ff119ba39bc138b4d4d03f406a685cd690b46013af5f6348e,f969086d7f32a2bc7811888cd2a2d744e334f382a98a81ade0b20859136bebfe,d3278917ff3210f4b479c5fe8acfc6e74e02d88c5ef3e3a07b8932b5a20bb8c5
118,132,CU-100487|2026-07-06,da86441e2f230019e748b8b225d5fdd7d71d52c7bd3354c48710ac1108178dce,d3278917ff3210f4b479c5fe8acfc6e74e02d88c5ef3e3a07b8932b5a20bb8c5,b77e1584531c80900ba8d41a56e2e3e87c75186769ceac4cd1e8b91db4f59318
119,133,CU-100487|2026-07-13,88098b1bc1b307bcb4a9112df339cab3b32c8f9fb8ba6e2a27cb24be30db6079,b77e1584531c80900ba8d41a56e2e3e87c75186769ceac4cd1e8b91db4f59318,5ccc57c792dd9c61156461abd0ada6b3543bc7ce7c8ba50b4fd23be3c758a47f
120,134,CU-100502|2026-05-18,a36debbeea94afc808eea82234fa0ceeea9831c3317101d2afbfe58161a31ff3,5ccc57c792dd9c61156461abd0ada6b3543bc7ce7c8ba50b4fd23be3c758a47f,82375b19a0e447872c17494c5bd7dea7eeb646ea7684cb72fb8ccbe8177672bb
121,135,CU-100505|2025-12-22,3d5975c29ee5e325b0af65d6fcba5790c72743c4abc6e369d5843d7a1ee898cd,82375b19a0e447872c17494c5bd7dea7eeb646ea7684cb72fb8ccbe8177672bb,456afcaa25398cb06e3b2aefe51bd49b8f751ab7452c5742e274e0add87ea0a2
122,136,CU-100525|2025-09-22,eb47dbb267e844d2cae2a5d42fdfa289b10a387a06d6db90deef72cdec80c63d,456afcaa25398cb06e3b2aefe51bd49b8f751ab7452c5742e274e0add87ea0a2,1f10d129b16e71f1458585daaa85fdc9e8c566091fc82ff0bdd94f74df28023d
123,137,CU-100552|2025-11-10,3dfa21cfbbd92345636e59c8cf55adcdcf8da470cbc47f17cbb0f36bec7859ef,1f10d129b16e71f1458585daaa85fdc9e8c566091fc82ff0bdd94f74df28023d,6668ad42e8b94c74ca8759d167e82319e13d6e773a564b9542e00217ee2e5708
124,138,CU-100552|2026-05-18,c71e164d8cc998a189160478256063361302db5112c75501c4d5d08284d48ed9,6668ad42e8b94c74ca8759d167e82319e13d6e773a564b9542e00217ee2e5708,a4a8aa23748074525da03531287a0eb5707f3207c53267ecfd055cacce9ec91e
125,139,CU-100552|2026-06-22,f4e189d66b64091492823c4de1c8f53b581bacca5a8f320351c576dbf83c950c,a4a8aa23748074525da03531287a0eb5707f3207c53267ecfd055cacce9ec91e,309616ae2a6241d3e8d9f1d3c74a1383ba0c8058c529bcf1550f7e14190b95bd
126,140,CU-100572|2025-10-13,4530e6187b579351a21acc42656ac47a5ae15b8f3acc2d64d39c251ce08b4214,309616ae2a6241d3e8d9f1d3c74a1383ba0c8058c529bcf1550f7e14190b95bd,1b9ffce6e25379168fd3a2f93de4715f9d66b76cb3c16ae5cbe678257b109822
127,141,CU-100572|2025-10-27,e81fc3d0b02789635e144c247e385cefc812a631cdfb65daf40b3a2e426db43a,1b9ffce6e25379168fd3a2f93de4715f9d66b76cb3c16ae5cbe678257b109822,1c1f1029be58188096413297c99df617412eed12d0fd4685a9ffedcf195125eb
128,142,CU-100572|2025-11-10,22b2208fc3a3d791a40560596ea44770ca01d5493012a672f1fa9f1c742ee000,1c1f1029be58188096413297c99df617412eed12d0fd4685a9ffedcf195125eb,cda6860f81a545a5efc0fa249171b414ae8a9268557566e71c71057e1adbcfeb
129,143,CU-100572|2025-11-24,bc5b0389f7333f99f041bf7315dca21f2badf17738ba94f232bc301a7e5eb3db,cda6860f81a545a5efc0fa249171b414ae8a9268557566e71c71057e1adbcfeb,23c443e0fa475a063f3f1d3202134369bb37f82097c97481104bead5f3912c67
130,144,CU-100572|2025-12-08,157805c6c2e531484a09080760764f1c617ea6db1bbe45cdb042752fa7b059ab,23c443e0fa475a063f3f1d3202134369bb37f82097c97481104bead5f3912c67,c35e7cab80fe992cc1cab297f1b47460585aac36ed9615518b9a417ca7d0cebe
131,145,CU-100584|2025-06-30,bc72217af1ff99582d3a94e170772da5dc212dff18765bd7f0be39fa3c4533f5,c35e7cab80fe992cc1cab297f1b47460585aac36ed9615518b9a417ca7d0cebe,a6c62fc6408f9a3fb184667b33b0418422db2cd6458c09dbda04362fc0f2d23f
132,146,CU-100584|2025-09-15,4cf20c6689e8769a1e1d3b281db45b6750c57334a11c5251895dad998ec691c3,a6c62fc6408f9a3fb184667b33b0418422db2cd6458c09dbda04362fc0f2d23f,4e677b9e8e078b4c7f350250de3e6c0e9caf205c2f833a0ad43073ee406bacb4
133,147,CU-100584|2025-09-22,a4c1d880bd176fab87b09311eaf95fbf20cf9592557268d4db1e0d61d9a25197,4e677b9e8e078b4c7f350250de3e6c0e9caf205c2f833a0ad43073ee406bacb4,8b15fbab491293fdc0f962a266bab100cb68d53bc829e30dc71ca6e00da31428
134,148,CU-100584|2025-11-17,cc2203692fed43574249f36476c5485f53be10193878e85e2c821e3df957b001,8b15fbab491293fdc0f962a266bab100cb68d53bc829e30dc71ca6e00da31428,b69f6a801439705ffcb1251de79d084c7c9af4825d063c0fdf63cd06123f2193
135,149,CU-100584|2026-01-05,75e62768fc2e849875e0253d0a83323cf2e2abde6d13a7f2c7f4a24c14e7204a,b69f6a801439705ffcb1251de79d084c7c9af4825d063c0fdf63cd06123f2193,5353b074ba65716770468e11ed11d3fadacd6bfd4952f5ff5d6d8981a17a0cb3
136,150,CU-100584|2026-06-08,7aef14d1d281d3964d48a27370704008456f564bc831ee8a157610a6eb0aa4a0,5353b074ba65716770468e11ed11d3fadacd6bfd4952f5ff5d6d8981a17a0cb3,13e4b6e8f0c4378b031ca18437f3ecd862015c583540d1f83197eccb30964233
137,151,CU-100584|2026-06-29,dc24875853b189b2645a5644291b5cf735b958610f16ccc98fd602c84e464ad0,13e4b6e8f0c4378b031ca18437f3ecd862015c583540d1f83197eccb30964233,2ebe582739cdc276b011c72c6abf13f1f567b6f9e76efc86ee707b5f7bfa3128
138,152,CU-100593|2025-07-14,e1d6a1229fc7e9511e6f090246dd086c79bdc983458fd7c1ccfc477046607ed9,2ebe582739cdc276b011c72c6abf13f1f567b6f9e76efc86ee707b5f7bfa3128,b8088fea1ff8fc616ae548db86101f44951ad57778f29c5f6609440ae2767a24
139,153,CU-100593|2026-05-11,e97ad9d8c0fa0600d8919fa5c233fe84a4a0815b9037d463a9263ad17f4b4fe2,b8088fea1ff8fc616ae548db86101f44951ad57778f29c5f6609440ae2767a24,c9a825dee1d9babdb742f83ab55b7d73022bfaa524840338bb15f1746bcd053b
140,154,CU-100596|2025-10-06,d1d636c947d6e5f620629cf538a1289bc4b1952c60a6b689593bc19db313bff8,c9a825dee1d9babdb742f83ab55b7d73022bfaa524840338bb15f1746bcd053b,745238604545585ce743c8975f2901266820aaae8c02819a03a41a0f2dd81242
141,155,CU-100596|2025-10-13,aebc32ee3c2444532b14d647b461b3af4df1ba3e50334abcfb8b520a3f4c5972,745238604545585ce743c8975f2901266820aaae8c02819a03a41a0f2dd81242,143bfde58c3879602eaad1ea24e6848daa03636c58b7bec83373abd002a3f57d
142,156,CU-100596|2026-03-16,185e0cf4b2ed8c6c9d98225281d0c5a3c4199d42c9614b3a45730da67fd2eeae,143bfde58c3879602eaad1ea24e6848daa03636c58b7bec83373abd002a3f57d,5c1a1b1d33cf48703a292f5700696ee58f351c8aa52b70057a47dd41b0516d19
143,157,CU-100596|2026-03-30,7ad6ee1829d53fc7de3a5c93d340794cc6b9d29173540af80a7ade98f1f42ce3,5c1a1b1d33cf48703a292f5700696ee58f351c8aa52b70057a47dd41b0516d19,8cd0a79c8d09a295d5ea85e73586b9fd291cca06bc62ede4c9ae0ff5f0de3d65
144,158,CU-100599|2025-07-21,69a7b31a1a35c7c1a0d9937fc16c47dca00d24651e13e59ea0c82223beda3e0c,8cd0a79c8d09a295d5ea85e73586b9fd291cca06bc62ede4c9ae0ff5f0de3d65,d5997b7e4fdaa5007a2601e617be3b7cf51c97e420544b074de147e200f7619c
145,159,CU-100599|2025-09-08,c83f0d1b73fa6e0a993e5055563082e7780b67c3e73ce768aad8b5093b7bf8f6,d5997b7e4fdaa5007a2601e617be3b7cf51c97e420544b074de147e200f7619c,7a61579e6b4cb78a853cabeb43e6b0f648ac5b1d97481800be672517adf33354
146,160,CU-100599|2025-09-29,c42bed28bf90c99a02983784d84c21c04860a47ec2cee6e55791d9cc8958611e,7a61579e6b4cb78a853cabeb43e6b0f648ac5b1d97481800be672517adf33354,dca40db9003bd1a4dbd5a2880fcd2e53f5ef34258793ad91a78b85cd3655310b
147,161,CU-100599|2025-11-03,1dcfe418e6a26c3afc5b8f4a1fecef2f3989bf53a37f34832b94819199830d80,dca40db9003bd1a4dbd5a2880fcd2e53f5ef34258793ad91a78b85cd3655310b,bc82e2f958334ed820a94b1c3d993093dc50691393044b475553af4fcf782b60
148,162,CU-100599|2025-11-24,628f85b54a6f85f6ce019ceb58135fec3e6fdc449bac2d0d9b314a6f139cc849,bc82e2f958334ed820a94b1c3d993093dc50691393044b475553af4fcf782b60,72b10ad563935b5984eddfc2c754f5853e3ed5b3ef28d70a10714c3e1deb3ddf
149,163,CU-100599|2025-12-22,edb42106a7061744773eb0e9b517faa4b01594213e1c74ed301bfa74646478f1,72b10ad563935b5984eddfc2c754f5853e3ed5b3ef28d70a10714c3e1deb3ddf,83c4faf13defcc345debfd2eb4f0133b6b385db6cc097e65d245187bc3438b3b
150,164,CU-100599|2025-12-29,390f9fc14495b974280998515d650abe31a48d34c238c310747ba64fbdf158f9,83c4faf13defcc345debfd2eb4f0133b6b385db6cc097e65d245187bc3438b3b,6e181909dac79621307f95bbcd8e69c9707d6bc0d0fa37fc60444c17160e5fc5
151,165,CU-100599|2026-02-02,71806b27e8fd75737693a8ada406a63144cd23da0f8e64f27d54f21c7e43c9dd,6e181909dac79621307f95bbcd8e69c9707d6bc0d0fa37fc60444c17160e5fc5,f59bcea16cc7947453b35c2efd9aa440984375b2456885b3f68acd2c3b156ea4
152,166,CU-100599|2026-03-09,c71ad0e1057bbab5f2a4f11c0bfcf4e09fd3a24bdd1c953a6533078ce80bd968,f59bcea16cc7947453b35c2efd9aa440984375b2456885b3f68acd2c3b156ea4,0e304025f4ed2148fa2ad7840bc0036f5400edfb5f7732da264b72cc565fa921
153,167,CU-100599|2026-03-30,56925783137c487ea661362ddac33b7ee397710270fcf72b0d7d110c23d86a3d,0e304025f4ed2148fa2ad7840bc0036f5400edfb5f7732da264b72cc565fa921,4b3700c214fa32556d024d5ebad46faa480a26f50d0386badc7f7305bc6d8234
154,168,CU-100599|2026-04-27,09fb89e6166960b585addef00ff47b5da6e3da724bc44e8d57dbdd4402143dac,4b3700c214fa32556d024d5ebad46faa480a26f50d0386badc7f7305bc6d8234,8a541591526417d4d5aa8d3e2c45aab213c3f1696e2fcba01960a7516280762e
155,169,CU-100599|2026-05-04,a5274588a3db366e45f8f698d8f9c4d5f48669e92ef38cd66a544ffb042146a0,8a541591526417d4d5aa8d3e2c45aab213c3f1696e2fcba01960a7516280762e,cb293f9d1d06b732483b1175b6cbbf419cb7f5c6e362491a88c20e079a36421a
156,170,CU-100599|2026-05-11,a441a329b67da8407e132c7ddb0e64b9895acb8f26e72637fd3563844fd7c64d,cb293f9d1d06b732483b1175b6cbbf419cb7f5c6e362491a88c20e079a36421a,6041e3e4ce0c44b919ef011e57dcd9b719d832a33b32939bc2388f53275290fa
157,171,CU-100599|2026-07-13,689f4153c0d6edd78e8945cc753416ae62df1ed6a1023ef28249cb9a98b38cbf,6041e3e4ce0c44b919ef011e57dcd9b719d832a33b32939bc2388f53275290fa,2a673c4dae918abd8d542787b293e08c53b73a87c9c856c643703a9e57ccfce4
158,172,CU-100599|2026-08-03,c81f4e6ed1ff0c9ea8e4078c7206911492f361700923493b0a7f554e0039c438,2a673c4dae918abd8d542787b293e08c53b73a87c9c856c643703a9e57ccfce4,95257995daa120d8806c29182908ef274156e8b7556f767db764c01f2837be02
159,173,CU-100618|2025-06-30,a35a8bf735b9c9c3467165bbbfb653e520f8b4d1cb5c531ea1ef0029fbca7318,95257995daa120d8806c29182908ef274156e8b7556f767db764c01f2837be02,d8691aa84a099832b46b04566635e4ed58bff237979927763182abd569da4654
160,174,CU-100618|2025-08-11,0370ed672da2bc6cea0a435f8ad9dee9b8c42f79abe9ef9c73db9f7d5528d7a8,d8691aa84a099832b46b04566635e4ed58bff237979927763182abd569da4654,13c655a4de378276518330c4f5e86726f46ce7d3bcbb998f9d9868ef9bd538d7
161,175,CU-100618|2025-10-13,804037f1f37f87dc1c13ec983a972091845f48c340997a23757053c6f002c10e,13c655a4de378276518330c4f5e86726f46ce7d3bcbb998f9d9868ef9bd538d7,26e365752a16c3f45ced079f154d6a33c8ba9fe11ec9628ef0acc8df763d41c9
162,176,CU-100618|2025-11-03,7fa3d9609409967db5ff962e3c1fcac705ef5db3a0e01829c721e9f6f42a2b45,26e365752a16c3f45ced079f154d6a33c8ba9fe11ec9628ef0acc8df763d41c9,8407bca35af818a84b60d21b9c04f06426af28a30f221d727c251d5f1cd32a95
163,177,CU-100618|2026-01-05,68f58976916f93fb4760b8d76a06aad9183dedae1e328e8510f6746e75e3c21e,8407bca35af818a84b60d21b9c04f06426af28a30f221d727c251d5f1cd32a95,e44a6df5cee3918d1b4685644c60aff1df3f852a7c44fb42d34150277d3fb465
164,178,CU-100618|2026-01-12,2b5a857d28187897e6e4a7535f2f2c8815dc3af0d899ffadee96ac2a7e75b311,e44a6df5cee3918d1b4685644c60aff1df3f852a7c44fb42d34150277d3fb465,2e310b5966e97c5ca2ad94b66841a0e5c3df84936ef7c72138e20a8bceb468bf
165,179,CU-100618|2026-02-09,f88eea37cff6326245615f84f738cc933050e1f4a5af541f231e74360cea928f,2e310b5966e97c5ca2ad94b66841a0e5c3df84936ef7c72138e20a8bceb468bf,27a63d9a7b500ead4ec98d61a3efd3a0c97027dd7193b3a801003c824ba7605f
166,180,CU-100618|2026-02-23,56055159d86058df018624cee3c24991d7e846a114e74b699ed52c7eacec68a5,27a63d9a7b500ead4ec98d61a3efd3a0c97027dd7193b3a801003c824ba7605f,74bb96ac61f52e8fcaf848287db12c28ae5ae4196b7c0d95f4f64fe4fa1261c4
167,181,CU-100618|2026-03-23,0bab819b1541946e5846881af3022be320c95d7ce4ffc3b3e87ef8e984cd149a,74bb96ac61f52e8fcaf848287db12c28ae5ae4196b7c0d95f4f64fe4fa1261c4,649862d472b0164b66dae746b607729f12c01a2c26e387bc6b828c17159bf074
168,182,CU-100618|2026-04-06,e0ab11df6c856509eb8f7fd8de6681f25f42d352f54b3d267fbabdae4de55074,649862d472b0164b66dae746b607729f12c01a2c26e387bc6b828c17159bf074,ec93be6fdb892f16817b5772e1ebdbaf0132eee2c156215c798d0bed8494e1b8
169,183,CU-100618|2026-04-27,30afa593d55a5e75e50b5763f59080fea6c45d29a5ce4997a25c83519bb8b4fa,ec93be6fdb892f16817b5772e1ebdbaf0132eee2c156215c798d0bed8494e1b8,92f4dfb704c8f2e180d894504fa333315590824bb6bc3c49c8162f1f65417183
170,184,CU-100618|2026-05-18,8b887cd20c14ef2e78930c9257ddbbcf0a34465858ef8412211cf6e03ec83f0b,92f4dfb704c8f2e180d894504fa333315590824bb6bc3c49c8162f1f65417183,85a40febc292cd10089e1ecc07e8ec5d9309540edc5674540b09332383f2d172
171,185,CU-100618|2026-06-29,9371718df5db900fb5c225b0bd902c54d5e5b086a7439d4268534827baf91bf0,85a40febc292cd10089e1ecc07e8ec5d9309540edc5674540b09332383f2d172,990ae811010b4e0c4c5aba264bcb2bc115cd2be17c64549699b64f1bc72523c6
172,186,CU-100631|2025-12-29,e20f4bfcbc3e9aba171a5cf7bc5c0e846792f4c8c6c406bfb67100df2fefb529,990ae811010b4e0c4c5aba264bcb2bc115cd2be17c64549699b64f1bc72523c6,801118d6979967bf9db68efb98e93c68d14d78de25860b71d52303ecb1539f5e
173,187,CU-100120|2026-01-19,7349a342ffcb290064c2794b1b1483ed8c4249b3b3412f1a36aa92089c7aa6e9,801118d6979967bf9db68efb98e93c68d14d78de25860b71d52303ecb1539f5e,3d16d5eaff0a05a2c95e77e556ca97ad9dfe38ed788bb1878752c21624694e81
174,188,CU-100150|2026-04-13,32d998fd241cd3c8b70a216e4ad9e85b4934f6fb497cd5fe2a56ba194c4583ab,3d16d5eaff0a05a2c95e77e556ca97ad9dfe38ed788bb1878752c21624694e81,21a1affe4d7015f9f493ff526e6428b2513812356240ded6e4ac0f7de9634eb0
175,189,CU-100484|2025-08-25,58578c7e8ad70629bf607126d57aafa70684a4aec9a9c62556e1b904c3d8db75,21a1affe4d7015f9f493ff526e6428b2513812356240ded6e4ac0f7de9634eb0,7c7c42fac0b96eb88ec101393efd09a73430d005fc15b75ac510c173d356e76b
176,190,CU-100793|2026-03-30,bff396ba49f78913d8b3df83a4aefe2b35e2d6800aac54cf7fe727a92b4c162b,7c7c42fac0b96eb88ec101393efd09a73430d005fc15b75ac510c173d356e76b,0fc7791563b02daf0d072483015d6d05138ba146899dedad1b72fb787a7491fe
177,191,CU-101011|2025-08-18,665043759f3b5542c3744524aae3fa48dcb61a8cc076c97865c995a6fb08dec6,0fc7791563b02daf0d072483015d6d05138ba146899dedad1b72fb787a7491fe,3773d5b6f655ac9e87c6b501aad16b88835264d91160091f960701609332b150
178,192,CU-101011|2025-09-01,8f5aa2e1375c796619b10c5da4fcd2868804c744cce4848b880152631e6e4aa9,3773d5b6f655ac9e87c6b501aad16b88835264d91160091f960701609332b150,1b622d5ac673cb74c05f5504709d68029f9a43d94e62a4767d28a7de7a2b0bbc
179,193,CU-101011|2025-09-22,6c1a1de6d3d055a5751ff843729b55bdf8be65f6fef3d2a1e2698a3ceae165e8,1b622d5ac673cb74c05f5504709d68029f9a43d94e62a4767d28a7de7a2b0bbc,2cd3db7a44768c5c91016cea00ffa3550c70d9563f4e374a1095a16f1ea2fcf9
180,194,CU-101011|2026-06-29,3d9d3821eb965f260ced7625d7182ba46cdbdde39e763e4d521ab1b2a1da1d69,2cd3db7a44768c5c91016cea00ffa3550c70d9563f4e374a1095a16f1ea2fcf9,47d2e3383093fa9d511e8af84d9daf4bfe58fbf0e76a33724b17a87c65c9110e
181,195,CU-101011|2026-07-06,4409f356ec73b759b60e383b3bdd91df8d64f61afdf6802e5e20e0bcd8bf43a7,47d2e3383093fa9d511e8af84d9daf4bfe58fbf0e76a33724b17a87c65c9110e,1a68e372e853a0e9b488ee5cc4c656a7cfa4d17bf92e47aaf320c30bc8c87801
182,196,CU-100484|2025-09-08,83be351a3215746d4bbee3fa45d635f73b6b66a146dedfae5e97df785cb94f81,1a68e372e853a0e9b488ee5cc4c656a7cfa4d17bf92e47aaf320c30bc8c87801,63450b68beeeed8cc3acd386963501404e135b50708e84f9bcc24f4b4cc24599
183,197,CU-100044|2026-03-02,8a8c490b586a47c37b2294520c74ed0bf1a2a325f4a50492e560e36a829fbad9,63450b68beeeed8cc3acd386963501404e135b50708e84f9bcc24f4b4cc24599,5461403c38745dc2151f40f07e38b9ab8149d7ef8af6a654e49f38197b1ea03d
184,198,CU-100047|2025-11-17,70df5e45efcf0f701fd20b64c76580c571c698075edda0fabfe409090c5e1ec5,5461403c38745dc2151f40f07e38b9ab8149d7ef8af6a654e49f38197b1ea03d,378541e2102edfe2c5622f955345bcc166cd8c2a6df743bad4e229a79ddd7cf2
185,199,CU-100047|2026-04-06,bd75d6a1ea2819c700164c0b75f7c13874d094ad4cbd6f4eefd2c072d1d22685,378541e2102edfe2c5622f955345bcc166cd8c2a6df743bad4e229a79ddd7cf2,1df3bcc08e79020a2dff608025274e63790b196ce8c4c1d090cf771a24f259a8
186,200,CU-100047|2026-05-18,060ec93bb2ab1b3f5835d90ab7dbab7863e1c58a4e2113cf878ab469d5a8e15a,1df3bcc08e79020a2dff608025274e63790b196ce8c4c1d090cf771a24f259a8,67f1c247be8d9590215d90fff8b7b6ab9aefbc9145635276fdc37976595493aa
187,201,CU-100047|2026-06-08,de83b21fc012da8143558a0174b062fddb818da8fcb7e7b9d3207e3b451b544f,67f1c247be8d9590215d90fff8b7b6ab9aefbc9145635276fdc37976595493aa,07386849a563129b7e5a951831f1fb2bc4ad7bbddb81114f425fc8bf4d169e89
188,202,CU-100101|2026-01-05,e1bcd73d338c00b943405b8e13e695d9367ff7d74232eb65508658c2f6aad0da,07386849a563129b7e5a951831f1fb2bc4ad7bbddb81114f425fc8bf4d169e89,4226accd4377937bdf0009e7c1e0f857c8b414104727aee9cddde5615a1cb3d1
189,203,CU-100101|2026-01-12,a6f2be61234d31e6b0f865e38c185ed0d2f8116e3a36ebabec5d54be7b96021f,4226accd4377937bdf0009e7c1e0f857c8b414104727aee9cddde5615a1cb3d1,8d29a5ee9f8df2d6c93134f792c63b03c078ee4f496e0b71aba5752d6f19efa5
190,204,CU-100101|2026-01-19,9fd91b53b603ff925410cb6ce0dcda4babc605c3bfc41befc875c8b2c87ed378,8d29a5ee9f8df2d6c93134f792c63b03c078ee4f496e0b71aba5752d6f19efa5,f7185f7648050ffbe2d04c8cdca53276abd8f13d367240e37b5392789cfb13ef
191,205,CU-100101|2026-02-02,5c85d59ff50875fae943ce1469500a169ba03e78688f7b5a6d27777f3ce28829,f7185f7648050ffbe2d04c8cdca53276abd8f13d367240e37b5392789cfb13ef,306e4aea34980393f1fc8ec2e9dc7399388152f8e40b329260be9c6268585dc6
192,206,CU-100110|2025-09-01,4ab88bce0f937c1657b219e4f063d86c36db9825546a9fd819bcd8c20c113557,306e4aea34980393f1fc8ec2e9dc7399388152f8e40b329260be9c6268585dc6,000dfb53a4bf444faa3f0859bd430c66385b9e56d9eaeb58394bed11bec06e33
193,207,CU-100120|2026-01-26,a460463016b5888bfa171de861f71eb1b95db3fc55f7deff6be1afb4eb1729b8,000dfb53a4bf444faa3f0859bd430c66385b9e56d9eaeb58394bed11bec06e33,730e020b96818b8cdae4297bc6eb357be5e4602fd061a7a43d12c8e22f1f8452
194,208,CU-100120|2026-02-02,ecfcc5d92b1bfef1892f6379baec8a6cfadc8c010384175e0fe58a5f247b9df2,730e020b96818b8cdae4297bc6eb357be5e4602fd061a7a43d12c8e22f1f8452,27a70e63b1d3d52bf9a974ecbeb06efcbd8c13570658a4b1b85733ffc553a20a
195,209,CU-100120|2026-02-09,95a6107ea6bb06da29521978fa7a145133b26058b8ab0e501c633e9cfdc3faa3,27a70e63b1d3d52bf9a974ecbeb06efcbd8c13570658a4b1b85733ffc553a20a,4fcfc9805389f4629eb5d7c0bc14b185e4a4b2638d93784e8ad7f526d46dde10
196,210,CU-100120|2026-02-16,268a31415dc90153d31da75771ef0d555386111e923a978f105ee8da72016808,4fcfc9805389f4629eb5d7c0bc14b185e4a4b2638d93784e8ad7f526d46dde10,1ce34a4f90dd485963ba660fb5a203da7378ea937bba22c7551fd7cb71d08255
197,211,CU-100121|2026-01-26,18ae57c5d98655444c31788cf6f5ede3c897af269a25386d8c8b5a2a24eab497,1ce34a4f90dd485963ba660fb5a203da7378ea937bba22c7551fd7cb71d08255,16478a8bdb661a9decea10701e4cc7b6209e65519d4151a64478100b3a0a5425
198,212,CU-100121|2026-02-23,c88ea1cf03c727f5f4cdc471e9dc341f33e142a456b156c4c8a94b405d3d65e8,16478a8bdb661a9decea10701e4cc7b6209e65519d4151a64478100b3a0a5425,c79d6b23f4f2fbda948a2b805454b2d1984c5ccf61c16e92ac21e918cd2dd073
199,213,CU-100121|2026-03-09,6c72b265d465af662423705f7fa24be31cf112866563a29c0048526a356bb1af,c79d6b23f4f2fbda948a2b805454b2d1984c5ccf61c16e92ac21e918cd2dd073,7b85005d2b5acf5da86af3316723143815d4b846a75af029680f82cc9a8eaeb7
200,214,CU-100121|2026-04-06,ffb6fa962ff22f752b0f3a1496f4e90699b2d69a7f30ebde8c3d38a9f793c667,7b85005d2b5acf5da86af3316723143815d4b846a75af029680f82cc9a8eaeb7,9faf6f5b03fa8026d1ed5b8e25c63203bf9ca3c5a74b14cc7bc2345954e42d2e
201,215,CU-100124|2025-12-29,7f712abd0a686c46b3246818253e55884e89555a9cf3285c658a088b1c21dc66,9faf6f5b03fa8026d1ed5b8e25c63203bf9ca3c5a74b14cc7bc2345954e42d2e,df1e225e8c5dc918c33796bdc1fcffca3b3252cb9abd7edee69f06683145eb85
202,216,CU-100124|2026-06-01,2e6d4ed93fdaeca3c48988a3bd6d35e93f11341443685a149d0c88023d395e82,df1e225e8c5dc918c33796bdc1fcffca3b3252cb9abd7edee69f06683145eb85,12bdf4c94fccdbd48915ddd8055083e23a411757c21c1314397e8a56e88fdb9c
203,217,CU-100150|2026-05-04,ba3e7b08a1c628cbec4835db35c1dfb53c7c072a27650194b65b1bb69f6b7087,12bdf4c94fccdbd48915ddd8055083e23a411757c21c1314397e8a56e88fdb9c,4a1bef2aa7102549df577163ba8d5b3813ccae6d0512edce5f08ee41c2a7311b
204,218,CU-100165|2026-05-04,06c9f956a36cb733ee4bb2c20da8baf630d960f3675536213203db141e77b416,4a1bef2aa7102549df577163ba8d5b3813ccae6d0512edce5f08ee41c2a7311b,6d2f2383e5a6bfab31845ac993c5603a3a3c8685c57a2a81890657b180fb5643
205,219,CU-100166|2025-10-06,2359c14b7cd7e07dbef03818bbe798edaebea3013ce770008199a774a4106c91,6d2f2383e5a6bfab31845ac993c5603a3a3c8685c57a2a81890657b180fb5643,d1f8b9c31c77823a890f8100ca656f3b7aeb3dbf602e39fd846a0d3360599587
206,220,CU-100166|2026-03-02,598c0cef03183468ead86f1509a92115fbce9ebaf4de8e1382ae77d3519b710c,d1f8b9c31c77823a890f8100ca656f3b7aeb3dbf602e39fd846a0d3360599587,75510ae05948ce697f9dbe7c020ef28839d3902ce4c80eb98e493a0f8634e359
207,221,CU-100216|2025-07-07,83926e31f1348a4608e6f1dc2d668410b11dd62238ac06e261717813e2682ca0,75510ae05948ce697f9dbe7c020ef28839d3902ce4c80eb98e493a0f8634e359,05c6625ea0a79a88f171125361360e2722157f546975af95e88dce7028318e80
208,222,CU-100219|2025-09-01,1f21bae3112fbc9ec76966aacdcae6a44ab9fdec6383f1e48c95fb15745249bc,05c6625ea0a79a88f171125361360e2722157f546975af95e88dce7028318e80,b0e1b8f41a133659d15822b250b242eff0abc79f0914db2eb423105c92a6f862
209,223,CU-100235|2026-02-02,fdd43d14f970a15bef2bc8b239238fd61130484bed4b2da3e9f0c978153fae4a,b0e1b8f41a133659d15822b250b242eff0abc79f0914db2eb423105c92a6f862,a7c4eecd31ea5a7de6442aaea58dce228dac4c4b2db1a33306d4c33410a14b5b
210,224,CU-100271|2025-06-30,422ce76a05582f1022ec7029ebe2b7598e6743cf18bddc9bcd04db9f27d17462,a7c4eecd31ea5a7de6442aaea58dce228dac4c4b2db1a33306d4c33410a14b5b,6d4666d7ecd8f615f02085e69f3cfe6300254281ba8874a728f307da1c9080cf
211,225,CU-100271|2026-04-20,9a37bd61c25377298236c61a104fa3b0541099751b93ee30637ec6aebe93d6bb,6d4666d7ecd8f615f02085e69f3cfe6300254281ba8874a728f307da1c9080cf,6d11d2993f85b4b36ee72b1410d00dec4086446057db636a19d052772ec35279
212,226,CU-100271|2026-04-27,51796256c22c11bea14e3d8a6f6e7ee3a9314002bf9d02b649b04510bbd88e1d,6d11d2993f85b4b36ee72b1410d00dec4086446057db636a19d052772ec35279,e87faf061a8b9a5f8038eb30d8cfc2b021a9e0da4f5fecc5bce666bf2b4074aa
213,227,CU-100271|2026-06-29,fdf48bc4790571204936a574c7e96ac4f2f2706deb5b50e8230d607e5ee6282c,e87faf061a8b9a5f8038eb30d8cfc2b021a9e0da4f5fecc5bce666bf2b4074aa,cc3a9ed5e013ca8341af751ee72d24a6a0700c99a594676337c7fb3098b2387b
214,228,CU-100271|2026-07-06,42a2ee013f200687dc9070d25f9bdaa78959d1cea78c1932631432178215ac1d,cc3a9ed5e013ca8341af751ee72d24a6a0700c99a594676337c7fb3098b2387b,4af0f971dd0fe58f49880030a87817ff5c0a410c69a56ca2905e0a3da2040da0
215,229,CU-100319|2025-06-30,05415de03762be08658cf1ed426780b75041186c93891b7708f688331e66a5f8,4af0f971dd0fe58f49880030a87817ff5c0a410c69a56ca2905e0a3da2040da0,ba1687995fc99d8243216e5d3a587f2f21ee7d8c298dcd6a2b275124d1b3531a
216,230,CU-100319|2025-09-01,eaa3cf88f112e46dd858ff94cbe7b3c9634fa4f82146a48ba51639842af29d5a,ba1687995fc99d8243216e5d3a587f2f21ee7d8c298dcd6a2b275124d1b3531a,331aef827a55a8bb66ae612794e3a5b9908eb6139277b0f2e044d835b2c731e8
217,231,CU-100319|2025-11-17,d0aba882fba3537d02b4e926360b98803423323710e866a5c1480a0635853610,331aef827a55a8bb66ae612794e3a5b9908eb6139277b0f2e044d835b2c731e8,8bf89457c47e90924c3fc7a9b76e246b1e0fdee242d45b23eb4566896961edfe
218,232,CU-100319|2026-01-12,8903170ee7a6928caa57bc53c7d8233ac84c6300a793e6fa604d4ae1fa0ac242,8bf89457c47e90924c3fc7a9b76e246b1e0fdee242d45b23eb4566896961edfe,3e38be9427d85e82f218a7e84a90b570fbae267c6fc3e7f1fb5b6d0cff7060ab
219,233,CU-100319|2026-02-23,7e6169310b58361b5bc986c44dc35398f1b4505a147a4906cc3a03119bc72871,3e38be9427d85e82f218a7e84a90b570fbae267c6fc3e7f1fb5b6d0cff7060ab,66fc72ed63542255bd98b25eb05c5360951158ce01f04a079be402b38049b3c9
220,234,CU-100319|2026-03-30,07ecc4046adce4b66382c7326afa8e0a0f423c8e5ad321637f500a9a0e0ff4ce,66fc72ed63542255bd98b25eb05c5360951158ce01f04a079be402b38049b3c9,5f98dbb7603b107eb309d244ebb23c55856b3b647996d10da5618cfb27c4ba6b
221,235,CU-100319|2026-04-13,9221166601ea9557d5df7108ab5c41175c4679cd5ac1631aec3390294d0e6b43,5f98dbb7603b107eb309d244ebb23c55856b3b647996d10da5618cfb27c4ba6b,f4395615789044b7bf7563e44f9b2748d5069f26a03a7cb9763747b1d05fd637
222,236,CU-100319|2026-06-29,5798f47173c4ec477e07d2b65ebb426faa6ba3bed01fc17ae3b9ccfeaef42af1,f4395615789044b7bf7563e44f9b2748d5069f26a03a7cb9763747b1d05fd637,5bfc48101b3eb4cc4f8ad25186b4adc1375d6b446ec1e5d83a04c74e6bfe3468
223,237,CU-100319|2026-07-20,85740d65b703636de9f4782d7a66a9f54d9c6e9a27855c705682e7870bdc214e,5bfc48101b3eb4cc4f8ad25186b4adc1375d6b446ec1e5d83a04c74e6bfe3468,6a914455f1cfc4bdeaee8bef84614c5800c94161cc876a8bc18a0f87c06c087d
224,238,CU-100344|2025-07-07,2d937520e0685be3d2ed5f5b43dbcd35bc2da049c70c6447fc208bc1a9a8a2ab,6a914455f1cfc4bdeaee8bef84614c5800c94161cc876a8bc18a0f87c06c087d,43cde196dd2e63986e4e60cbf57d16bc1657916bb5f2ade729473da414c19c2f
225,239,CU-100344|2025-08-04,a3aa7d61e01611e0638d653c605e1fc7d2b46a489715699a14eb2b2f2d0e069e,43cde196dd2e63986e4e60cbf57d16bc1657916bb5f2ade729473da414c19c2f,6c3e9e9a6a944a6367ed687f593911cc646e3a598ccda91cbf33e2f288737082
226,240,CU-100349|2026-03-16,b0ffce6f050d5adf1780b1b21d3aada278762f31f8a7e3dccdf3ad62f0a8d140,6c3e9e9a6a944a6367ed687f593911cc646e3a598ccda91cbf33e2f288737082,dda5cc428cc9bd9c25d1ce7a43d46df64e9118cec9e6ff0babd0bad4a7c28f56
227,241,CU-100352|2026-03-09,c5dad758e7dbf05044c32643d1c9ec8da4c54911f6abb36f7cbaef74a745937e,dda5cc428cc9bd9c25d1ce7a43d46df64e9118cec9e6ff0babd0bad4a7c28f56,2d1ce162668bfa42cf23f0a072d32058190e13508360b7d951eb48608ff0aca2
228,242,CU-100363|2025-10-13,14a17b4da69e7df08427418bf30dfd9c523451cece30689ab54096e3a89907f2,2d1ce162668bfa42cf23f0a072d32058190e13508360b7d951eb48608ff0aca2,a2d7f54ed91f6cfb6e4409288de94c30465e344bd095a14a201d6b715d18446f
229,243,CU-100363|2025-10-20,5739b515fe768777c4c6fe6620d9865891fa13fa626d1ed61be4848c65e5e3b0,a2d7f54ed91f6cfb6e4409288de94c30465e344bd095a14a201d6b715d18446f,8725d0ff3130be5c45f9a3bcf7bd1f560c4d40fe837123a4bfce8b949023973f
230,244,CU-100363|2025-12-08,bd40e067b64961be6e17d9616e709de9634e83d857bd84bdbf7abbe81b14998b,8725d0ff3130be5c45f9a3bcf7bd1f560c4d40fe837123a4bfce8b949023973f,8b4ab00b87afb6687ae0db5ce3fbb1623f7f2e7a8ec853e092fbb934e08afb42
231,245,CU-100363|2026-07-06,576a523c4527d92b444615124513c4424fcb6bed25aac4f9643725927962ffbd,8b4ab00b87afb6687ae0db5ce3fbb1623f7f2e7a8ec853e092fbb934e08afb42,f6ba148a5382f131c8af655787de62861012a4ac710a536cfbd00c9f91680e77
232,246,CU-100390|2025-12-15,ba269bec2db07eae9ac33897afe95d30d876798456d31f6a75a6d9a05a19f8dc,f6ba148a5382f131c8af655787de62861012a4ac710a536cfbd00c9f91680e77,dc08736008d8982ccba4fbb88c97a75aaa80fedd5e5e605a6281becd2f4ad8d3
233,247,CU-100401|2026-07-27,af7fa95b1c304731654fa5e5307ba90da70406a6c2571e9f8c474b6de99dabc5,dc08736008d8982ccba4fbb88c97a75aaa80fedd5e5e605a6281becd2f4ad8d3,c0de5d552db01b57b3ddfe95c688c60b4605c92fec321ff7da6c145026fdfbc1
234,248,CU-100484|2025-09-01,a8a68a875b708f7f82d0978c33f663af515210e3a5ce8b96b1c378daff5bf35c,c0de5d552db01b57b3ddfe95c688c60b4605c92fec321ff7da6c145026fdfbc1,5135ffb4a4562c3780ac349dffd4ab36d58a0045ffad24732e4eb65628973e82
235,249,CU-100484|2026-07-13,8693aebcd597f140f86ab75ea7634ffb96572af6272390186c58748df616bd8a,5135ffb4a4562c3780ac349dffd4ab36d58a0045ffad24732e4eb65628973e82,5afa9070204da6df91f0a2c3c2c7defd1e539ec40dcc6d87a26407557740e07b
236,250,CU-100552|2026-06-01,ef5b9237ce1fa2a9380917b7e9502f9937251368f8aa2cb712b0b03950f17413,5afa9070204da6df91f0a2c3c2c7defd1e539ec40dcc6d87a26407557740e07b,292681242d5e2deb5d5fa695bc804f84dc53dabc70f3f91042a79a81af4cb795
237,251,CU-100593|2025-07-07,44effc16fc31c93774ab724400d5c844bc137fb53455b8f58aa0c933d4ce2529,292681242d5e2deb5d5fa695bc804f84dc53dabc70f3f91042a79a81af4cb795,23e3dfb8675e01a6ab62d7707c6838d82f343eb89969bde9749c43c03a13f502
238,252,CU-100593|2026-05-18,71963e240578e1a1081871770b810b58ed01dde7613a6508ee7855176e6d3edb,23e3dfb8675e01a6ab62d7707c6838d82f343eb89969bde9749c43c03a13f502,1533cf0cb7b94f802fdfb74d04cf188349628e1c5c26eb588d674d9d97521ad3
239,253,CU-100596|2025-10-20,f4a2e59ee5946304737c33df99b0bdc9e3222fad0153ffb8c9f0a63625368f53,1533cf0cb7b94f802fdfb74d04cf188349628e1c5c26eb588d674d9d97521ad3,cc8f9901e7d1971cc9cb3e9f44e35880c76b1aecd35d31412130a4ce8e08a3b5
240,254,CU-100596|2026-03-09,bec7817f5aca35f7a95134d59da9b5caabc26e1dc562a0790ef2cfd0a3ccb465,cc8f9901e7d1971cc9cb3e9f44e35880c76b1aecd35d31412130a4ce8e08a3b5,bdd36e090f4670cc374130ac8e090025afa8e8070cce8136306ca4892a4886d4
241,255,CU-100596|2026-04-06,b6831b77bd29101f2568b71d7def756ed6003605a0b503f2e2e9bea2993ce25b,bdd36e090f4670cc374130ac8e090025afa8e8070cce8136306ca4892a4886d4,23cdab6d35d28f7b05f24a33f13509fda1cebcb93c2fc552d16f8c1bd1160786
242,256,CU-100599|2025-10-20,8fdd4919998b3f3d256f85a6f83dea327746022a3f458a906cb285d07b5bba81,23cdab6d35d28f7b05f24a33f13509fda1cebcb93c2fc552d16f8c1bd1160786,54ae444505f2d76c1c65ab23b57e1e37ec349e2f1b4b3c68866b7ffd6092b516
243,257,CU-100599|2026-03-23,be076400ead5de54bd0a81534b55f3bec403149b6547f2ea58c5a9b604e9301b,54ae444505f2d76c1c65ab23b57e1e37ec349e2f1b4b3c68866b7ffd6092b516,90597566e30a6b9ca2261df7d42db8cf073fdd836f7f298727fd4ff069d201d1
244,258,CU-100599|2026-04-13,75c6e34693a9e57dd3054e31018b6088895afb8d22bab5da72c6619aab1d1642,90597566e30a6b9ca2261df7d42db8cf073fdd836f7f298727fd4ff069d201d1,efa8f34393cb39b3a9829f5417559795e4a67a053ecdbcee71e8e8d5fd45aab2
245,259,CU-100618|2025-12-29,2ab2c13cfd20a80e51f4f50afbe6fa8c1175501798f30ba03b2e4008fa0a8ebc,efa8f34393cb39b3a9829f5417559795e4a67a053ecdbcee71e8e8d5fd45aab2,cbc10c3e1d4976e3dedec1c816d11ef6fbf086d00d6a9eb86d94167d65e3bde3
246,260,CU-100618|2026-07-06,6a86f4fbc759e3a8acab9e1e1df458432e5e7475ec4665fe862775208a2eca6f,cbc10c3e1d4976e3dedec1c816d11ef6fbf086d00d6a9eb86d94167d65e3bde3,b3429ec4e6c644dcd108e19af377c762b47217d382439fdf2de6c53502d38795
247,261,CU-100635|2026-07-13,4b76be2bd06e52c5594e9da704286b06f487a89d0d106bd9c4bea4393835d34b,b3429ec4e6c644dcd108e19af377c762b47217d382439fdf2de6c53502d38795,3c10e850f886a0ac7116650e8fc828b4be3ffd3029ed7e0269d53a7a94b48e29
248,262,CU-100635|2026-08-03,78dfbf06c6cac92a5e73f737825493c18f7cbc5cbc4239dfd76e2081a224c269,3c10e850f886a0ac7116650e8fc828b4be3ffd3029ed7e0269d53a7a94b48e29,a51f24562c15edbe5182b34139d475152bea1f2f0a176e0420243f98cc609425
249,263,CU-100666|2026-02-02,f5f4b2a920d7a9c69c57c83bd4b162bc89735fa584f7adca55e6ad7b44374add,a51f24562c15edbe5182b34139d475152bea1f2f0a176e0420243f98cc609425,ec4885a778e6890e9e7de490271793879013be7d120db2e8f5304291286651af
250,264,CU-100705|2025-10-13,03ddf61655578c351d157a934fc88b0ea29b51c7380e3455413a2ac85eaf05fd,ec4885a778e6890e9e7de490271793879013be7d120db2e8f5304291286651af,99c75d72a610f11bfe0223a0187a4ef14d5509ad2732deff0b36398419595db5
251,265,CU-100711|2026-06-15,672d62d8733377beed761d56c2749c027a7be171da0a577989d9f76e4e65e0c2,99c75d72a610f11bfe0223a0187a4ef14d5509ad2732deff0b36398419595db5,7f83830dbadc62bac2226af8e121e4af79bba434b65707cd8f8b3820b1fd6bda
252,266,CU-100711|2026-06-29,6c9264785fa0c4c24b82e84d6c725460529f68535865a519a95f3ad0ed363e53,7f83830dbadc62bac2226af8e121e4af79bba434b65707cd8f8b3820b1fd6bda,eae52d2835e18048017df41ab9d52ed4f37a395dea112532622217183542ed07
253,267,CU-100711|2026-07-13,bb7da2610b0eb079805e97c31ada9d939590cff2a483682b3d3dd0e1011dafdb,eae52d2835e18048017df41ab9d52ed4f37a395dea112532622217183542ed07,fac6dc5bb16e6e3cc583683943e0362cd2e0ae3bac6186fba91d7bf78466d255
254,268,CU-100714|2025-11-10,8d5445270149c677662eadcd5e7eaaa73c34983c2616ce253359777fa8aec6f9,fac6dc5bb16e6e3cc583683943e0362cd2e0ae3bac6186fba91d7bf78466d255,36dfcc6762d9a26500bad44e0413086184a6e64a6713db0b9fbc64e9928710fb
255,269,CU-100714|2026-03-09,92308a34513ad9954889e47b8deb46aa4b119193137407fc022909df4590b1d5,36dfcc6762d9a26500bad44e0413086184a6e64a6713db0b9fbc64e9928710fb,a493a21d837f4a1ad3887f84987efa3bc613b59ea35bda118a83c08761dd5201
256,270,CU-100774|2026-06-22,023209e2f38acefeb94921d258f5b58e220c79f459fd14b03350b9f74211d78d,a493a21d837f4a1ad3887f84987efa3bc613b59ea35bda118a83c08761dd5201,1a75ddf761de4177e8bfd4ca5b63199ce03ca6a97d5402382a5d2f91fecf298b
257,271,CU-100793|2025-08-11,d2888ed6e2fc3243e6cbf7ad0bf38260f29e743fd3ee486176b11de9f52aa5e9,1a75ddf761de4177e8bfd4ca5b63199ce03ca6a97d5402382a5d2f91fecf298b,f0ebb9c42eca9373ef529c97c801edc5ef05ec45424b6c8b1ed93ffec4197422
258,272,CU-100631|2026-01-26,f0a64e4c2da8bb6ddbe5123ce2107a05caca97b455bdcdfec749241143420ad7,f0ebb9c42eca9373ef529c97c801edc5ef05ec45424b6c8b1ed93ffec4197422,639e9724e7a898be5831df3d6ba24e15fcc579009707a0ddd458c9077f15832c
259,273,CU-100631|2026-02-02,710ea5cd055819324c86878a12bb2693e2f390cf670542ecdd66d3bfc5932a06,639e9724e7a898be5831df3d6ba24e15fcc579009707a0ddd458c9077f15832c,2cb9f1b6a9c68f137e68590ecf4f32a06826c51e93848cde967a88af7e6d8147
260,274,CU-100631|2026-06-01,2e57a2db6cc751f076d4c7ff7b64b255cbd313fcd76e6b4e24254511b60c7ac7,2cb9f1b6a9c68f137e68590ecf4f32a06826c51e93848cde967a88af7e6d8147,a832970fd07fe41d166b295031dd3e23c93d41b9889c263e0ae01e8d87416e80
261,275,CU-100631|2026-06-22,5a6b664915d4c5f112a525c55c78f7e394c04b3017a5d7870994eba7e6689a91,a832970fd07fe41d166b295031dd3e23c93d41b9889c263e0ae01e8d87416e80,fa9abdfbb172d711b3ba968e1bc36955bc3a81c61b7af1754ff8e9c3c36eeea4
262,276,CU-100635|2025-10-06,a01eeb0f6a20171ef175064116538a42ca5beb7ed66e5a251bf4763f35fbd0c2,fa9abdfbb172d711b3ba968e1bc36955bc3a81c61b7af1754ff8e9c3c36eeea4,32f17a2186a19fb0cde2618eb85a6c89042ea86a92ba1388cdade23fee53ce71
263,277,CU-100635|2025-10-13,b7efd06df1a3510fc61168690705c87da8b26cf2f3645217d0df9bdba8f3fc20,32f17a2186a19fb0cde2618eb85a6c89042ea86a92ba1388cdade23fee53ce71,89b7be8649fd849ac8867ddc986b675f5a8a3b15b6bfbec0c345ce8ce8ad36ee
264,278,CU-100635|2026-07-27,1a29a6555584d5f9dda29587ec8e55a626213ac6ab47a8c49db6c6f92be11ee4,89b7be8649fd849ac8867ddc986b675f5a8a3b15b6bfbec0c345ce8ce8ad36ee,36450874a0b2995f5fcb43abe2312e22d83aad15839479905e2576aeb4b7a32f
265,279,CU-100676|2025-06-30,6afb450d5414ff0dafa7d4a0b22d4a038555ce1b0479f720eee7873e77cab879,36450874a0b2995f5fcb43abe2312e22d83aad15839479905e2576aeb4b7a32f,e228523da4d433613ee39161e69d689b02e6704f889cc53b294df7312f163316
266,280,CU-100676|2025-09-22,93324ebfa348e3a3c940ed984b048ddb17102ae91e89b1d293f51e95ae913215,e228523da4d433613ee39161e69d689b02e6704f889cc53b294df7312f163316,9b0dbac90e8823cc4af91a9ddc55f9863e8cf23edc1b20ffce4dea77aa9f3b2b
267,281,CU-100676|2025-10-20,d6fd74bb494efd102edcfc6c3aeb66f364b21a50269bb78e30f82e6c9a25a6a6,9b0dbac90e8823cc4af91a9ddc55f9863e8cf23edc1b20ffce4dea77aa9f3b2b,0cebc9d63dbe1eb59984bd97078a7182b0d7c4afd7b76d6e70e2a2533602a294
268,282,CU-100676|2025-10-27,75b47416487711346d8dc8dcbccc901340ff808783627ba0eb6928f6a522cd59,0cebc9d63dbe1eb59984bd97078a7182b0d7c4afd7b76d6e70e2a2533602a294,0d7d6800d47d0c70e543f95575e4704836e5ff41ae4e4316d3528ed3f5f8cb82
269,283,CU-100676|2025-11-10,6e04d767bddc378f62516972468b3159cbe43485ae069ad3f58c766777421d3e,0d7d6800d47d0c70e543f95575e4704836e5ff41ae4e4316d3528ed3f5f8cb82,39afc6f33455a3777f4b8ec3e77d91ead4d8a5babfe29fa6abf7daa993aab24b
270,284,CU-100676|2025-12-01,b4564c0f133f972a49b050b41adcac99b4d78123bfd2a20dff75a16b52f1b07a,39afc6f33455a3777f4b8ec3e77d91ead4d8a5babfe29fa6abf7daa993aab24b,980d077a107235cad86f6a313abb73601c340c148beeeb4a4a546d8c1ce9da17
271,285,CU-100676|2025-12-08,56c5bd1dc1ba45f414e0a5413d449688e3b6dbae062e58427e06e07819faa971,980d077a107235cad86f6a313abb73601c340c148beeeb4a4a546d8c1ce9da17,58ad3647f8a304e711b995e61fed1f32e4af8fb10ec1d83d3d89493e7deba38c
272,286,CU-100676|2026-02-02,1d50fc86c41737f63633c4a0939d778056fcc13f1b4a4449de176e56dbd39515,58ad3647f8a304e711b995e61fed1f32e4af8fb10ec1d83d3d89493e7deba38c,c35eb066ccd751ae6f7db83e33895b669bf8d27ca0d8158a176e689e209fc0ff
273,287,CU-100676|2026-03-23,060208dcc59fa5524f33c26f69f4b345388caa8581267bf45841db36768cc8da,c35eb066ccd751ae6f7db83e33895b669bf8d27ca0d8158a176e689e209fc0ff,74aebd3d9d06384821e828bc47b73040d1acdf2615aa6f3fd2857e5370dd09fc
274,288,CU-100676|2026-04-06,c1f0c1ad0a34ba9121bf20aac7be57be8b790178fc4744e0fe7dad1944e94c44,74aebd3d9d06384821e828bc47b73040d1acdf2615aa6f3fd2857e5370dd09fc,c27f7af4d363e9c42946fcfef0a48b2fce8f06eae93a1e39b0536ac136f3e106
275,289,CU-100676|2026-04-13,099c3ec990a535c5550ad71c9f634ff63da42bcae65c028a69c678d86fe19533,c27f7af4d363e9c42946fcfef0a48b2fce8f06eae93a1e39b0536ac136f3e106,a4587dc60f490cd1f43c96b1748c263e878b91f9f6498e8705cd185cfc7592c7
276,290,CU-100676|2026-04-20,edcf20a73c409aeda1539b0142af95c27766a5a85052c20ffbb09814f821228b,a4587dc60f490cd1f43c96b1748c263e878b91f9f6498e8705cd185cfc7592c7,61b014f0f956ace62e418a00299f12c97911f7335c2c08b2f2ad5acdd44a5c62
277,291,CU-100676|2026-06-01,9c9d0a27340108f0e8677d4399dd60f4e56f300c692c4ca14add3df05ee02ed5,61b014f0f956ace62e418a00299f12c97911f7335c2c08b2f2ad5acdd44a5c62,1567b171fedfa439234a23211d218be46a64e0f39f41d6bf1bc5c16ac3ce1611
278,292,CU-100676|2026-07-06,2c26b1ba20ff84ff00b61fcf06a6df7527996afe07dc87b0e45b5f09f487a561,1567b171fedfa439234a23211d218be46a64e0f39f41d6bf1bc5c16ac3ce1611,1ecc4f968a9bd70046cf807b9bebb1ac956d2d9a67c2590d90e4327981185cfd
279,293,CU-100687|2025-07-21,930c8cb0a9c9de48bad5018f09255dd83b662fe7ad2e2d845e3632305d25f8e3,1ecc4f968a9bd70046cf807b9bebb1ac956d2d9a67c2590d90e4327981185cfd,b8738a7f4e0a0cd565adc57bd9e6ee1d0c0e572cc981b81704aff2a1ee11adb6
280,294,CU-100694|2025-12-01,9153bed4251410a4a8998e12b994259e3dbbde9f0120df2b71af506b2e233ec4,b8738a7f4e0a0cd565adc57bd9e6ee1d0c0e572cc981b81704aff2a1ee11adb6,8e2d72642e2c734c4dab326e9720b06972cc419c2fb12c3dac54845db7d3171c
281,295,CU-100694|2026-04-13,ab54f29d4c915fc53eea47e9cccdfd98ffd35e33994a086d74b03abdaa058443,8e2d72642e2c734c4dab326e9720b06972cc419c2fb12c3dac54845db7d3171c,a31dc0ece11a05601285ff4bcd45224d0dea34ff69775241ba27054d7c5e5f9a
282,296,CU-100694|2026-05-11,76e0c75abec3600a3b8685aef2261c6dffbb3150b4c6881d98cb9828effe8906,a31dc0ece11a05601285ff4bcd45224d0dea34ff69775241ba27054d7c5e5f9a,23e0d8dbf82f79cae3edc75b548fcbfc52bef9260b832a5fe630209fe0854407
283,297,CU-100694|2026-05-18,7b521d2df23bfa4e69ec889107790cf31b8810c573af0e7e1e727db7f4db36a7,23e0d8dbf82f79cae3edc75b548fcbfc52bef9260b832a5fe630209fe0854407,131e0990165a33dc759980b66dcfdb8e0166ba9e694a87e89516fb182378aae5
284,298,CU-100711|2026-02-02,3e30bc32bfee6bab0009e7b3f569575618620acc39bfbbbaa157fa45d9631853,131e0990165a33dc759980b66dcfdb8e0166ba9e694a87e89516fb182378aae5,e6be7f5469ec390932cc8ec8ed787407be6f2092904eec38f7223795bd9eef19
285,299,CU-100711|2026-02-09,cb462c5ada07c2554ef28c6ceb021b89ded544d055e0015c44c9d05a4cf3d8ec,e6be7f5469ec390932cc8ec8ed787407be6f2092904eec38f7223795bd9eef19,42435efe7665006db9017e37614388b65de3052661152f9858cadad448afdedc
286,300,CU-100711|2026-05-18,7735390b510de2cc4327a7792a7ab7d62040fccb8c7f441de3ccb73c58f9d1ea,42435efe7665006db9017e37614388b65de3052661152f9858cadad448afdedc,3adf0a8ed2a7f8195617e480908e5856227b4d713da2c3016d572c6e707df656
287,301,CU-100711|2026-06-01,1c3a1a81d5e3977aea548cc480c8ba193d0eaf9b6def4806c5bb264432f96979,3adf0a8ed2a7f8195617e480908e5856227b4d713da2c3016d572c6e707df656,66bf84d47aba327650d58bc2e3d1896a9ec139f1be16b7815abb209d509f4ad5
288,302,CU-100711|2026-06-22,3657d7a356fa89fbaa186afc8096b04125700af04b4565b8744500f65951aee8,66bf84d47aba327650d58bc2e3d1896a9ec139f1be16b7815abb209d509f4ad5,86850a9a796b3a92d43410165fb4f2a904e43941e316242387b190046d3daafb
289,303,CU-100714|2025-09-15,715a0658f61b0f3bf09d93bf29a8e6e255bdf0d60e5daeb13cd79a42678ec0c0,86850a9a796b3a92d43410165fb4f2a904e43941e316242387b190046d3daafb,a15bc74c507cece19b7f01d74219f645956e3e916f94345c7e0b5f35650b9c75
290,304,CU-100714|2025-09-22,a30ed9c9d4d90563696c86da3b0519dea7d6f15aa29a6715a999d6362c41708c,a15bc74c507cece19b7f01d74219f645956e3e916f94345c7e0b5f35650b9c75,5f4bb67ecd99ab9fff17e9d5f59cc1efab68c05cf87989d8b1c008cb6b0fe872
291,305,CU-100714|2025-09-29,c626378f26fcd4ba7d1b13e6bb1b6b63c9511916494feead79f444df32476b5a,5f4bb67ecd99ab9fff17e9d5f59cc1efab68c05cf87989d8b1c008cb6b0fe872,b3c8292d85143fc9723c52ef012bd69a7eff2e90854fb1266ff42e4b1e6105f7
292,306,CU-100714|2025-10-20,0200ac0711e840bbfedeaea1c554c623ec7ce059a3fb118138e6f49659b48e26,b3c8292d85143fc9723c52ef012bd69a7eff2e90854fb1266ff42e4b1e6105f7,46b6ce421428211d47e0637bd78b678ef7299cad4854dc408bd781a96480e8d9
293,307,CU-100714|2025-10-27,f2d7d5004d773ab5bc42409c1fe1a1b81d4bcdcb6a1060612afbbdb7fcdcfd79,46b6ce421428211d47e0637bd78b678ef7299cad4854dc408bd781a96480e8d9,066670c8e32c599d46b2b8c345969ef7a41d8e8d795d57d6e3927725ee1d53cb
294,308,CU-100714|2025-11-03,c2482bbdb5e621475175dc84bc12c71e2ead8c2556be367b4a3a095100ce7d99,066670c8e32c599d46b2b8c345969ef7a41d8e8d795d57d6e3927725ee1d53cb,4b07ba1952051eb4162d725b528403be153bdda29a2b4344e0955d1d8c384912
295,309,CU-100714|2025-12-22,6f495b7d5f331490943fd3c3b86aed8158f0fd8232793eb6b25d2f0bafc4f9fc,4b07ba1952051eb4162d725b528403be153bdda29a2b4344e0955d1d8c384912,21da5e2aa6262a429fa65b9f0a8992c325f9527d2cc67286ce8dcc06947fe34a
296,310,CU-100714|2025-12-29,a1496f417a618ef58ff248b2f4c3174878a54280ac3eb62ddeae79d73faa3db4,21da5e2aa6262a429fa65b9f0a8992c325f9527d2cc67286ce8dcc06947fe34a,e8fcbe788a56ce3c6cf3c89928d8f7c94ab8b930465cabc28162071ca1ee99ce
297,311,CU-100714|2026-01-05,f8f3faa818af501adc011d9f0f0b2d312f2495ad9ccc22a18d2f0cd626c196fc,e8fcbe788a56ce3c6cf3c89928d8f7c94ab8b930465cabc28162071ca1ee99ce,9b6015999d357d8899383b6900111f26e80302b0e4c27aa40cf9a75a5bb66bb7
298,312,CU-100714|2026-01-26,309f488e30f721b294bcd4cad82cb9e0ea95aba35c72794281a1e31073428e59,9b6015999d357d8899383b6900111f26e80302b0e4c27aa40cf9a75a5bb66bb7,7c8001987d3a877de1857e4fcf889785c8fe49bed0fae6d771128f8aa3aa9680
299,313,CU-100714|2026-02-02,899133ac2b2f568fce90a2a2f5f5bdeb7cbd4c226a94aebee536ca2ab81c05c8,7c8001987d3a877de1857e4fcf889785c8fe49bed0fae6d771128f8aa3aa9680,4bf249f8df6f41b2e3e7598b8cc7f67b8ed8715755008304b173492b96bef36b
300,314,CU-100714|2026-03-23,8a3e1d8c57657b6b48fe3f8d8329ea1902ceb66fac4192f5a467a98b1976b7c8,4bf249f8df6f41b2e3e7598b8cc7f67b8ed8715755008304b173492b96bef36b,7fe51d5fb7a2710bb08693ea9a5232388f8cc0eeb7cae8733e4d00f966aea69e
301,315,CU-100724|2025-08-25,072e6503be42e6d46fe20ed8493fb2dbacec2a34c24af67c4fa3334e4d1dcf3d,7fe51d5fb7a2710bb08693ea9a5232388f8cc0eeb7cae8733e4d00f966aea69e,16b4b238dec2182c193e228784764afcd7151fce6e3dc109385b38b21ec4b5bc
302,316,CU-100724|2025-09-08,6b37c4c28380359dc906b31fefd7167db02d1b11c5ade9d55c6b507c5b3f58a7,16b4b238dec2182c193e228784764afcd7151fce6e3dc109385b38b21ec4b5bc,3570006e627c177d60e6c6bd1a13fbc44b393768176d438845f2e76f8b5ecbce
303,317,CU-100724|2026-01-12,bfe3d7de55fb54c9780722be0689b381bbf8de6c71d3baeb7e81dbfef8c5640b,3570006e627c177d60e6c6bd1a13fbc44b393768176d438845f2e76f8b5ecbce,972cb16921cca27696e23a4e1c664acd4130fa8a23cdda676d469a7e04f84285
304,318,CU-100724|2026-02-16,9035ba867bda4488244f93e91580b31c33af7d0050e734e537ea47b7e1744a4c,972cb16921cca27696e23a4e1c664acd4130fa8a23cdda676d469a7e04f84285,17982581ee6cb18b31076e8a0baa130a76ad62534636dbc57a8860a9a09bcd2a
305,319,CU-100724|2026-02-23,3c7e64a6ecacf07de96c847655768a811a807243a4169d01d4cd4f2a458ea4b7,17982581ee6cb18b31076e8a0baa130a76ad62534636dbc57a8860a9a09bcd2a,cbf3176cc25daf29bebc5ed3953808e6047221626287cf8c79d6b883d6c651e6
306,320,CU-100740|2025-06-30,e9e8e25273206bc011b0500621cc9c11c5b52db013482dc0b93d71540297b7ae,cbf3176cc25daf29bebc5ed3953808e6047221626287cf8c79d6b883d6c651e6,9c59fc628aa8fed5eaaa91e9c32e868e12cda99c76f5bb7a4ed28333c00fe6a6
307,321,CU-100740|2025-07-21,12cc1f6fdad4af3a76806dec2d0695ac95402750754f9065d326d8c5202ff1bf,9c59fc628aa8fed5eaaa91e9c32e868e12cda99c76f5bb7a4ed28333c00fe6a6,321d1256bd07ffad781338453ae1891959b20869f68556e142ae68241a3cd031
308,322,CU-100740|2025-09-22,324fcdedd9a8bddf11137674ecd86b7f1e59072ba1e3d138ce804799d7153e3a,321d1256bd07ffad781338453ae1891959b20869f68556e142ae68241a3cd031,3c79445eea1b7d88aa91206c96e651b2734910f7bebab89953c3f5a0277b8f92
309,323,CU-100740|2025-10-13,628c12247123aa23f7e86078e7836d17883491043e91d78bf195c6387d755a21,3c79445eea1b7d88aa91206c96e651b2734910f7bebab89953c3f5a0277b8f92,18521e8e6ba83808febb7284a60680e9251691ad607fd412c6e380e3c0873daa
310,324,CU-100740|2026-03-02,b532240b8a9e889b9441d0abae3cda138be30f8b2f11219fe8a69c5e8de93096,18521e8e6ba83808febb7284a60680e9251691ad607fd412c6e380e3c0873daa,5d398b60f13efe06a99bf85b566e2fa308c46c98bd61dcb09017bde66df98588
311,325,CU-100740|2026-03-30,6aa139a208cfdd7004d75de62c74dd6bce1aa466e0d173560bcdba1179dfe15b,5d398b60f13efe06a99bf85b566e2fa308c46c98bd61dcb09017bde66df98588,e3cb1505898e42740fae435c8ff6b0f0fd5976605fd5a6dfb7c0d909063fc37a
312,326,CU-100740|2026-04-13,05b891a73ee1ffbf2687e27615c2f2419faa7d7e223104df54869a07713b7edc,e3cb1505898e42740fae435c8ff6b0f0fd5976605fd5a6dfb7c0d909063fc37a,1a6471ff9d21b0f689d67b849245e2b62a313dad8e4560693a4e8e5240e45c13
313,327,CU-100740|2026-04-20,ca5ddf2ec757e99c068278b841a006670f153b18198b36abe3c131f3a38ee616,1a6471ff9d21b0f689d67b849245e2b62a313dad8e4560693a4e8e5240e45c13,b8205004c5625b4f63d8ede3c0e9619ceec60bbb3361e41dabbb45ac05cff9c2
314,328,CU-100740|2026-05-25,b107bfcd261a2008654f0ad3c24e20a0de3a3c5ed18820d65907f073101d1907,b8205004c5625b4f63d8ede3c0e9619ceec60bbb3361e41dabbb45ac05cff9c2,9f614529d5b5d616781756dede58f87a5e85bfd10df85567609fae4545812c89
315,329,CU-100740|2026-06-22,6242d791e3062452e09cdd314608d7003fda5cde28fe6d06cf7df3dd82e549d0,9f614529d5b5d616781756dede58f87a5e85bfd10df85567609fae4545812c89,71de7abdbedde7abfdcd0b821125131e9a54a6af0f1084a62be7ef7d3cedfd29
316,330,CU-100740|2026-06-29,34a3db5be81da3875e09ebcc7dbb1fbc4e51d69df8fd905339602d7d7e7b063f,71de7abdbedde7abfdcd0b821125131e9a54a6af0f1084a62be7ef7d3cedfd29,fc3f62f0994d4287c7857f6f2a8f3fbde18f3c8f528bb6f756c1a867352ddefb
317,331,CU-100752|2025-12-08,3d53864f78efddd366e66e9cd4315db389f8141762616e83f0a07e3c6c86efad,fc3f62f0994d4287c7857f6f2a8f3fbde18f3c8f528bb6f756c1a867352ddefb,76d0e29b8facb1b26a1a1c2b9c967103296e873984b907d5ed70ba5fe7496fb8
318,332,CU-100774|2026-06-15,bbfb407076ca823347034a6a4786510d08b6f1ec76a408a46ae094fbb7f136d3,76d0e29b8facb1b26a1a1c2b9c967103296e873984b907d5ed70ba5fe7496fb8,a11f4c2680679043de087ceec8fc81863a32dc785e327bb6c3d4e736e178abfa
319,333,CU-100821|2026-02-02,62175ee330f0164f19891a852ccd37d139244011b137a603037e553a15278782,a11f4c2680679043de087ceec8fc81863a32dc785e327bb6c3d4e736e178abfa,d0c84e98847d90d482cf83487712c5b89b77e28dc65d48c996a98c9890dd7aa3
320,334,CU-100821|2026-03-23,2628422a3b35e34dedbd81c69a81de70c6244fea203e50e2b1ddc8e249ef5a54,d0c84e98847d90d482cf83487712c5b89b77e28dc65d48c996a98c9890dd7aa3,9267f41f68d23280c794281e422335758bea909c24834a05580769c89d762d43
321,335,CU-100821|2026-08-03,94a551010469ef55648379623e51980f778cc6bac6164a8d8b587c1299c4530d,9267f41f68d23280c794281e422335758bea909c24834a05580769c89d762d43,9ed7d555ff4e2414276cf29031f1521a1e1f23cb180840dbf2eef125076d1299
322,336,CU-100840|2025-07-21,063a8eaa0dd2f48700492a89687ef915ebce5ba84c7b1e6ddedbe4a14373b2ed,9ed7d555ff4e2414276cf29031f1521a1e1f23cb180840dbf2eef125076d1299,c86afcc11898fdedefd6e2879e1f314663e62fd0e62238b027a4a907dcc4603a
323,337,CU-100840|2025-08-25,25f5a58685aad5ab82a274f173404c5b84a906ec5684b2406beccb9fea01ac67,c86afcc11898fdedefd6e2879e1f314663e62fd0e62238b027a4a907dcc4603a,d23a9f076c9b7defac7dcdb0a7f7e0d15d0f010e5e4c97ab6a326d8a9a912edd
324,338,CU-100840|2025-10-06,256f64c700ca0094b308450eeb44b637cda423b8b89361a7297affa9dbac7303,d23a9f076c9b7defac7dcdb0a7f7e0d15d0f010e5e4c97ab6a326d8a9a912edd,cd3a71d9721e904e25a56f15b02c9a4308cb0ebecf69778d0efb7daf618a1eda
325,339,CU-100840|2025-10-20,d0a29e813371df147a73b26f8deec4bf295a207b90982691c91ceb3c414624c5,cd3a71d9721e904e25a56f15b02c9a4308cb0ebecf69778d0efb7daf618a1eda,2459bf113ce0706a58ad0626ccb5eacceeeeca13648a536e9d36e400519890f0
326,340,CU-100840|2025-10-27,7f98fde886cee9137260327046a54ac7d66bbf90257d20acf9d11bb680e79971,2459bf113ce0706a58ad0626ccb5eacceeeeca13648a536e9d36e400519890f0,11a6444673cffd0426d4ffc897c65e0fb703a09e641aee34f53a508078cbff65
327,341,CU-100840|2025-12-08,71a79d30f18cfbce81f37492e8575716f1868401479285ebd4406fa53c32dda4,11a6444673cffd0426d4ffc897c65e0fb703a09e641aee34f53a508078cbff65,70453661309dc40722e4957e7145aae59ed2ebb150a3bcc3cf673a11ec108a63
328,342,CU-100840|2025-12-15,55e2205b5dd25b437b8db8f2ed0b7d08d9f8006a77f30a2ea2b3736aeaacd09d,70453661309dc40722e4957e7145aae59ed2ebb150a3bcc3cf673a11ec108a63,e1400a4629a5755775852ace9aec1b457b60e981a9b425c25ef4d79d908ca87e
329,343,CU-100840|2026-02-23,7b82c1e7d96157649c4e5f9c1d1f9288ffb10ddc65130e9692be4126af950d05,e1400a4629a5755775852ace9aec1b457b60e981a9b425c25ef4d79d908ca87e,6471dc91f7cee67e25f8114743ad894fc3c6427bc656073250cbeb6f993b3e07
330,344,CU-100840|2026-03-23,460e60ec32f0f970876d4c2a2643bb2f9dc23adbb74918d489e225538a9d9d87,6471dc91f7cee67e25f8114743ad894fc3c6427bc656073250cbeb6f993b3e07,fe1e1b063876ec02683cb781c94da0438c9ce343aaae39780a02b38b2d27fd10
331,345,CU-100840|2026-04-20,c6c19a0351ead3ba95e15d1db49aa11747d60b2a756d079b11562d701594993b,fe1e1b063876ec02683cb781c94da0438c9ce343aaae39780a02b38b2d27fd10,a656e63170a11d0c2b2ac6102702e261687e46d3cb15b096a3afcc8f56f50245
332,346,CU-100840|2026-05-25,7edbb2480c84128f30ed8415002e382782134bb441565e94df5f46e90a3d377a,a656e63170a11d0c2b2ac6102702e261687e46d3cb15b096a3afcc8f56f50245,438befdb3c5a8a166503cd433d2d5aee40fa9db6ff4d93d630d0c1f0f3c28c83
333,347,CU-100840|2026-06-01,72d18f5702426c269f1acc124095249bf5d05b93c66cd3a49c288aa34fe424e6,438befdb3c5a8a166503cd433d2d5aee40fa9db6ff4d93d630d0c1f0f3c28c83,50ceee539626c473d0c92aa12ea394a53a6968783c391f20c2a171c88ec08743
334,348,CU-100840|2026-07-06,1d9ec3bfa0cea88ff41c25e67d0c47f50484875c21bf9a44768865e31ebac4df,50ceee539626c473d0c92aa12ea394a53a6968783c391f20c2a171c88ec08743,28dc5d51f1c7c3e92f66bde4af81bd6ae8a12e5ec23d2a7cf07fea746c084d5a
335,349,CU-100859|2025-07-07,dc16f2240ed0d3d00224cfafd33e4108f9c21dd983377bc6e214115069011058,28dc5d51f1c7c3e92f66bde4af81bd6ae8a12e5ec23d2a7cf07fea746c084d5a,e5007050d110815ac1cf09bcfae0f29d2bbc9006fde667e8e2ddd63e5be8fd72
336,350,CU-100859|2025-07-28,c6242cab714e645f5cf2a41db26a9f39d68ae1d7ebef1391c3a144886c9eea81,e5007050d110815ac1cf09bcfae0f29d2bbc9006fde667e8e2ddd63e5be8fd72,a13b4af77b593236e934e36e54af4b63482be8000dcdbb5403e3118b7722b8c4
337,351,CU-100859|2025-09-08,e61f0fe23724487828925cd7e0372fa110aca52ff11d7e70be63349956b0fd35,a13b4af77b593236e934e36e54af4b63482be8000dcdbb5403e3118b7722b8c4,2cd37641ccb1a9962dc19db6ddd0d154021e11f019fffb0c27b0eb16a5517f9d
338,352,CU-100859|2025-09-15,8eb8c619f640bdd26977ee69156c709a2a72b05eb912e9fb24742246dcfa6621,2cd37641ccb1a9962dc19db6ddd0d154021e11f019fffb0c27b0eb16a5517f9d,d6f016cd06af1cdcf7557065a1a83ceedeb5e8a43e88c9f9a0b6ef0ee39216f8
339,353,CU-100859|2025-11-03,4231d5298ff6ecdf47b812d013103e3624149ff1943a16fe3367d6b103250a7b,d6f016cd06af1cdcf7557065a1a83ceedeb5e8a43e88c9f9a0b6ef0ee39216f8,507735274fdfa5509fe61c886150391d21de44cf5d9dd04d38e2a53cb398c3bb
340,354,CU-100859|2026-06-01,24d5745691b279c69cb68adc1c141786cc39db30fd33256a76f5be35826866f0,507735274fdfa5509fe61c886150391d21de44cf5d9dd04d38e2a53cb398c3bb,8bb77235ba90c6a4ed79368ee509f0cc91f1809361cce0660e1c6a0acaa47860
341,355,CU-100859|2026-07-06,9c387ccfa9a24ecf6ef2f9ecef4465a771dd3bde70d503e9b5c77937ba0db60a,8bb77235ba90c6a4ed79368ee509f0cc91f1809361cce0660e1c6a0acaa47860,22ed130021344861869db78b3e42fbea30882f570860c058606a29fc3edeec81
342,356,CU-100859|2026-07-27,a60b56b544f49b3d9baeb0a03a4e0c0025a4974c10da8c3f020805f9c545b7b7,22ed130021344861869db78b3e42fbea30882f570860c058606a29fc3edeec81,ff0fc8371029b46c1efba938da4c846d5c526781aef2d9bef00aaac7e2702923
343,357,CU-100859|2026-08-03,b7d0a4e64c07cd8b3f49c361993dcaebcd2df65df339f138aacde5351b68445a,ff0fc8371029b46c1efba938da4c846d5c526781aef2d9bef00aaac7e2702923,d9e9f612f62ed1fc9357af173da813232bda0e0a9f9f1e068bdd2d4e14126be6
344,358,CU-100150|2025-12-08,4b83f9aa8af43958605f88a6d4a11562c37d6adb7770540619e6416354f6744a,d9e9f612f62ed1fc9357af173da813232bda0e0a9f9f1e068bdd2d4e14126be6,99e2a1d7d78c8e0f8a44ccaf6380fe2bcb6db1ea776c0bac3bc773ea1c9a4ebe
345,359,CU-100150|2026-01-19,34eadb2f383f2424810e7b9c1c25df0673212fe96eeba1306af401f4c0156a76,99e2a1d7d78c8e0f8a44ccaf6380fe2bcb6db1ea776c0bac3bc773ea1c9a4ebe,afb86bcf5398327c333007a6f7b4fada9aadcb8fa12c1449c694f64943365a14
346,360,CU-100150|2026-02-09,5105c22380f8ac5fef329dc47cd891d6669de2085d3510231690f35ea141ed8e,afb86bcf5398327c333007a6f7b4fada9aadcb8fa12c1449c694f64943365a14,fd2a033424ed8d3eb79d2e3021d8e856d34a75892f14c453debfaf88e14f334e
347,361,CU-100150|2026-02-23,de480c63a06c32f316956dbd0677ee39c3a5b0ff8a4eae96361dd313a056b32b,fd2a033424ed8d3eb79d2e3021d8e856d34a75892f14c453debfaf88e14f334e,ebc88087b931eb8e426142e660084199bea86243c34565561333cd22035a4dd1
348,362,CU-100150|2026-03-30,52395e115e8643a1d157b4c7acdf8340f2da42de6adadc9b8935c6214956ee94,ebc88087b931eb8e426142e660084199bea86243c34565561333cd22035a4dd1,40178ab049b26520d567677ea90533d901f7580d7c532b83ce0aabbe64cc0332
349,363,CU-100150|2026-04-20,ba007cd1721165d024536e81b0b47a8b8b87c36eae8fdc9db81f9edb8eeac5ea,40178ab049b26520d567677ea90533d901f7580d7c532b83ce0aabbe64cc0332,57a25bc55bc306cb28642a0cb9e9ff30981e4b3578167c52aa8da6c6f79c5bc4
350,364,CU-100150|2026-04-27,f1a63111fe98ed8e34eb489dfedd1fe09b531e4fd7c6399dff0695800dbe2b97,57a25bc55bc306cb28642a0cb9e9ff30981e4b3578167c52aa8da6c6f79c5bc4,618f03cb5c1274de86d1359d1222b9932c2798ba0ca8f42928f0ba8ece0119ba
351,365,CU-100165|2025-09-15,1079ae3c88e9d6591b0a2e53ffd07d62d026b73c520825bf1f1f816f3bc2fe07,618f03cb5c1274de86d1359d1222b9932c2798ba0ca8f42928f0ba8ece0119ba,008e926cd3da843675f84aba4da23489ccec1d4c86d38e44e8269275ab62d85f
352,366,CU-100165|2026-06-08,a8e27e49bce5ca3e9ed0ba996a54394460e6f72759c812890f2e8d136a661fe6,008e926cd3da843675f84aba4da23489ccec1d4c86d38e44e8269275ab62d85f,b08529173a00cbe2c6c1fb83016380f17b4c65cbcea60b2f13dd24a2a88bd765
353,367,CU-100166|2025-12-29,f7aa58573a19c4f2bb5b91775b3e251127f2dcdc04d3bd73cca1ac83ee9c2581,b08529173a00cbe2c6c1fb83016380f17b4c65cbcea60b2f13dd24a2a88bd765,7ba1792ac98b5b021d1186ada883ac4acdc5dc7f2d46cdfd3463dbb45abea5bf
354,368,CU-100166|2026-02-09,022f4851339f519cfd23092d74492fcf001d0a715f288fc7a63f78c30581750f,7ba1792ac98b5b021d1186ada883ac4acdc5dc7f2d46cdfd3463dbb45abea5bf,1a2c46b4d0ea119ab6b39c41f7db97de3185a25d962c543fcb5f3d9ea269c0d2
355,369,CU-100191|2025-09-22,d9d6826cfb35639e3d3baf4aefcae32ce72d45f80f4070919e758f7865cdc28a,1a2c46b4d0ea119ab6b39c41f7db97de3185a25d962c543fcb5f3d9ea269c0d2,c754a4fb7d1e613684c2fc226c2991ee45c6607dab07137a90fc6269b65a2f06
356,370,CU-100191|2025-10-13,c061c3da4ceff40adad524f9a51d7a28f57a966f78ec8a01ab7c1aa375f46824,c754a4fb7d1e613684c2fc226c2991ee45c6607dab07137a90fc6269b65a2f06,64cdd43e827a28e119fb38a4b0e25e5b7f77da98a20745957f08a0482d5a0314
357,371,CU-100191|2025-11-03,19ccb644a13a2c7203700850e03de9a10af4bd16ecc2e1c7063aa64fdd835775,64cdd43e827a28e119fb38a4b0e25e5b7f77da98a20745957f08a0482d5a0314,4b044e7d2ce1166047c0c413597969545997a9ea1d1064c88ae11e9ec967805f
358,372,CU-100191|2025-12-01,797de93f92c4c42bb0a2d039d9b4195aebad6fc9905c626a43dfdbc85135061a,4b044e7d2ce1166047c0c413597969545997a9ea1d1064c88ae11e9ec967805f,4cc43e62acc427cfb0557c3ee2ba93f0035cd74d9f213428036180701a98a88f
359,373,CU-100191|2026-05-11,8f069c662ef1b54548a97a9532b961b2a4a302af601dfbf14e11c962a3c454f6,4cc43e62acc427cfb0557c3ee2ba93f0035cd74d9f213428036180701a98a88f,a247bfc11e1ea5bc9efa70bd63393a7545f9d66d55a040bf61f6bd69d5af04dd
360,374,CU-100191|2026-05-18,e670a8d1ebf60c6e123ccad8a8d0f4798799a7c923b361be0a614cb9f7a73c0a,a247bfc11e1ea5bc9efa70bd63393a7545f9d66d55a040bf61f6bd69d5af04dd,e09d4e8a44ae371832c9926e4172f67f6d34ffc145f7795a954b19a82c22e75b
361,375,CU-100191|2026-07-06,d41593636f0ce754c5b8bcdcd08126f91e9ae18760214b2c05dd903cbd6a1deb,e09d4e8a44ae371832c9926e4172f67f6d34ffc145f7795a954b19a82c22e75b,d1635d0f5460031a03a39271cee2fcb99591c25db4a6bd4bd2f348a919aa2bb0
362,376,CU-100212|2026-04-27,dee9d00e00a4d701b82c9d296f78c290501b30b2575968c9bbd9f6418c45c681,d1635d0f5460031a03a39271cee2fcb99591c25db4a6bd4bd2f348a919aa2bb0,2401c386d2b48d99eaddef288222b07d7d36c5c6ae04b2b134796702ed96cb4b
363,377,CU-100212|2026-08-03,be424335e80566eed5edce6745c30937c693ace82116f3a4b1a37ef56021c27c,2401c386d2b48d99eaddef288222b07d7d36c5c6ae04b2b134796702ed96cb4b,e314bbd6db89c0cf8a5899fa821a49482878cc00a91326db99465f4f76d00fba
364,378,CU-100216|2025-07-21,abf13edba079f316e92976064075505b0fcf84a0e7f1e4b258cd245396a7c11b,e314bbd6db89c0cf8a5899fa821a49482878cc00a91326db99465f4f76d00fba,5ce285b563163cb1615e5f87f72a628563ab371aeb272d48134d0a0cd06a1ff3
365,379,CU-100216|2025-07-28,1da6a569dd4cacafc5f0bac52dbb874f46a9f7a2da1cea7015386d370012c822,5ce285b563163cb1615e5f87f72a628563ab371aeb272d48134d0a0cd06a1ff3,41812c99e1cc07f06174064d6765c8a418e8c4707b323749ece7270e17cc1284
366,380,CU-100216|2026-05-04,03bd7f9fd3afffb34c9a6c7a9fa7260fd55a042478654316bca01aa7ad52f1d4,41812c99e1cc07f06174064d6765c8a418e8c4707b323749ece7270e17cc1284,d479747328c2669d8093e09d55150d00f42186020992a682bf3741fa5d15a0bc
367,381,CU-100216|2026-05-11,ff6ef8b196f17a1e88dd40078e4e0596060d5479e25f2491b968d49a4a9fd51b,d479747328c2669d8093e09d55150d00f42186020992a682bf3741fa5d15a0bc,ce992b55d83ed4a7af401cea5f4ba932c5350c42409a84b78e127f05395cc32b
368,382,CU-100216|2026-05-18,7c6bb68baa1cb6fa8838d5c6b091e523adc00679936ce7a4bc00bef11910c07d,ce992b55d83ed4a7af401cea5f4ba932c5350c42409a84b78e127f05395cc32b,2a2e682e33c42058c7cee3a26b70b876efc6f75b5eb65ee199dafe503a892764
369,383,CU-100216|2026-07-20,af5aaec271412312e05da017452801b954b5e7e43f373ef1620420855601f680,2a2e682e33c42058c7cee3a26b70b876efc6f75b5eb65ee199dafe503a892764,b3c8fee987d57cd63668f04fe1ba58fea89b4f48f8364b94752caacc039cbeda
370,384,CU-100216|2026-08-03,2453c7414fcda438047c3ef480af461a633316d54acc5a3cd59886fdef53fa57,b3c8fee987d57cd63668f04fe1ba58fea89b4f48f8364b94752caacc039cbeda,6b0d9de093dfc154277f20feed90f17d52b44670b343a1f0d20c949f628a992e
371,385,CU-100219|2025-08-18,d79f26c65f3c0471c2afa0f3c114d234c6f8bf2e8eb1038ac7d879ebda025331,6b0d9de093dfc154277f20feed90f17d52b44670b343a1f0d20c949f628a992e,fb517cacceb95e9aac078a0636ffd083ea15b58d543e78ee095770e197b4534e
372,386,CU-100219|2025-09-15,2b2c6c559d8626a217f8cbde77a3100451f08a8dcaacbb45efe091eb1b904a62,fb517cacceb95e9aac078a0636ffd083ea15b58d543e78ee095770e197b4534e,3973a312fd56eb6198c57330e3b94de2cdb2404148777db8cff6ec2f7d1e87ee
373,387,CU-100219|2025-12-22,af128ea2cb9d95d9895d26379a1efd9ec84b8fe28984a0e3d8d3e95a4fe38d7a,3973a312fd56eb6198c57330e3b94de2cdb2404148777db8cff6ec2f7d1e87ee,faa8295246eef00c1c904410bbdf630020abf48e90caad9dea5e2959c08021db
374,388,CU-100219|2026-02-09,e68de378f6b53d3bfa96efd67741419387a04c34be56a958bbcad2026365d3a9,faa8295246eef00c1c904410bbdf630020abf48e90caad9dea5e2959c08021db,75de6b40e98020b2475ef52e6b47c10f36df6ad47fe4d71025e048114da61e9d
375,389,CU-100219|2026-05-18,d06fd4864589c2c12d5bfe60c7b83a4269b2f96ef13a3f9c82166b644edf0cec,75de6b40e98020b2475ef52e6b47c10f36df6ad47fe4d71025e048114da61e9d,6cab8a2e3cb827548297f46c38d0d9bc5be44bd8d791f8babc51d4f74bd476a2
376,390,CU-100219|2026-07-13,fbac8aecb9147cad1e148448b010cba5e85adf27adb63a936de9f4b3f3b943bc,6cab8a2e3cb827548297f46c38d0d9bc5be44bd8d791f8babc51d4f74bd476a2,2c1ba341d23b43a1dfa0eb6565cd6ea9df8def45a02afbf1d803103d2b6a18b6
377,391,CU-100245|2025-11-24,8a90034f0527e6ad40cc75f3d16ca3a99cd22bc19c8f5e5d410a9d023089863a,2c1ba341d23b43a1dfa0eb6565cd6ea9df8def45a02afbf1d803103d2b6a18b6,cfb91993aebdae9885f4e85a38158047a68972591db691ce7c0bf725903a0a11
378,392,CU-100266|2025-06-30,55d4aff910e14afe2bbc2a63a24e590df01bf57feefee1002254bb43c66883fa,cfb91993aebdae9885f4e85a38158047a68972591db691ce7c0bf725903a0a11,711373a3b529884839fbbb3a73d05afc1295b3616b043c09225b8908dbc0fadc
379,393,CU-100266|2025-08-11,d689aae2fbeb16b1c1e233d083ee142fdaa88254ed2ba5824e03fe520c7d40f2,711373a3b529884839fbbb3a73d05afc1295b3616b043c09225b8908dbc0fadc,5d445b35f757813f6621e59279721aa43f75bd6652f5b3b0ed3def0675cc2449
380,394,CU-100266|2025-10-06,196c6619a37c36a8563987cda9ed92def78012676f4535150d769669dbb95d31,5d445b35f757813f6621e59279721aa43f75bd6652f5b3b0ed3def0675cc2449,67b9ffa6080b698a553f86380464b45555c22db49ed8b334d6bfbc5461423ef3
381,395,CU-100266|2026-02-09,4ad796ffa3f31f47a186a159a6d1aaa4db5e9cb355deb3b03ca8bc39fe6aa92d,67b9ffa6080b698a553f86380464b45555c22db49ed8b334d6bfbc5461423ef3,909658442caba561fd8e3e40490b442502d981431578c32e3181cb109e9ba776
382,396,CU-100266|2026-06-22,e9a2a652c68c3a9de204c95f7880712e6dcd189890cd205948a2ba17e4037a20,909658442caba561fd8e3e40490b442502d981431578c32e3181cb109e9ba776,30d66da281970cc4c6d53a2d196d41325e530583364efc8ebcc33d2540a5c1ee
383,397,CU-100271|2025-07-07,1c2292f4818653e53fc38a063b0769d273e39b46cc385480f3617bc487fd9c6d,30d66da281970cc4c6d53a2d196d41325e530583364efc8ebcc33d2540a5c1ee,6aadf9161db477c978de7977b23ad41b6e63928248d4e1c486a8b902320fd661
384,398,CU-100271|2025-09-15,a3dd8abf3547673b44c6ddf8b27f6c122409992ebbb14cef347c375e4c9191ca,6aadf9161db477c978de7977b23ad41b6e63928248d4e1c486a8b902320fd661,ae3e2d2642e56076b3d1ffedc6050948d93d15d791ecb11a356942c1e7ce4fb5
385,399,CU-100271|2025-09-29,52c447834d82ebe291797720d609a4daae613bc50b66a10189379ae05250b43c,ae3e2d2642e56076b3d1ffedc6050948d93d15d791ecb11a356942c1e7ce4fb5,a52378fa75cd25a0c4ca79a2e4ac2da384a427609f42702239f1e5869c332b5b
386,400,CU-100271|2025-10-06,add4493cb8dfb0888caa60e0544ae314668439aca71cbc109d153f8364d58cfe,a52378fa75cd25a0c4ca79a2e4ac2da384a427609f42702239f1e5869c332b5b,89db4baea9c9e1fe98e5809697240b5a79247e864605aaa3e0542d139f173dad
387,401,CU-100271|2026-04-13,5854d35c707996e47899795a401d6f88cd9d94f5b3083716889e6146820d63a9,89db4baea9c9e1fe98e5809697240b5a79247e864605aaa3e0542d139f173dad,faeb04a56c0954af420442b5fb85157631355cd0a5ee97729b4c10baa61c40c5
388,402,CU-100271|2026-05-04,caac3e049cce49620436ce430e7755dc57a8b8ec95bc121f3ddaa79325aaacb7,faeb04a56c0954af420442b5fb85157631355cd0a5ee97729b4c10baa61c40c5,25b603fe1837159c8f6c82fad8afde2003cb032036556d62f2648a345e11e478
389,403,CU-100271|2026-05-25,127ee49e8d0685b39508f3aef13b563ff6d7fbf7d289711f7dc006ab058d3da9,25b603fe1837159c8f6c82fad8afde2003cb032036556d62f2648a345e11e478,ee2e64673ce8f25c6cf713d4cd1f4471f82baa72ccf1e57cfeb7fc1e96e9d098
390,404,CU-100271|2026-06-01,0bf032ec59102653edf8ec41cdade5cf2720743ebc85cf130798ea5ca136dfc7,ee2e64673ce8f25c6cf713d4cd1f4471f82baa72ccf1e57cfeb7fc1e96e9d098,897341bc6ae64075d16d3fba0eb10841ec2ee3c8745aa19259bf0191a7b2c247
391,405,CU-100271|2026-06-22,004685f1bc04adfc0632e7f369b88340d78cb272797947e48a938ce9a2776318,897341bc6ae64075d16d3fba0eb10841ec2ee3c8745aa19259bf0191a7b2c247,95582b35548d453cb6a78d22b692adad117c3fbad7eba365029a8350c9bb7013
392,406,CU-100271|2026-07-27,1d351bc8c765dd17b78d046af2f290b5c42723b83768a245c331dc17b97e6157,95582b35548d453cb6a78d22b692adad117c3fbad7eba365029a8350c9bb7013,e3b056f494bc02dd2324b934a6d2aee8b7d8c4cf4de2d7b43cf87cd48ab0e980
393,407,CU-100281|2025-09-29,e1c6c572e9b3668e769834c37d7e3a0d46d19af2bee65f0dd2c517a69e9d1a60,e3b056f494bc02dd2324b934a6d2aee8b7d8c4cf4de2d7b43cf87cd48ab0e980,461f14576966a89ecd06777888fbdd7668d78ca7a3097a2c1f39133d87a50f16
394,408,CU-100281|2025-10-13,324e113e43730b960936008ecc16c164943362593513e2c2d34414abb641d124,461f14576966a89ecd06777888fbdd7668d78ca7a3097a2c1f39133d87a50f16,575ebb952a626eacecee50d298ac14b57562bb53e1184bb93b31c0e3e7b1593d
395,409,CU-100310|2025-12-15,e37014a3cec2cb47687ef228d293eb013c8eaa61fa992b386c7b033ca3e5a324,575ebb952a626eacecee50d298ac14b57562bb53e1184bb93b31c0e3e7b1593d,00153ca3d6e622542d46660d3e88829cbea7d8785f80f12723f39fbd448fe5f9
396,410,CU-100310|2026-03-09,61ee1c9ed080abceda5a030819ed8297584270991ff6b713cb84692d4acdfb94,00153ca3d6e622542d46660d3e88829cbea7d8785f80f12723f39fbd448fe5f9,7b3f856bc540b88eb580fc2d813451cf6f831e7d49765e5bf7f9f07a9d879a84
397,411,CU-100318|2025-07-07,36b7275009e79a11cf08d13b0d4e914ac77940972ac7b7afff7a8188817155a4,7b3f856bc540b88eb580fc2d813451cf6f831e7d49765e5bf7f9f07a9d879a84,39bf21cd1d68b44e1961ae69d9f2c189df003f17e01c2f46d0658213d9b923d5
398,412,CU-100318|2025-08-18,fb24e8e96afa22e4e29e28434e712d7b5117c2c3f5df0400048cdf44da69558d,39bf21cd1d68b44e1961ae69d9f2c189df003f17e01c2f46d0658213d9b923d5,a24cb23426b0dbec96bb7dd8a381280ea8f073909296a93b67f20250229eaf3d
399,413,CU-100318|2025-09-01,5f35af2a493526b4480adfc80b47fa87a35095d3d85a29648eca9c1b06c88b8f,a24cb23426b0dbec96bb7dd8a381280ea8f073909296a93b67f20250229eaf3d,6abfd75f50470596f5cd7b58d6c7dd4d90133207c2ad9e385e3beff15df9ebca
400,414,CU-100318|2025-09-15,a1fdd74cb063c20be044ccc001bda9220291671940360b423ca813131676c937,6abfd75f50470596f5cd7b58d6c7dd4d90133207c2ad9e385e3beff15df9ebca,6429cef2618bf27cafb8cae915b366650066e6ec6c647233076ba98be69b94b4
401,415,CU-100318|2025-09-22,692ff2d88715abbd9c330fc4f4a00960019604f952fa67de54ea668a4c20329e,6429cef2618bf27cafb8cae915b366650066e6ec6c647233076ba98be69b94b4,396da9abc97bbe40602b6b8f813739b1d39ca172461fa24194dcc085b60ee238
402,416,CU-100318|2025-11-10,d4caae28b92ccab0b501dd32ae60684f447e08842f7bf8f51cf00419b85501a8,396da9abc97bbe40602b6b8f813739b1d39ca172461fa24194dcc085b60ee238,7c7d79b0876618e07e0a9bc25005470e1eceb0a7559a278f855eb693340d1e58
403,417,CU-100318|2026-02-02,5db5e94845866c7b7665cadd16ca7a461a79b482cd112d4d4a277f012a5dd6a7,7c7d79b0876618e07e0a9bc25005470e1eceb0a7559a278f855eb693340d1e58,596a3fec5fe1acab4f701e595d3277e4e0571af6d1379b745d45658a9f462ef1
404,418,CU-100318|2026-04-06,56d20b3eefb3a2bca260ec37046db23e1b039eaa6a3b45ab34afc894563064e0,596a3fec5fe1acab4f701e595d3277e4e0571af6d1379b745d45658a9f462ef1,c3e969fcddf196a234dfb9198a56108f677599befec33498af1879e205248932
405,419,CU-100318|2026-04-27,f7b6babf8c1e78b658b8796edcf7198aa634dbb63363145a58588ab7cd75d59e,c3e969fcddf196a234dfb9198a56108f677599befec33498af1879e205248932,760487490d47a1b754ceac399ab55f49b16c7f33bb3a2b9de89dbcc72efeef7f
406,420,CU-100319|2025-07-14,d3de4d9f60f8761d579d123e59e9c6699894adff2c31852688f46882925cfaae,760487490d47a1b754ceac399ab55f49b16c7f33bb3a2b9de89dbcc72efeef7f,f4f96ccea5e1ef7728b9a13ddd3fa29991f09aed3af3ebe8c6d40894250bde29
407,421,CU-100319|2025-08-04,0fa83fcbbaa41b9ac672b78efbff07876df67192935cee1383accc4aca12f56f,f4f96ccea5e1ef7728b9a13ddd3fa29991f09aed3af3ebe8c6d40894250bde29,7c976adb3f020b6ef9e7008be317a66693a7ae696c1636957f6a8b8e687b3442
408,422,CU-100319|2025-09-08,c822a5a57bc6285c638053ba909d066f629dde091871375000ff98df1e1a1810,7c976adb3f020b6ef9e7008be317a66693a7ae696c1636957f6a8b8e687b3442,714e501be8d4b658f92bbe19a0dd4523bae1584f7fd83bf3ab1ba8bf91bb57b0
409,423,CU-100319|2025-10-06,4828abe0c0e91ca861ce4c540cc531d857c7a269ca557c0ae22b45ab3b77e101,714e501be8d4b658f92bbe19a0dd4523bae1584f7fd83bf3ab1ba8bf91bb57b0,e9ccab3b82304f7e89afe4c8f6e672095ebb86caf79cea4ae9d056831f08669c
410,424,CU-100319|2025-11-03,fee5c7d2b859a67b2858f6a74ddbbc5bc1b506aa0fc81cfc269d774de5dfdce0,e9ccab3b82304f7e89afe4c8f6e672095ebb86caf79cea4ae9d056831f08669c,c24281e16eec512a2735974a22ec42023675dcea43b1fd6a945165686d485843
411,425,CU-100319|2026-02-16,5b30c926a03bf891303de7958b6cc9ea5c5632ea91e1c4af48caeacf7dd8ee7e,c24281e16eec512a2735974a22ec42023675dcea43b1fd6a945165686d485843,9f81dce2dddf13f946639419509526412447698628db3adf57a0cab701d27907
412,426,CU-100319|2026-04-06,d0965f3af1189c1c4243fa29a01658cf3f1f89f2c369f19eb0df8d4abdcad56c,9f81dce2dddf13f946639419509526412447698628db3adf57a0cab701d27907,74a7a8767ee798a4a159e15bc1cc347f80dbac3d03426f50420f901aca12602d
413,427,CU-100319|2026-04-20,09eab9fdc3ce9cc787ac58f63bcc6563bbcf62edee5ccccbb74af12ad95cc811,74a7a8767ee798a4a159e15bc1cc347f80dbac3d03426f50420f901aca12602d,e991b44556c06df0fe0cd317a1c27cea99ec0b3285c8ca475fcd89648643da4e
414,428,CU-100319|2026-05-11,e17a5166ce4f1bcf2f5b610c1443967c1d15f09f1eff97ec5be86c80a97604fc,e991b44556c06df0fe0cd317a1c27cea99ec0b3285c8ca475fcd89648643da4e,ef19da6848fdf3fa0a9f72245ac814131ec74cb73542422492a4e2869936198e
415,429,CU-100319|2026-05-18,d2484b68d9b07bf20a69c9fa71810b86936257ff54998ccd7cf70fe918361745,ef19da6848fdf3fa0a9f72245ac814131ec74cb73542422492a4e2869936198e,866e091d7380f9f1e7437df5783dd8b8ec674331fc52a2f9c62a2419684c001e
416,430,CU-100319|2026-07-13,7c301c5bced9350710ff2ec811906e13e839f2edb4eb8a97e237be8227d9227d,866e091d7380f9f1e7437df5783dd8b8ec674331fc52a2f9c62a2419684c001e,2a6c3829c021c74201acae752c87104ae3359a6e5a609e653021befd23e98660
417,431,CU-100319|2026-07-27,161f1b9725ca34065b1a1cec2de7d2ea46823335c0a7e77d3f16030ef5797a77,2a6c3829c021c74201acae752c87104ae3359a6e5a609e653021befd23e98660,ff1c973465d5186583e5bc79f2dca30b8a8c267760be0e04fae85338f5db3e13
418,432,CU-100320|2025-06-30,7785bd5069b510fb394507c26fcd79c5fcaddf656f51825c64d8fee78e0ad7c1,ff1c973465d5186583e5bc79f2dca30b8a8c267760be0e04fae85338f5db3e13,7b15af675edf9bf1dab3d3c0d39498888b0c2db65276d40c714bd75701357e94
419,433,CU-100321|2025-10-06,8b3ab61df6ddc1697ff8ac05b39b72f7e0cfe4cce13867fef1790296fb0066b6,7b15af675edf9bf1dab3d3c0d39498888b0c2db65276d40c714bd75701357e94,bbd28019b3744266cbc5a5b0a455d11e626ca8318313439d8c23421ed45a45af
420,434,CU-100321|2026-02-02,95f42375fb2f578ef3fe984496ba490fde418db2999cf29c3bd571ac4ba5d96d,bbd28019b3744266cbc5a5b0a455d11e626ca8318313439d8c23421ed45a45af,b3f14b662492be64fd329f79987107a8ce642ec9514d1f7ef994b67f94ea31f6
421,435,CU-100321|2026-04-20,0375b2f7d8dd3444bd623d840dbf5d73cf7c9400d0df195dd87d1701317ec4d4,b3f14b662492be64fd329f79987107a8ce642ec9514d1f7ef994b67f94ea31f6,079facae4214ab95aba6806269fa21fce9e07255017e9510469b4dcd43989719
422,436,CU-100344|2025-07-14,d378f280920a166296246e15b3860dac0126e7ebbeb2e1838f25777f65b07800,079facae4214ab95aba6806269fa21fce9e07255017e9510469b4dcd43989719,fdcf8a00b708a9ad4fcab9e0d91341bc0bc1cb77124f417d1524fc36cb684f5e
423,437,CU-100344|2025-07-21,b7813bf341d2713aa25ad6b092b5f45b25d40bed83ef364780cce2f093a06de9,fdcf8a00b708a9ad4fcab9e0d91341bc0bc1cb77124f417d1524fc36cb684f5e,7e1a78ad07c379c797062eaef56cfbf13a2b9ae04b50e765e81e574fafdf7d2b
424,438,CU-100344|2025-11-03,b7ccb2760e33f5882498ec5f16be9eada40e4099c701011dc763db20399a8a7d,7e1a78ad07c379c797062eaef56cfbf13a2b9ae04b50e765e81e574fafdf7d2b,f64abe72e75f818490dbeba8826bc4c13fd3da17d5aceada82c0356a1aff4275
425,439,CU-100344|2025-11-17,d0cabe03f4e17ac43dc15716abace51afd04d8cf2224c9fb300967c0e851f060,f64abe72e75f818490dbeba8826bc4c13fd3da17d5aceada82c0356a1aff4275,da320566cddabfeda68a89f5239087601267127e6e31f9c648acadb1834b70d3
426,440,CU-100344|2026-03-02,407632434af21bb8184724c7183d54d6ede5bf703784f784ea61e416725937f6,da320566cddabfeda68a89f5239087601267127e6e31f9c648acadb1834b70d3,08b9cf348690867a3f823099b8c45c72ac0138ed3ecb5d1f982ff8ef8c0903cb
427,441,CU-100344|2026-03-23,c5fc79e8fb896407e03084296aa25b62e5360d50a9640c70bfe632bd0c7e3d24,08b9cf348690867a3f823099b8c45c72ac0138ed3ecb5d1f982ff8ef8c0903cb,1ab6fdae812dd0e042c7214a1f8090fcc091af32c9fbb7f80028f20e111fd2e2
428,442,CU-100344|2026-04-13,3eb57b9207cae31d95773182b0a36515a440c91c8e19dc2fea3baa015ae8b8d6,1ab6fdae812dd0e042c7214a1f8090fcc091af32c9fbb7f80028f20e111fd2e2,3a25a0fa5e1184dc0a144840dc05583bcf3307bb9adc8bed863a9bf661c5edda
429,443,CU-100344|2026-04-20,dbeaab9622426a614c4bd1296dcfd39d090fb51410453927d572fde9e946abd0,3a25a0fa5e1184dc0a144840dc05583bcf3307bb9adc8bed863a9bf661c5edda,e0a6816681fe3bd498f9cc01965a3f907a4bd9774f9562b9ecca0444e8521b46
430,444,CU-100191|2026-01-19,3224ea4527d5447f7dda92632230c2cf14fab091e8eeeab4576e4de7b966d3c1,e0a6816681fe3bd498f9cc01965a3f907a4bd9774f9562b9ecca0444e8521b46,8c096fb3c4165ead52599d9a21fa09dc5cc51250d3d0e575dde3b22e67129c63
431,445,CU-100191|2026-01-26,b4f8308583e7ab0ce8c1430a5b40866a4d8984b84f2b8c702970434cf07c0c5c,8c096fb3c4165ead52599d9a21fa09dc5cc51250d3d0e575dde3b22e67129c63,1bd638878c56fff1798cd1cf3555dcd3d852ccc054493a4967c4484b93dfafe7
432,446,CU-100191|2026-04-20,cba68de6a5cf186b62c340356628da090238989cd05c21c6efcd8627521a4f5b,1bd638878c56fff1798cd1cf3555dcd3d852ccc054493a4967c4484b93dfafe7,f69a0045296c87e2875f3e663fb56bf8993a53dd7f51b8b4a1bf710c91ee1963
433,447,CU-100191|2026-04-27,4003d6d6d9cafe2557682900b5324fffea599312111cea1a0844e6a1c5115b70,f69a0045296c87e2875f3e663fb56bf8993a53dd7f51b8b4a1bf710c91ee1963,3391fec78b99fd2a9621c565444ec72d9e001e61c1bf7401eec13a71dfca6029
434,448,CU-100191|2026-06-08,6f4df3c73ce9ec109ccea3710f51df4929c0aae39d37999b79887c14a52f323b,3391fec78b99fd2a9621c565444ec72d9e001e61c1bf7401eec13a71dfca6029,1b0070a1aa71d09b5036dae6297cc1b051928adcf903cb761a3a28b3fa5434b8
435,449,CU-100191|2026-06-15,ad55c271c10e550d1821ae9da014bbeaa3b5c05e91e0deb49f7020017d723d7b,1b0070a1aa71d09b5036dae6297cc1b051928adcf903cb761a3a28b3fa5434b8,d8239e9005335e9a2c6a0496ccebb452e638cc7f2a4d6d56fc7181c5bd2b1a72
436,450,CU-100191|2026-07-27,58f111428eb96addc7efa9eda23dc789dd2980b7105118b700eec52182a22835,d8239e9005335e9a2c6a0496ccebb452e638cc7f2a4d6d56fc7181c5bd2b1a72,22ec44b2fe0e8721db5d422a42eed4fd52938006b0aa7605a5e4683f0bce81de
437,451,CU-100212|2025-07-14,245bfd0cd6109dd9960c427a95a0d01f863df3d2e09c2e371b206f60cacca8ac,22ec44b2fe0e8721db5d422a42eed4fd52938006b0aa7605a5e4683f0bce81de,3493ebbc2c8b274ac6b2999887464dccba33eb7288662d02ccf4520fdbba7317
438,452,CU-100216|2026-05-25,bd5d117a8169e99a38011d53e63c79c9e5b497f262aeb5ad276a9e6ff613cb59,3493ebbc2c8b274ac6b2999887464dccba33eb7288662d02ccf4520fdbba7317,7f31403260cf3b00a09a839fff9d1bdde3917b0a82ee8b9efa69b72c3cafe355
439,453,CU-100219|2025-09-22,1a90bbbac5f93690f456fbdf925edfdf64ba0576f6f3bdfb0168f6b4570b06a8,7f31403260cf3b00a09a839fff9d1bdde3917b0a82ee8b9efa69b72c3cafe355,e6530b5f69951003678151775fa1c9f2e57d102d6b993c332e4091fb9dfb679e
440,454,CU-100219|2025-10-27,e8d406d8738738df705b3b586aee020ded42393dac33b685ad0af445dadde0cf,e6530b5f69951003678151775fa1c9f2e57d102d6b993c332e4091fb9dfb679e,40ffd666f1d9e83f2468ed497f4dcd0bf3818421f50d884b7ccd37ba002ceec5
441,455,CU-100219|2025-11-10,fa4ff62a15b907c88d23b0906c3f77da3692504bfde905407567782126f1d60c,40ffd666f1d9e83f2468ed497f4dcd0bf3818421f50d884b7ccd37ba002ceec5,8f5b3bf40931bc58c92d0b155b800b06c77fea49f2457417653e8d323ea945ac
442,456,CU-100219|2025-12-15,de23340bf0f43bb2d93d5208b394fcde6cf6df2dba51814f956a0113e6dbf8cc,8f5b3bf40931bc58c92d0b155b800b06c77fea49f2457417653e8d323ea945ac,f77ed5a0e27a38183ac9f80ecaa5f2947833afb67f44cf4881dd57811f4a3d42
443,457,CU-100219|2026-02-16,a8ae83a1a5b10e05e23e60d285973aa30b0ebd27e6c23e03b025aea73910f86e,f77ed5a0e27a38183ac9f80ecaa5f2947833afb67f44cf4881dd57811f4a3d42,38c7cfd5184f079ca729fbe4d13918b14b4eff03f68c8315e32222fe164b0ee7
444,458,CU-100223|2025-07-14,e2422414e8240f98410621558333b27f964dc08a2549ae87898a52d88a605e1e,38c7cfd5184f079ca729fbe4d13918b14b4eff03f68c8315e32222fe164b0ee7,2e284fefda3d7be8654a7328ac82e7b9b939bc3002c5f164f38f5ebafd5a008c
445,459,CU-100264|2025-09-22,d31bac69cc42835ef8907453523dd96d2f833e0546bc34f195a5e1aa7ebf9c3d,2e284fefda3d7be8654a7328ac82e7b9b939bc3002c5f164f38f5ebafd5a008c,21a394cd9bb84a97e99aa71a869e63778163d32b929e56f91f96a9aa513ba2c1
446,460,CU-100264|2026-02-02,ffc99b7cc252c74d404c2cc796e7e9b97b381cdedfd247d514e0ed0f9d6937d1,21a394cd9bb84a97e99aa71a869e63778163d32b929e56f91f96a9aa513ba2c1,3dafeef453ad5664188b6ab2c4c1faec2ef050cf2b9ea5bc11b4ca5baa0c013c
447,461,CU-100266|2025-09-29,8ec2bd2b7d053d68b795fbc4b6cb00b2306cae7f57183db33fa326e438a435de,3dafeef453ad5664188b6ab2c4c1faec2ef050cf2b9ea5bc11b4ca5baa0c013c,d2da07bc8b1f8384689ba6ff0731f9707ef632b73cf23a1c397946241fd7dd9a
448,462,CU-100266|2026-02-02,cdae5cb7fa99f5948ca906c9d80ea791aaa8a44613f29c058eb5693698e20446,d2da07bc8b1f8384689ba6ff0731f9707ef632b73cf23a1c397946241fd7dd9a,e8b7d10f54846399422bca859677e3c2f669d63e632d3d6e747f65e6e18b965c
449,463,CU-100281|2025-08-25,6244eea51a76d819ec98ca5af62420259aa22d0df039367f9fadd7dcdec33e89,e8b7d10f54846399422bca859677e3c2f669d63e632d3d6e747f65e6e18b965c,26fbe82e6e32ee7f10c6a99a5698f139b1c54f3452e2383e9a23b29935359ea5
450,464,CU-100303|2025-09-08,3129ecc9967a4977fa68ec3c4d065b1fc3b5ebb304c55c581142b8fe5d15f50d,26fbe82e6e32ee7f10c6a99a5698f139b1c54f3452e2383e9a23b29935359ea5,245c705b3b72bcabc06beba23d32f9d6221d20f354d180068909bb53f1dab5ba
451,465,CU-100310|2026-01-05,60a2230be0527bef4688fa2e20ceeb67361c4cc9021905f26e8e962b8ae5b5ee,245c705b3b72bcabc06beba23d32f9d6221d20f354d180068909bb53f1dab5ba,3813f4c816e6d87a415c5b00f08aaafa3b90f3fc1300e0b8783d869de2377543
452,466,CU-100310|2026-05-18,a2d645f6bcefce1e25ce9fb569bcb17e9fda96baeac54c16954b0b607618b9cc,3813f4c816e6d87a415c5b00f08aaafa3b90f3fc1300e0b8783d869de2377543,6ae3d20c41bbce5c09e11fb6c9666563c6c04f8ab551a3910a4f634a6e82bd6d
453,467,CU-100318|2025-08-25,f74e3db8658487dc1a891f14a626b0f7c7dedcf422581189d950cacf2f147dd0,6ae3d20c41bbce5c09e11fb6c9666563c6c04f8ab551a3910a4f634a6e82bd6d,469948213c5086fa5e91a093d6969cccae9d18322c018b9a4f3df13bf4311ec9
454,468,CU-100318|2025-12-22,2e07b7cf7cf93f7d572a29e0d7b7ad599e637b994578a4054a4f71f1de0397f2,469948213c5086fa5e91a093d6969cccae9d18322c018b9a4f3df13bf4311ec9,fbc9945b159860a276424aba090155d4b8c05a0d7f8fc1f3be5538f20754e4b2
455,469,CU-100318|2026-01-05,192b89f37a79cd3f2a700fe467d2398fccadfc926e1723680910df20be4ed2e8,fbc9945b159860a276424aba090155d4b8c05a0d7f8fc1f3be5538f20754e4b2,3f799ab188a5828bf4b6eb3ad73947845ac5207f07839b90a4ba94cb3ef89bc0
456,470,CU-100318|2026-05-11,9806dbf6a1c029f73e857db8fff2719b3836934de9683838305a5aa28d8bc7a4,3f799ab188a5828bf4b6eb3ad73947845ac5207f07839b90a4ba94cb3ef89bc0,59f68f7a42554b1658a7db2ba0cf31eea97a7634e027baa808601aedc1aeb9fd
457,471,CU-100319|2026-01-19,684c77e267f8b57ffa74c6f06400a2f55eaa321c4c883233fb0813e9e32365f9,59f68f7a42554b1658a7db2ba0cf31eea97a7634e027baa808601aedc1aeb9fd,abbabd86315dbcd08d97abb390632eb68d4a1047eb10f615e9ae3a1b287cf2ee
458,472,CU-100321|2025-07-21,0dc5c24d6ed5edfdb252b8d098593a6e23d0ac75f6f601e6f96f675a6848c21d,abbabd86315dbcd08d97abb390632eb68d4a1047eb10f615e9ae3a1b287cf2ee,fbe40a000717b9133b6396019e7bef3971003326013ca57f00f3267ea1f9ebf4
459,473,CU-100321|2025-08-11,23af08ea4e35b1bb619d67abd3f8f06613e4d0670f9f1c5c805bfa6fd23d4955,fbe40a000717b9133b6396019e7bef3971003326013ca57f00f3267ea1f9ebf4,188acd980e37565176089f16bfa39fef6164b8c3f6a54ab0c9d1bf8faebe37cd
460,474,CU-100321|2025-11-17,f095170b284edf67c0aa0be19c489a69e0ff106d38cc0c50d4a93b98da0dcb1d,188acd980e37565176089f16bfa39fef6164b8c3f6a54ab0c9d1bf8faebe37cd,424639a9b59d546f87373ee1718a6af2ce04db9eb3f1c3c0c33675abfd8769b5
461,475,CU-100321|2026-02-09,01b02ec7e95b25bf95ff15e87d071bc269add6316da50bb5b263aec7a3baf3c2,424639a9b59d546f87373ee1718a6af2ce04db9eb3f1c3c0c33675abfd8769b5,b0997a29b27457acbda058113aa3e219366f05deffaeb78e5c61f7b5fdc2edd2
462,476,CU-100321|2026-03-02,7f7cae04f120d7b8b79bb863f152500d2b02d393e6bd141abee5fb474bcc8411,b0997a29b27457acbda058113aa3e219366f05deffaeb78e5c61f7b5fdc2edd2,513c18f45a0dfdb99efd9f89359843b8d8542c205c33d91484bec8b947673939
463,477,CU-100321|2026-04-06,10751cda4a11df1d649a6c13040cd7273933a6a9c928c31e22ba8d3b315612b6,513c18f45a0dfdb99efd9f89359843b8d8542c205c33d91484bec8b947673939,5f368120933edf05bef41f190ed03189fb63d1740ecdd8d173804217af0254d6
464,478,CU-100321|2026-04-27,4478225fc00b89e8bec9cfa30afeb9df1af536a77101a670b06d2a774bc6c8d4,5f368120933edf05bef41f190ed03189fb63d1740ecdd8d173804217af0254d6,d582ffbbdbcb9fcb47dfbf753f0e6ab3e80bf2b24b1b9181806cdbeddae9cb68
465,479,CU-100321|2026-05-25,9d7afc1730958f8ab41c40ad05fdff692eaa2aab4eed776778f0ea011eaee222,d582ffbbdbcb9fcb47dfbf753f0e6ab3e80bf2b24b1b9181806cdbeddae9cb68,65e251d23b500506f0aa539c5b782dbd9c5f3fe33d7070a940003359b3f63636
466,480,CU-100321|2026-06-22,10eab8ec8d3afa45a75bffaa23f51a3f7e1c7558cc136faceba060956eb9bb9b,65e251d23b500506f0aa539c5b782dbd9c5f3fe33d7070a940003359b3f63636,b8a55499352793a3d4ebf5263b0a5cd0b215b3ee47d27d42c49ed3a076dcd54c
467,481,CU-100321|2026-08-03,f52729e70ae6c09c012f3a5017c2e05b4873ee8e51aec701e86790b64b669e40,b8a55499352793a3d4ebf5263b0a5cd0b215b3ee47d27d42c49ed3a076dcd54c,0ec82f3c03f95bd9e5b24d136d7068035f6bb5cc4e226e63d1fa3855b28280c0
468,482,CU-100331|2026-04-13,ade83a9810de27a90922c9d1e9791977608c4f0d0f428bd95614bf2e87f400a6,0ec82f3c03f95bd9e5b24d136d7068035f6bb5cc4e226e63d1fa3855b28280c0,3f7c9c51c399a34903d529f9c69e46daac7c4eb9a27d11eda7ce3032231eeb7a
469,483,CU-100331|2026-06-22,7649978c3ef1d26f4f5946bfb0e70df4aa907e15efbd7bfffab44166a204d960,3f7c9c51c399a34903d529f9c69e46daac7c4eb9a27d11eda7ce3032231eeb7a,c0f747291184f6663fac08a443403e5500d51504914daa4bac819d976cd0945f
470,484,CU-100331|2026-07-06,65bc6a1b8cf54ad2da108b57490049eeedcfde2118e318349cbd606983067f98,c0f747291184f6663fac08a443403e5500d51504914daa4bac819d976cd0945f,cbf64d20bec2b09ecccfc5aac20eeba5b7161c654a8f5c0b2008a7f5bc012d7b
471,485,CU-100344|2025-11-24,53671013e1aad2303380852ac968fb8e376d99a88ce138da5d78975c640f101c,cbf64d20bec2b09ecccfc5aac20eeba5b7161c654a8f5c0b2008a7f5bc012d7b,01d74a2db07e1b5507326df6ecdbd0147ddb47ad93dccb4189df3c48ebb6d186
472,486,CU-100344|2026-03-09,0d972aa17ed96b25d5597f51ba2105e297e90c74f31a29f62c74bb728e0042ac,01d74a2db07e1b5507326df6ecdbd0147ddb47ad93dccb4189df3c48ebb6d186,abe028bd458b418113f170c5851da62445470ee41cf2bdb51dbaf75d3867df37
473,487,CU-100344|2026-03-16,bf330c19e1cfb8266da056f12bbf8f3931ec6a6ac7a8367326f54571ed1cec28,abe028bd458b418113f170c5851da62445470ee41cf2bdb51dbaf75d3867df37,a963b97b210fa487313cdaafb6b20cfaeb2b9a3e44bf7241dc3713ae95f06eac
474,488,CU-100350|2025-09-01,464bb7c875eddcebc5413ac6aafaf5a3e739ca7614161a1a2aa1797184950544,a963b97b210fa487313cdaafb6b20cfaeb2b9a3e44bf7241dc3713ae95f06eac,dbf5fc593aef72b18d519418cbde8ee5946f938076ef1bca2c2af2ee826d0569
475,489,CU-100352|2026-08-03,dc37e69a02b57a12a056813a9be1ed172be09577a766e9926eda9f91b083bfbe,dbf5fc593aef72b18d519418cbde8ee5946f938076ef1bca2c2af2ee826d0569,d7ae578ce58a466f790ceea9f3e7d9bca945aebcf9c54abc2ea7a1cedeeab08e
476,490,CU-100355|2025-10-13,5e16be9bca0f98184f495e4ea0d2960892147d7786f00d69fddf4f4c2f49096c,d7ae578ce58a466f790ceea9f3e7d9bca945aebcf9c54abc2ea7a1cedeeab08e,6e6e38c9136cd5dde5653aa94b95012339f729315128b53d1bdedb86ac45179e
477,491,CU-100363|2025-10-27,7210f4f19c2693e73a791f1248f00f3a0e1f243b3ca3fa67e853bf132315ce01,6e6e38c9136cd5dde5653aa94b95012339f729315128b53d1bdedb86ac45179e,45b5b25b77820ddc622946574f634b27602a8a41645b26fe6b0fbf038974d581
478,492,CU-100363|2026-06-15,bbb9863474c9621adae07714b49d6b1a2f74ddae358119a037868727e87bcefa,45b5b25b77820ddc622946574f634b27602a8a41645b26fe6b0fbf038974d581,d370088187b765afcd7ef87ff03ed07d57e1e6c8370db0d5f897e73cb09aa492
479,493,CU-100390|2026-01-05,d414216e0126faf834c89be87f33f9025aa0a7e90f3ac85c7d7cc53e9552fef7,d370088187b765afcd7ef87ff03ed07d57e1e6c8370db0d5f897e73cb09aa492,ffa02ad8231216e248b8dc340d8bb37d1a7a74596fdf6557766825c9011f3bd1
480,494,CU-100390|2026-02-02,e1b2434fb008fe4718c6f49a15dc72b770a73f6fed3f17563fd5d9e81390df1a,ffa02ad8231216e248b8dc340d8bb37d1a7a74596fdf6557766825c9011f3bd1,b881d5a03c9c104bc3095f35d6ab9c91bf07a55d0654e4585b0440710715a057
481,495,CU-100390|2026-02-09,67b6adb49e5bebe96c864f4e1d83c17c0cc681fd0695439abfcf8d9ee388031b,b881d5a03c9c104bc3095f35d6ab9c91bf07a55d0654e4585b0440710715a057,52d7de25684bf68cf926d5464636c44f5ed81d2f25cff823b8ca7ddbf864ec7f
482,496,CU-100390|2026-03-09,5baadf25a62d88e9c3d7911e337064230bb6cdda436550eef8192b2406281cc8,52d7de25684bf68cf926d5464636c44f5ed81d2f25cff823b8ca7ddbf864ec7f,07bc856d9319613c9369cb2014eba29ec2da9d46d95c899a463755affd7c4a7b
483,497,CU-100390|2026-04-13,0d44ed315101cf6809583df0f40dc2680a75be09fdc6bebe05b3f2961bed919e,07bc856d9319613c9369cb2014eba29ec2da9d46d95c899a463755affd7c4a7b,7f5636f8b69cd4233aeaeb190edf8c38fdc24ee51ebee3495dd4eb5f73966dfc
484,498,CU-100390|2026-04-20,c7b69af32c1b93e3065bb04230756afa9c5a143d98ea9ffc6db746dd9ccddd0b,7f5636f8b69cd4233aeaeb190edf8c38fdc24ee51ebee3495dd4eb5f73966dfc,bf9d3cd433bdaabca3df2af465e5ca251c45f6dfd82e6e5b2ecaf424029da9bc
485,499,CU-100438|2025-10-13,fa6e454d849d10255c06ef62eb4ed6a3a5c0f992679e59d9183bf1419a49e6d6,bf9d3cd433bdaabca3df2af465e5ca251c45f6dfd82e6e5b2ecaf424029da9bc,ffe1c0d1a37667b8a55b9a436f6590b87fab053b627a764ac417b7b1d29a39d5
486,500,CU-100438|2025-10-27,5a49ba5cd2d837d574f8be721ff063e1917c222b63131ce708b8c6ba9945e9e7,ffe1c0d1a37667b8a55b9a436f6590b87fab053b627a764ac417b7b1d29a39d5,029b56b879688df2976c5ba01a62c510d5fe394efe69cb7d15a10c3f27c20d69
487,501,CU-100442|2026-08-03,7d658cd270dd958a59fca15c184b5fa51af15ab11e02e14d39e3bae972637cdc,029b56b879688df2976c5ba01a62c510d5fe394efe69cb7d15a10c3f27c20d69,339234ee33fec311cbc35d47ec7cca16bd61ecb5f34c01744c203b8eb413c8b1
488,502,CU-100451|2025-09-29,dae316634eefe5b3a40c222790706e903cec20a9bcd0f8b5e1b7b2412d365542,339234ee33fec311cbc35d47ec7cca16bd61ecb5f34c01744c203b8eb413c8b1,c32b01d518b91536f44adf6c63b0c75d348d4b618ea3c4912edf38bbf16a43da
489,503,CU-100451|2026-05-25,6108fbf0ae5dd655a613bf3e0295ce436a22cf11704ea0589e7794a1f134eb0e,c32b01d518b91536f44adf6c63b0c75d348d4b618ea3c4912edf38bbf16a43da,6f1cc0e80c2eb25e619f59395c9ce3fb4f0fd891c6edfec4d7ca1e9b884788b9
490,504,CU-100484|2025-08-18,a1f667f05e5bf23cd2260c5d9868edc5baa17f28aa91cb1d1b15f6fb9923d88b,6f1cc0e80c2eb25e619f59395c9ce3fb4f0fd891c6edfec4d7ca1e9b884788b9,d2cea4adc39dcc224f30022e9cef75042847e563b07e2a19692c3cd2e8d6d365
491,505,CU-100502|2025-09-15,65e5981115956db3fb9d0e5048f35ad8e7cfefa8eb7acf732f979821a45c3328,d2cea4adc39dcc224f30022e9cef75042847e563b07e2a19692c3cd2e8d6d365,fdcc2fc7126ce1693957f6f0f04297c786e3d815f534e9c2169a4db1dbf941e0
492,506,CU-100502|2025-09-29,cd766ceb93481acd46dd2896b44add19d076edb1ef8f187adc5cb989578efa13,fdcc2fc7126ce1693957f6f0f04297c786e3d815f534e9c2169a4db1dbf941e0,fae520f9d360f328471951164158434fe448745fdfbc6770a59edcf2eea629cb
493,507,CU-100502|2026-06-08,12ed6963d127a4a874ee16d5265cf43b9979cb0e683096ae87974e3b681aa4d7,fae520f9d360f328471951164158434fe448745fdfbc6770a59edcf2eea629cb,395ca895aee0a68431553f00d0ad7fc0c8609b2c8955913b6bb50ea65a889d33
494,508,CU-100505|2026-01-12,76e48765429b61ce26e318cb252ec36c5de87ca521acda4d1a1800f1b729c4d5,395ca895aee0a68431553f00d0ad7fc0c8609b2c8955913b6bb50ea65a889d33,eb0cce171e08341d8d458275ca5012fbe2f7bd9cc5a03f3cae40e07216187cc1
495,509,CU-100520|2026-05-04,bd551359fcaf76febecb9d51bbc8e619fe650c36d101c8e9e0be62361cfd8ada,eb0cce171e08341d8d458275ca5012fbe2f7bd9cc5a03f3cae40e07216187cc1,c7c808824a643315b9e1177489c4fff81d35d310f8a7b7fcac89ce59581c6071
496,510,CU-100552|2025-10-13,b4bb5d3c8acc2ce136ba86c7bc8442bdab65385b91ca811a2b2af6fe549581bd,c7c808824a643315b9e1177489c4fff81d35d310f8a7b7fcac89ce59581c6071,b2e672c8980e19b641beb224c4ad4cec9a3afb1510119a9c80666c245ae0788d
497,511,CU-100552|2026-07-06,6379a421adc5bb86c94444fc1c9a9266b9d57ba7aedfecd5b8fdebe0ec5bfed4,b2e672c8980e19b641beb224c4ad4cec9a3afb1510119a9c80666c245ae0788d,b71b3126f6b3632296528e4305954f82211ba083cb390e9703574ebdfe65c7ec
498,512,CU-100572|2025-07-07,9ce63e6ddbeb9f390bdef498cf818f96cfede8fde8a50d5ad512c2f0f45c58ea,b71b3126f6b3632296528e4305954f82211ba083cb390e9703574ebdfe65c7ec,14880b6104e0e24e03b28c489fbefd7f7818f61e38efefcbcba7b375c5ba3427
499,513,CU-100572|2025-09-29,ae2200456cab8bc5955b9d5e4255b0639d2bf453b129e44ed21675a053b1c9a9,14880b6104e0e24e03b28c489fbefd7f7818f61e38efefcbcba7b375c5ba3427,ae1067b059ce557a64e845ff4f40ab71b31d9d0ef3a86841bf3da5ab9d2ab99b
500,514,CU-100572|2025-11-17,c36c890a0c22eb3048102866da0f8cc22264a7af3cb9661258aa5e3ffa5d9f70,ae1067b059ce557a64e845ff4f40ab71b31d9d0ef3a86841bf3da5ab9d2ab99b,a9b3536703effbbf5bafba6a050f393db74fe57fbb4530ea0e2aa2680435b318
501,515,CU-100587|2026-01-19,0128c2374764a695486338ad26c973a5140bf16602a2cb94495e98cc854ec49e,a9b3536703effbbf5bafba6a050f393db74fe57fbb4530ea0e2aa2680435b318,34e33b630e1b81ff5c2acbe6689bd068d615453976a704195708bcb6dee4a61b
502,516,CU-100587|2026-02-16,0e30c7f425b16280b55e81c5694f956e609a2db504cb99a74ef2876c49bf70c9,34e33b630e1b81ff5c2acbe6689bd068d615453976a704195708bcb6dee4a61b,cd3fe5b7e8d678c0ee952d330c895bcecc2c4e903b67bb9194e637e3609f9592
503,517,CU-100593|2025-08-11,0953834545d2a2e3ccf5d759e29bbf85e7d8db235248fa5976daa99da243a9d9,cd3fe5b7e8d678c0ee952d330c895bcecc2c4e903b67bb9194e637e3609f9592,52a419b90d761467827d487e83d5de88dba4d855742a238c87430cba02534e38
504,518,CU-100593|2025-08-18,3cda1894540cd48828bedd260a0e7c4c2c9ba3474c74cc488e4549612a1e023e,52a419b90d761467827d487e83d5de88dba4d855742a238c87430cba02534e38,cf9407bd801acb135dc10b998f12527c092f13dd23ee1967c521adae81dac08b
505,519,CU-100599|2025-07-07,103ecece2398f2a47b5967ce713e8e49749febb71290413e2a27a3ad89baadfb,cf9407bd801acb135dc10b998f12527c092f13dd23ee1967c521adae81dac08b,9a515ab05f3dc90377288fd59fa76d20f025b51ca004b87dea091efd96121acc
506,520,CU-100599|2025-09-22,744f31f2af3bc0be6d46e3a1369d6d747161c0cdc7c34f790c58da1538b4b2c8,9a515ab05f3dc90377288fd59fa76d20f025b51ca004b87dea091efd96121acc,716739738df342396def648925ac98e3f22039a4d187416d59c8f74d491822eb
507,521,CU-100599|2025-12-01,d61b5b1b5f5602f906d4b273f287afd94015b6feafda3636221b1a349e22f220,716739738df342396def648925ac98e3f22039a4d187416d59c8f74d491822eb,5b2f3f6ba4fb18e75e0c5cb9e715cfdda35f87e361b0018bdea12564eae4ef5e
508,522,CU-100599|2026-03-16,76887ced27f956d380b015150ba0b1b314586918dce5127df8c24a317997c3c9,5b2f3f6ba4fb18e75e0c5cb9e715cfdda35f87e361b0018bdea12564eae4ef5e,dcd6b2ce16008b78616c17f593408613ea55bc881a7ab77947f778996fdc612c
509,523,CU-100618|2025-10-06,6274a3830ebd1bd61056997edce62d1ecff2d5110c8b0afc189bb3d92cb06a62,dcd6b2ce16008b78616c17f593408613ea55bc881a7ab77947f778996fdc612c,0a48ae4e87f2b38c85d0860668edb7d3fabb3043b6c6da5f8e79d2c6758f9244
510,524,CU-100618|2025-11-10,9c83d801a47d5e5a6eaca61d061eab65a2bb7d4a0bb5dc4ff1ad8874a46a68e2,0a48ae4e87f2b38c85d0860668edb7d3fabb3043b6c6da5f8e79d2c6758f9244,7b5157a94b5ec949548d5e48408cbdb85196dad45233803ecc1b66f49e2ba4a3
511,525,CU-100618|2025-11-17,3e398d4fd261a7b9eee3ede1f5425a3e9a93577f1b5c79ba1e098ebf41f6181f,7b5157a94b5ec949548d5e48408cbdb85196dad45233803ecc1b66f49e2ba4a3,aefc5ee8ac98c50aaa43762e92c6f8d6181cbe6343c4d89816fb2cce8c8cd3b8
512,526,CU-100618|2025-12-08,2f28fcd3f2b00ffd1af34454eef45ab820d55d29cc1a56b54ede0018d9d2f53a,aefc5ee8ac98c50aaa43762e92c6f8d6181cbe6343c4d89816fb2cce8c8cd3b8,ef69327bdc5b4ea5a6ab87b29fdc4521ee9207299379ebdb34033a4178aacf42
513,527,CU-100618|2025-12-15,f7129914ddf0db71abf7fac3ac8b4d3d2ec2e03f29aa6f5263b2b6b5577147dd,ef69327bdc5b4ea5a6ab87b29fdc4521ee9207299379ebdb34033a4178aacf42,f72ed495ff1329f649a19dbd0c086f7830d5bde4cf5f346c13eda4791849fca3
514,528,CU-100618|2026-03-02,b98889940016386a64a0367e180465da57a900beeabe54d346d92b67bbdd00b6,f72ed495ff1329f649a19dbd0c086f7830d5bde4cf5f346c13eda4791849fca3,8777d11d6bcfd0cd8c67f0ad21051e6f4f7cec34ed4c0ac8ce4328ea3cdaffb2
515,529,CU-100618|2026-06-08,7b6f4199b8dc5036d9e8e33fa36f05d1ddb1d5edcb276483c92fc5b6aa49fa22,8777d11d6bcfd0cd8c67f0ad21051e6f4f7cec34ed4c0ac8ce4328ea3cdaffb2,a855431f51778a8900027bd2371fb49051411dc47e9f81baac3e80211c195cb2
516,530,CU-100896|2025-10-06,368067336f738f7fa01c0b0c199821a0da5147beb41ac0c947183013c7afa14e,a855431f51778a8900027bd2371fb49051411dc47e9f81baac3e80211c195cb2,b0fa016ebaac5ef59607be2c26972bd380c746d8dcd7a9b55e9c95f53f1c7a62
517,531,CU-100896|2025-10-20,0ad9baa9a5786ef61f3ebfca9cef8a63c7291d255168b8d5ff3273804cb29d9e,b0fa016ebaac5ef59607be2c26972bd380c746d8dcd7a9b55e9c95f53f1c7a62,1f14b2aeec2727d95f836d1aa2d03b7441481ffa5e9f98f6077a4f0c5835905a
518,532,CU-100896|2025-10-27,87ed6305a3e1b59d25cff4873a8614c9e375c72efa996067050489928f0a05b4,1f14b2aeec2727d95f836d1aa2d03b7441481ffa5e9f98f6077a4f0c5835905a,c8c19da7300470335fe8dabc64dc3925c6c01dcac1b0cc124f29c7968de638dd
519,533,CU-100934|2025-08-04,68ca702df26cc50ce8ea8d80947b1f086af91807b936602a6748de20efd163d1,c8c19da7300470335fe8dabc64dc3925c6c01dcac1b0cc124f29c7968de638dd,c977ccd01a3daef7fc48be67b6f2761d8fe3fef84253364a3d2b3900fb606f68
520,534,CU-100946|2026-02-09,b67fba3b80303d7a9dec37cf03e3bedbaf1140bfbc27353f5f422aad031ce6c3,c977ccd01a3daef7fc48be67b6f2761d8fe3fef84253364a3d2b3900fb606f68,2dc135c6affff5da22ecc05419e1353ad145ed336d82e734aef4148900ba82e5
521,535,CU-100946|2026-02-16,30f298441a78ab114feaaa4424130d4d324c33fc49f0567e938c470f73859e5b,2dc135c6affff5da22ecc05419e1353ad145ed336d82e734aef4148900ba82e5,7de609369652fb00b10aefca4031f194e057a2a582807a4cb4a732762c6e976c
522,536,CU-100946|2026-02-23,d7be6a4970587dde217239b092d14f390e95ebfb050c804a120435aa3a5e4e31,7de609369652fb00b10aefca4031f194e057a2a582807a4cb4a732762c6e976c,46057a74ac63f9a5875e71d11bd7439196159b053290d3368afb3c169ccb05c1
523,537,CU-100946|2026-03-02,d9c974e21c74fe3e38d797879bba92b6bb84524e2380c610195e20f7fd056e73,46057a74ac63f9a5875e71d11bd7439196159b053290d3368afb3c169ccb05c1,77f4d7a32906465ce107408bc97b40a686821f3a72e6c3afc06cdb9745d01c7c
524,538,CU-100946|2026-04-20,585c1d5cd7c54f8fe6e5babcb60f117196e47fb89b91ef831bbd952a77c613e5,77f4d7a32906465ce107408bc97b40a686821f3a72e6c3afc06cdb9745d01c7c,70dc84510962dd327fc0f666a3f091c7222ce0f323f0c94375bb7378d3b593a3
525,539,CU-100946|2026-05-11,1942e579ac463057376f21d483036115b5be1c2abf4da61226c9eaa8040dde4a,70dc84510962dd327fc0f666a3f091c7222ce0f323f0c94375bb7378d3b593a3,6d9f1dc70b103b453b9d27a4046b9a35d9046d771813269de4d2bc58d3b7355a
526,540,CU-100946|2026-05-18,894c894a00a2941c94da905ea6d0d38dba877eaf69b97d4c7647ec57cf1f70ce,6d9f1dc70b103b453b9d27a4046b9a35d9046d771813269de4d2bc58d3b7355a,728a63998a93ce51cb0396610f46e67834a7f54956104e5b78c46a9757a08f92
527,541,CU-100947|2026-07-06,9928fedbc88470e927310fcadf11621d08d848086754d409afb264bfe206fe27,728a63998a93ce51cb0396610f46e67834a7f54956104e5b78c46a9757a08f92,c484872d754448eabad625bfdab65727a53a659936a9cab9ce5f7992683c14af
528,542,CU-100960|2026-07-06,a50068dd4404e6beba56f45e9afbe77a72b2e544c427bac4ce4f14737bf111c8,c484872d754448eabad625bfdab65727a53a659936a9cab9ce5f7992683c14af,61df4b63df0e44225918c3b3c2d671213fa4714f854f45173e851336dc64e3bc
529,543,CU-100960|2026-07-20,ed5067666f01ce1cbddc8fcfe5b878d7dffc7e8f3ff2ef91c0131a0ddad579d3,61df4b63df0e44225918c3b3c2d671213fa4714f854f45173e851336dc64e3bc,192d9d24d3c89e1bd29dfa53be895f80b90ff4c5692ae6d44c9ada4817aacfbf
530,544,CU-100967|2026-07-06,db8cc79d102f7070968db33e1a001c796f68f7b510bc5e82d60d467ac98e40a4,192d9d24d3c89e1bd29dfa53be895f80b90ff4c5692ae6d44c9ada4817aacfbf,8f63e06fbb614f3644f391e8bd9616e3b680b5b9ab21a327bd0ae09d936c9338
531,545,CU-100973|2025-07-14,b6b855eb9f1b3e001eaacaf696d39924c26d6712aaec725586e0c64f557544d1,8f63e06fbb614f3644f391e8bd9616e3b680b5b9ab21a327bd0ae09d936c9338,112aff5109b2e75b0391551820cb1b442f843ab9b0eb7b9e73a6ab74e7fe3d8c
532,546,CU-100976|2026-06-15,b4c9858590cc51f7e20b31b3987b11a310d4d81763976271e6e405680d9dcb62,112aff5109b2e75b0391551820cb1b442f843ab9b0eb7b9e73a6ab74e7fe3d8c,fec57de493f81d24f93ab3202a47d0555ad41341934915f925b83a58a21ff01f
533,547,CU-100976|2026-07-20,8407ca1b19d7cd5ff34501586feba1e072009353318a3b82fe0656e0ac5182c3,fec57de493f81d24f93ab3202a47d0555ad41341934915f925b83a58a21ff01f,e9a18725d110e6c26d865a21fe15ea424ce7750bb294d3a66cc33ed03a19f604
534,548,CU-100981|2025-06-30,ec53aa117465c7b7c5ea46a2b566b84aacf3e2e0151a3f97cfe871e785d10a3c,e9a18725d110e6c26d865a21fe15ea424ce7750bb294d3a66cc33ed03a19f604,f993b0db52710a019c9fb2b7c45735268a79a7beaacdf65f40eb36de9bd6b851
535,549,CU-100981|2025-07-07,7c666436df197f2ba82b1e448ffdbb6cc72af49c2a1e8aac512a0bf511cd4449,f993b0db52710a019c9fb2b7c45735268a79a7beaacdf65f40eb36de9bd6b851,d5d6148730164003f73e90bcc444aee696d4e19628fde1da514582b57f54c607
536,550,CU-100981|2025-07-21,73fc6253db915050b260e7df86297b4e20b7b4d45ac11decc91e6e0dda2a3470,d5d6148730164003f73e90bcc444aee696d4e19628fde1da514582b57f54c607,96062b7081b03873e6f4bd1ed97107447798edeb48112c7060e14dcfa985e270
537,551,CU-100981|2025-12-22,ac4d72dae8582b9cb1ea64d29e86fc4df400703ae4fc962fd555d77e2aaae375,96062b7081b03873e6f4bd1ed97107447798edeb48112c7060e14dcfa985e270,ecd80099a6fb1637024445f1f62e1e01ab61c91e0da1ff7360891f71ff9d5e35
538,552,CU-100981|2026-01-05,5213da9144b8b1de73f915d0213f6654d7d321adb1fb34e52230a93a01919baa,ecd80099a6fb1637024445f1f62e1e01ab61c91e0da1ff7360891f71ff9d5e35,07fa1975de98ffbe9b67e910ef8880e01bb96e98e13a799bfcadd3403da39445
539,553,CU-101000|2026-02-02,c91d79a4575130f2cef083f1dab6fd506c576c4bf2116a875997973272753290,07fa1975de98ffbe9b67e910ef8880e01bb96e98e13a799bfcadd3403da39445,18682504ef043b72cb44c10c281cf618573ca11b5b9665c57781cc78f7c46f05
540,554,CU-101000|2026-04-06,2e4edf792d22b0a4ed9e0484bf77764ae632894b9e23dc10a9b1741ff70cf96e,18682504ef043b72cb44c10c281cf618573ca11b5b9665c57781cc78f7c46f05,cd3c5ed1137a15585a99244e1e6558d099a0411f133cad6f9143fd0d64d15547
541,555,CU-101011|2026-07-13,9dfd3355e02717d8397be05fbc47f7fe82054c6f61abb2ee5ae646620991ff4a,cd3c5ed1137a15585a99244e1e6558d099a0411f133cad6f9143fd0d64d15547,000105c6348d835783ab37b71fbfda041cd381eb502b0645a681bc0574308313
542,556,CU-101019|2026-02-09,f2ff8e31ac01b3c53237b69da64be5d5da382d97ffbd336c8602b5973d36afc5,000105c6348d835783ab37b71fbfda041cd381eb502b0645a681bc0574308313,55cc85a344b902e507cd2f02d249bae84ebc90a79362968cfab1472cdcec66bc
543,557,CU-101019|2026-07-13,cb57300035ad9a31868ccf21dafe14b97fe9f1e093c3957ffbe676362b535caa,55cc85a344b902e507cd2f02d249bae84ebc90a79362968cfab1472cdcec66bc,dad8d47494005e62483060fc1e7285efb6f62fbeb8994e6d6c907bef7fa8bdd4
544,558,CU-101026|2025-07-07,fe5018000005f379ad920c3a0af0ec279bdff797b2ee06af552c380113e8dca5,dad8d47494005e62483060fc1e7285efb6f62fbeb8994e6d6c907bef7fa8bdd4,3bd48b816f3d46fc5f48d207888f32022fe6424fc6e958a7dc8b33a7e9216f05
545,559,CU-101039|2026-04-27,f498b10f8dac7c9c5ae35d7d128813fa74256cf3c3c9593db70cab3497968aaa,3bd48b816f3d46fc5f48d207888f32022fe6424fc6e958a7dc8b33a7e9216f05,0d9d5132c41d71cf547af19fdce0f109d0a86adb06ed9d03e48655f8df31435a
546,560,CU-101090|2025-10-13,8711e19fba81782e6ca13c90e2bb683c67341e87f8265e622d7885a089361e14,0d9d5132c41d71cf547af19fdce0f109d0a86adb06ed9d03e48655f8df31435a,5c8d016561af04708395dee488af2431822e3dcce5e2fb6e66f0cd8be385392f
547,561,CU-101090|2026-05-25,0def85fbf3de723e9862075e06a18af5d07e2ed322d388ed10b960d40535058d,5c8d016561af04708395dee488af2431822e3dcce5e2fb6e66f0cd8be385392f,c4aa184f5cddc63c3113172f78ffee270f72a98fcf673e47e6476cea76c114bb
548,562,CU-101090|2026-07-20,85b07022491fe0613a84807755b45276308aac91dceebec53205a4496bd4fcaa,c4aa184f5cddc63c3113172f78ffee270f72a98fcf673e47e6476cea76c114bb,739b83055f06abe5b9313dd5284be57c15ed6bbe7dc6ce3608c771cdf3c5e9ed
549,563,CU-101090|2026-07-27,eefb611091723114aa856090877c44090721015712bd5bc082aebcf2b278263b,739b83055f06abe5b9313dd5284be57c15ed6bbe7dc6ce3608c771cdf3c5e9ed,e0f2f9f5a20f8af61a3cfd67da2537fc2a7d245f7099689116dee55b128d167a
550,564,CU-101091|2026-05-18,a6109fa80224f8459885735f839d433e949fc74da5e4ed9418b9c78607793f2e,e0f2f9f5a20f8af61a3cfd67da2537fc2a7d245f7099689116dee55b128d167a,396372c7294aec6f50b812d9632b1d2f52d7a0006ca0752348d0437b2f1ba630
551,565,CU-101102|2025-09-01,7fc8dab334e7e2604fc03fcd1ac686e91b8dc88df8792fddf5c3d664dddbb984,396372c7294aec6f50b812d9632b1d2f52d7a0006ca0752348d0437b2f1ba630,90dacd9fff8fc2f92a5f90e87834025281d6f84943faa280337d1d3e098da33a
552,566,CU-101102|2026-07-06,4a204e71006e9508d1d5eb8c1d4b8b8d732af027af5e53807b148bf1539b68c6,90dacd9fff8fc2f92a5f90e87834025281d6f84943faa280337d1d3e098da33a,94d7a51d5e63339b801d3a0f557defc98b6df67cf9a341e60838f09f3147246d
553,567,CU-101110|2026-06-15,bbc4deb9709d4227fc8ab920d64b9ae4150fd518671e7e08e3966c78b6857190,94d7a51d5e63339b801d3a0f557defc98b6df67cf9a341e60838f09f3147246d,371ad0581f23e37be967a157bb44861ad3345bee19412abd9ca36d9772a1b87a
554,568,CU-101115|2025-08-11,1aca8fed6899aee2b0ab9a900e669788e058b29e90a6cad44a76cb312ac16feb,371ad0581f23e37be967a157bb44861ad3345bee19412abd9ca36d9772a1b87a,bb9cdd847b07703292ebee53ced093327c7f4d4c360003dd12084972a401d866
555,569,CU-101115|2025-09-29,9a50b23c854cc33aa4804f880d03c6956e0e9fa23799c901ef21e9003c579d93,bb9cdd847b07703292ebee53ced093327c7f4d4c360003dd12084972a401d866,ab881580c1ba23ea41c3a4c33f773e91797f13b89bb10a10ddc1f631b5f3e0bb
556,570,CU-101115|2025-10-06,ee48d6d9e261530929dd0d9401e325d2e3eace057b12fa9ebf12ccc00a0b7e99,ab881580c1ba23ea41c3a4c33f773e91797f13b89bb10a10ddc1f631b5f3e0bb,758593cf3c4922d05f3d82fcafff4e80f21a94bfd42b7f2df38c7522fbe544c3
557,571,CU-101115|2026-01-19,4a43ea569ec5f5796f50cdb6eb1a6906ac54fc6342cc9d13684404a22cfe4d09,758593cf3c4922d05f3d82fcafff4e80f21a94bfd42b7f2df38c7522fbe544c3,4b30371cd0cad07d94a669eee8c28b88325ce0c08218fe2f1814a92620653c37
558,572,CU-101115|2026-02-02,d9e823b27ea2bce8c43dbf75ffd89299c8ca50da94a6ae10e687553e4191268f,4b30371cd0cad07d94a669eee8c28b88325ce0c08218fe2f1814a92620653c37,1310615065dabdb1d0414cf3f76e1ff4cb7aede4296e28f6d8288cd0fc5cd9aa
559,573,CU-101115|2026-02-09,f1228ce334070ee44e546260702d84f76659e147e47ddfed5c77844530362c67,1310615065dabdb1d0414cf3f76e1ff4cb7aede4296e28f6d8288cd0fc5cd9aa,44715849a14bb5d1b9626d85ff6c21090693f89927a4d89ebfb6dd3123b9ad98
560,574,CU-101115|2026-02-16,39ce52120d076dfeeefca15eea5cbb711bebee797d37b6bdaeee90251ec64300,44715849a14bb5d1b9626d85ff6c21090693f89927a4d89ebfb6dd3123b9ad98,6e461d98a4b7a840c82d80c4e1c5956c6bd619d5ee04d000d66b1e33e239d8f4
561,575,CU-101115|2026-03-02,5cae32720fd8e04d3547da96695a42a32e8602ba5df7ec2a38dcacc33c26141d,6e461d98a4b7a840c82d80c4e1c5956c6bd619d5ee04d000d66b1e33e239d8f4,e7a49818ef430e9aed6d0667c5c08c4de0522c284dfff899741162a28449585f
562,576,CU-101115|2026-04-13,1306efc6e8a19e4e2cba660e554a9f559a1b9be00d6ad165d7c9a00f45031e79,e7a49818ef430e9aed6d0667c5c08c4de0522c284dfff899741162a28449585f,0ac1700f2ed75a9ed24bbe2198aec0c820cb5787c051d2cd3360d684dd5839ce
563,577,CU-101115|2026-04-20,bb8e565edb11696030117bc195b491c3f174da818360927b3066542bd40dc741,0ac1700f2ed75a9ed24bbe2198aec0c820cb5787c051d2cd3360d684dd5839ce,a8a6b7728e149189cc598ffc64914d2026f2fab267ccdd0a1293e29c67679bbf
564,578,CU-101116|2025-08-18,1a451cc718d56c3894e6527c381e085f0f2108ccba8b1b36654c29f104d0789c,a8a6b7728e149189cc598ffc64914d2026f2fab267ccdd0a1293e29c67679bbf,5d59aec93deb8c82c20f64ab72965298bd26e58c43455e2380bd3f722e2f470e
565,579,CU-101122|2026-06-29,fa9c73c9e8830f06f35bdb2deafcc71819c285af2a4f0c19db621800c4d15dda,5d59aec93deb8c82c20f64ab72965298bd26e58c43455e2380bd3f722e2f470e,22d0748d763cc7336ac74e03362bc18aefc641410fa0157a302baaccc72f5003
566,580,CU-101123|2026-05-04,ef115c1993f14036239800ece60445cd118da23094ce0257818e34ebbc8fff3e,22d0748d763cc7336ac74e03362bc18aefc641410fa0157a302baaccc72f5003,76bf19051b20ea51564a5d1bd2cffc2b3242ad7ee6c06294285eddc0597c247a
567,581,CU-101125|2026-03-30,1363b72e0bfa8a7cad5ff36043e875d70aba0587c4c429bfdebf41506de4fdec,76bf19051b20ea51564a5d1bd2cffc2b3242ad7ee6c06294285eddc0597c247a,600cec7cd2555e174f29ade858cc42aeac933ebd096eb2bcd289684d1bd324a2
568,582,CU-101149|2026-05-11,5e8358cd3948914687a5bc96fa3a5adc12daf30f37fd4de5deb2da57b64e95dd,600cec7cd2555e174f29ade858cc42aeac933ebd096eb2bcd289684d1bd324a2,fe42d74f118803cf20a2307edc4003db0bc078643fb76de588841f553fb44779
569,583,CU-101183|2026-02-23,1cba9e5cced427261ad243b4c01d1cfcae04a1c1b7566ec65e507ed0cf38af8f,fe42d74f118803cf20a2307edc4003db0bc078643fb76de588841f553fb44779,d28e113e7236f09c5f510af4e8d5a50ddfe7b8ebf092dddedf648cd3f1cea1fd
570,584,CU-101183|2026-03-23,068bcc7dbd0a5e9e0273e4a369c52942d633130bf38c9e3c72c4029e27d4b07c,d28e113e7236f09c5f510af4e8d5a50ddfe7b8ebf092dddedf648cd3f1cea1fd,e8ea7959c7942d5be71f92b1c5abb403ce169151f8487f8112727828dc53c3a9
571,585,CU-101191|2025-09-01,ec7fb4c8456b0c3c6f5d1eafbcea9a9bb6969f9b8bdb59b663d9b6ba03c432c4,e8ea7959c7942d5be71f92b1c5abb403ce169151f8487f8112727828dc53c3a9,58b1acd0f01db62d8f9ee77492220a63c691f36bcc75c9470008d1223150311c
572,586,CU-101191|2025-09-08,fa542c2eba208edf2820514362ee5cc494f70637e278bfa2009328161303e427,58b1acd0f01db62d8f9ee77492220a63c691f36bcc75c9470008d1223150311c,e46dab5f83400474774badb33f69adcbdcbee0dc5b50fa4b73adc7e5947872ae
573,587,CU-101191|2025-09-15,29dbd49e0c857558ecaff6425e96242fa1397a5621b211afa6d4a77f31c3936b,e46dab5f83400474774badb33f69adcbdcbee0dc5b50fa4b73adc7e5947872ae,6ccc1837c2e3b47ac0b31b50cee9a4d4f9aae13f46678d7203d196277d19a5c1
574,588,CU-101191|2025-09-22,465b4272c5f2adc98f4339b8fcb3f05fbe449215ffd351d47d5e3c9293fda91d,6ccc1837c2e3b47ac0b31b50cee9a4d4f9aae13f46678d7203d196277d19a5c1,714787bc7d681da614e47e5aa06db1561ba87f0712e0979f8d9b359cf33ce1db
575,589,CU-101191|2025-09-29,2aef2085bb797251977d247a5b83a477a27f25d7b647a452bd27823fcb486a29,714787bc7d681da614e47e5aa06db1561ba87f0712e0979f8d9b359cf33ce1db,3a94c58b8fa708283efb410fda741fbba1652fe76b978fbc2bd8066073c55888
576,590,CU-101191|2025-10-13,036e0102e00b269201ac3d34c98ea7583b91f5b32550fe507cbdfa34a0d5b210,3a94c58b8fa708283efb410fda741fbba1652fe76b978fbc2bd8066073c55888,4b9d300a55af6ba528d979bf233f62a12b54488aec9d43b9cb82cf650d1a4dc6
577,591,CU-101191|2026-07-06,050f82031875416a3b0d4aea6725cf7f01e9c68a45106534411909068516fa30,4b9d300a55af6ba528d979bf233f62a12b54488aec9d43b9cb82cf650d1a4dc6,5cf790c376409c907fc37c8148962a2c1e13533dba67bf21911d49fc9cba8269
578,592,CU-101191|2026-08-03,959634e1276127185c9415e16408caed780c327e2a9ff567d52ceeef9b3b3357,5cf790c376409c907fc37c8148962a2c1e13533dba67bf21911d49fc9cba8269,0a96f69e8c8c9a08716b5da4f0875141d5cb60edb123362961972423f114b77d
579,593,CU-100012|2026-07-20,68aeadf32a016e354bab0699d4d757bf724fcfcac6c3b20887d7fa110404df3d,0a96f69e8c8c9a08716b5da4f0875141d5cb60edb123362961972423f114b77d,5f9f097063dfefb370e74fc50eb14d5794fc27f51fa8c9d0241933cae1ed431b
580,594,CU-100044|2026-03-16,b0bdd69de5be6771ffb098b7cd3f1e9d36899ee3f5758c24d690ee3d1db5be49,5f9f097063dfefb370e74fc50eb14d5794fc27f51fa8c9d0241933cae1ed431b,2ad0ef8f1000064e7e51600f515ee7f7a4a7fda9fc503a82c58a4f5018d84370
581,595,CU-100044|2026-04-13,f66d70e86881ff8c7c61056968774151df3fe91e6db179654756cce6f9219b03,2ad0ef8f1000064e7e51600f515ee7f7a4a7fda9fc503a82c58a4f5018d84370,f47853a4e78a75ac3cde4a6f144d579ee567c4f83a2b1eb80e2e1beea46995b7
582,596,CU-100047|2026-04-27,a4c1d807589b660b4b5cd821db1fd33987e518666dba09b48db4239b5ac6c17b,f47853a4e78a75ac3cde4a6f144d579ee567c4f83a2b1eb80e2e1beea46995b7,02e3b8997750b6354ece89cc8cc07462764918a535768e96ff6da864ad39f6ad
583,597,CU-100061|2025-11-03,02b8a183a336229132e04fec0b424f6414ee27094c92bbb2d873aade49ed11fa,02e3b8997750b6354ece89cc8cc07462764918a535768e96ff6da864ad39f6ad,965f5d13221191819e9b32f0944118691348fd7fb2b560acf70119442f0d2baf
584,598,CU-100099|2025-11-03,8fb449a81e353f6fc2ee51120323016576f960021679ad8a719d8b12bdb06011,965f5d13221191819e9b32f0944118691348fd7fb2b560acf70119442f0d2baf,2254f1af022a1b5cd7fc89d6f983f8347724c329a48dac31665513be1cb136ba
585,599,CU-100099|2025-11-17,da37d18fedefd4678f159365832e8f706204ea42b166ec0b1af98779c2f8b148,2254f1af022a1b5cd7fc89d6f983f8347724c329a48dac31665513be1cb136ba,3c61d93772c92056b2e1f27d91a61de0fab5ee687df17769edeed794a241721f
586,600,CU-100100|2025-10-06,89a538867a7ff5247d92bf18c887f6b913cf90e68254eb174dd175c2c36caa60,3c61d93772c92056b2e1f27d91a61de0fab5ee687df17769edeed794a241721f,3582164c216ee8c2cf9c2bea71d02c88e73f184e83ad373624d729743d450865
587,601,CU-100101|2026-05-11,ed48bfb89f21a1dc11a628874a0d11afc2bbe84fcea7d02931c76e7fd274c9ef,3582164c216ee8c2cf9c2bea71d02c88e73f184e83ad373624d729743d450865,f0aa12c0605c530c5a011c94ee7485751f12f3885b9b937e911361cb22994e20
588,602,CU-100110|2025-07-14,d6c8cb3844d6bc7c80f7d01ef79b38b6bd543ed739435693b4cb76be63e59bd3,f0aa12c0605c530c5a011c94ee7485751f12f3885b9b937e911361cb22994e20,9b78898c31eab49875ec540205b92586c56d8c84494b5d214bc76719ca277991
589,603,CU-100110|2025-10-13,669a7b1665ea3a56b40e7fc6678a4965e0efcac845e877cf0d0d31deec19ae52,9b78898c31eab49875ec540205b92586c56d8c84494b5d214bc76719ca277991,04adb82d4f909c81d7bca35e012a22e4915672de3c6f60f3eb84cd7bef18942f
590,604,CU-100112|2025-08-18,3e5f1010e0e9ba7b6eb1892be6ca691b39cd810a8e85906525c006218ad3e963,04adb82d4f909c81d7bca35e012a22e4915672de3c6f60f3eb84cd7bef18942f,12b4a0961123228048c0707d3763255937c8c681c4d15231bdef2673b121460b
591,605,CU-100121|2025-07-21,9b8c9e16d9b3872c81cdd97b5e33610db4e460ab52a99b7deef420f7761de5a5,12b4a0961123228048c0707d3763255937c8c681c4d15231bdef2673b121460b,9457828d1f614d7115bc51788ec7e624ad3395d985eb9b35a868c2f5a1efb29d
592,606,CU-100150|2025-11-10,447090dcdcfd6f7d81040228bb1cd6ea1ef45bb86ff551c27c45ba92575935dd,9457828d1f614d7115bc51788ec7e624ad3395d985eb9b35a868c2f5a1efb29d,1d84702f5e43e256e2c807e3a5f00b078c7667acd28ba4f59d71561ad8838581
593,607,CU-100150|2026-05-25,6d22ec23307b69e3156860667a6bf5690bae94fc1f041ba2556ca03f61165254,1d84702f5e43e256e2c807e3a5f00b078c7667acd28ba4f59d71561ad8838581,be188e1e598d1f723f406b54b285e47ceb3f3c9c2dfdcfe5bf974448c7ab2839
594,608,CU-100150|2026-06-08,b01bcaf3e1c6fcd1f956c72fe3bff83293cc1bc803e282eb8c6f0726b9a6f70b,be188e1e598d1f723f406b54b285e47ceb3f3c9c2dfdcfe5bf974448c7ab2839,a488b186259221849ff5cc86293d23beb34ebd03360a2a0e692f42cd5c0a6025
595,609,CU-100150|2026-06-29,5be1b7f9f08f3f5027aa976522c7b818ecf0feadb0b120f154c969e589ba0e28,a488b186259221849ff5cc86293d23beb34ebd03360a2a0e692f42cd5c0a6025,dae3ee3fa90bd178d7fa4074983776719d86cc107bbd21e44b66bbbb0480a71b
596,610,CU-100165|2025-08-18,ebb1bbb2cedc7b5f9689b82fc7d7e1115f908f053b514f952a4bce310d80199a,dae3ee3fa90bd178d7fa4074983776719d86cc107bbd21e44b66bbbb0480a71b,e491ac6a943ec9e531d3c6864f17e76e936379e74f64ae902a5d67dd228b54be
597,611,CU-100165|2026-05-18,0a90adba46ef9de812f2f9c6256943660fb9b2ea27d0430e72ff6c5bda8012c6,e491ac6a943ec9e531d3c6864f17e76e936379e74f64ae902a5d67dd228b54be,a4f38e7c91b976981ed374549e858378c56a1a5dc275aafb22e1d90067d50cd1
598,612,CU-100191|2025-11-10,02e85a41ca8b46b1f92e756f565aad43385e1c87521939e2fe79758f5a9e8c6f,a4f38e7c91b976981ed374549e858378c56a1a5dc275aafb22e1d90067d50cd1,aaa2fa66c3efcea834cfe7d16af35b0fc58827dc8fb5cd025a3b262be9b808b7
599,613,CU-100191|2025-12-15,d977915b056d49c2e2b1232ddac9e6bf6676092490523fec4bb2c5275826cd5b,aaa2fa66c3efcea834cfe7d16af35b0fc58827dc8fb5cd025a3b262be9b808b7,9d4e415c4750e93ec0748fd13851f3e688b9560d4f5f53f91e0d35c8b4ae21b8
600,614,CU-100191|2025-12-29,9045ee9ea5bc30a8e57e4ee99989c4f337d4bfdac726cd64416a7ff610a6fb7b,9d4e415c4750e93ec0748fd13851f3e688b9560d4f5f53f91e0d35c8b4ae21b8,162e7798f9e4d9994407355d28fe4901023151cfb6664e931cc43eb029baf93e
601,615,CU-100191|2026-01-05,5b852ccbb02f0b525ad321d51c36684c0859337bbfe0c773833a6ae113f98743,162e7798f9e4d9994407355d28fe4901023151cfb6664e931cc43eb029baf93e,ebafe80174e8c12b69c0c668af9e99faf65e9d6236e34694ffaadb67c925f303
602,616,CU-100793|2025-08-25,9cec5a852583159cd31afaa2e17aedad0958b09f829f89833fd890b56fafbac0,ebafe80174e8c12b69c0c668af9e99faf65e9d6236e34694ffaadb67c925f303,6b80a62c01a6f6558c105f7d6b7d4882adc7168000e8753f11588efdf8eb7304
603,1101,CU-100793|2026-04-06,aca4ac1d65c3c6e5e1e3ca2c9a23b53c6c05f38351374cde3c3d998ca5de5d18,6b80a62c01a6f6558c105f7d6b7d4882adc7168000e8753f11588efdf8eb7304,4a5cd70a92bd04b43c2233a2b050e29909e52b4ee1b505411dd9d214b6b6e6c0
604,1102,CU-100793|2026-06-01,ef8ed86b4697bb2c069f2642d52562a60fa868a20b246a985de5ceb7becb2cf7,4a5cd70a92bd04b43c2233a2b050e29909e52b4ee1b505411dd9d214b6b6e6c0,0467386aa837106cdabb1b832373f3e54c4f3300b8d5364f67d3a57b97b1a026
605,1103,CU-100793|2026-06-15,27b0985316723ef332ef6e3d2a9f32448fa0b223b2c72a7c130278b235f83347,0467386aa837106cdabb1b832373f3e54c4f3300b8d5364f67d3a57b97b1a026,aaabf69ad5a68f6772316971b9f28ea1735d060f7e83a2c74e7ea6867e772c50
606,1104,CU-100793|2026-06-22,979ddb58756288776545f2da9caf432d78a78b72536480660f69db0b8d2c5e39,aaabf69ad5a68f6772316971b9f28ea1735d060f7e83a2c74e7ea6867e772c50,da4392a887275abc96d836e24b7761b249d5745e74202d7b75248c15a0f38dcc
607,1105,CU-100840|2025-07-14,e3e52afd2a23fddeb825431f56a7cfbb190c96785062c83f0966dc019d51bae0,da4392a887275abc96d836e24b7761b249d5745e74202d7b75248c15a0f38dcc,ed3f51ba896c07201e2f8647279a6bb069570e316333d6432ba8e320cb272c5e
608,1106,CU-100840|2025-08-18,329579347815fd0c90057d03fbfc769be45340f81a6b19d7f363d5ed03171ccd,ed3f51ba896c07201e2f8647279a6bb069570e316333d6432ba8e320cb272c5e,2f03b2c7341f923ac869a17c544abec7f3091a8a1b1331ee8fc752a5ebabe8e2
609,1107,CU-100840|2026-01-05,2ed97b9e94fb724b889bdeed991290c274bbb06f806f0acf7f342502f9701d8c,2f03b2c7341f923ac869a17c544abec7f3091a8a1b1331ee8fc752a5ebabe8e2,ff156d9577b52437d3d67fbae2db3e744266aa9718af354de8ebed1a970fbb20
610,1108,CU-100840|2026-01-19,23029b4bec6cfc33bc4636821767bd4c5c136f5fb1721c7b54490095e9f76d24,ff156d9577b52437d3d67fbae2db3e744266aa9718af354de8ebed1a970fbb20,023955d9a493c1f809dcc74d6c9ab4c9bee149cca69785a012db8e80641c2530
611,1109,CU-100840|2026-02-09,3e06baed9f9949fc884458f25716706e70bb4cbcfdf61417c791c86467f10cd0,023955d9a493c1f809dcc74d6c9ab4c9bee149cca69785a012db8e80641c2530,d3f93ebf8a08a2b89b1a9366f0ea1d64be76171d61cde161e78fa133556c58ad
612,1110,CU-100840|2026-06-08,8c63503c01f997d825d48abb6eb82223fd94ca3db4652af8c093d74b9d0843f5,d3f93ebf8a08a2b89b1a9366f0ea1d64be76171d61cde161e78fa133556c58ad,0ca0e2dc2b0be9402e73d140d3dfc17d34d4a4ead505055b3aa488d438fabbd6
613,1111,CU-100840|2026-06-29,8dab3cdeca4312bfde392adce40d47a98f464dc1ff87648ecfa3d891c1e69e6f,0ca0e2dc2b0be9402e73d140d3dfc17d34d4a4ead505055b3aa488d438fabbd6,f17e086b432bb718caede5c10658e342123d8cd0878c4f9ac158f55c1479d7f3
614,1112,CU-100896|2025-07-07,51d971e8bc98cb32d21a678c097098acd41584d59e757ce47e0c5110f3b74544,f17e086b432bb718caede5c10658e342123d8cd0878c4f9ac158f55c1479d7f3,0f64de6a7a546ece95a0a1f681012654499d70196a6187e90aae83a5a2cf80ba
615,1113,CU-100946|2025-06-30,efc2afd52ad96675bf5591e653a4e7545769b82275e4eacc200535fc277de322,0f64de6a7a546ece95a0a1f681012654499d70196a6187e90aae83a5a2cf80ba,4f06bf257ce5f04d2cae40acb28fd8be9d1bdbc5443cc80a06492043f6a8fec1
616,1114,CU-100946|2025-07-07,0ee0a8dfaab10273aa709b3411c259db69f48a9c998de0984e80b1ef64c5decd,4f06bf257ce5f04d2cae40acb28fd8be9d1bdbc5443cc80a06492043f6a8fec1,28701a5cb8022088c117278a9ef665e5c814795571b440558e4db22a09f96899
617,1115,CU-100946|2025-07-28,06a980e491e9741dfa274bb6045b7936b81a9744b332f8295131e9a6530a77d4,28701a5cb8022088c117278a9ef665e5c814795571b440558e4db22a09f96899,6d71fd21c314c25d76df4d2d14099f3f5bfee2584b9902e2edb771265fe8692b
618,1116,CU-100947|2025-07-07,e9c27a5111411b7ace8c5026ea1b8c776f8a2072c5698bc023927dfd7038dc41,6d71fd21c314c25d76df4d2d14099f3f5bfee2584b9902e2edb771265fe8692b,ee3a7e2c9f634d4ba18a0eca70d795bf578ca206773c8a3e8238bf83be97b498
619,1117,CU-100947|2026-04-20,24dc777db1d2d703fddb5f31b463ff226ae2ce37a86c09ea00d44d7fc236608c,ee3a7e2c9f634d4ba18a0eca70d795bf578ca206773c8a3e8238bf83be97b498,b7c819995480ff23e6c94d16d8113d527d2524e54c997e94f161ffbb026a1f67
620,1118,CU-100973|2026-01-12,22427f21dfa33c4ec2b0f7dd5178b00fe25679d1904cfbe47a929cfce34047b0,b7c819995480ff23e6c94d16d8113d527d2524e54c997e94f161ffbb026a1f67,f852854084c20d67f202614abec2a0a8d2d46c81cd299890474615e7c7c84ed4
621,1119,CU-100976|2026-06-22,37ec3aac568b9c9c9b5354241cc756b2f8cc17f301329e7587e488029a0d2614,f852854084c20d67f202614abec2a0a8d2d46c81cd299890474615e7c7c84ed4,6d954facb685cbdbbab2201a4df5018087827e40bacd558203d29d392e8f69aa
622,1120,CU-100981|2025-12-15,fa3b819f40eaced102359b416dc8eb43f02fd8a5968d0a4ee8405171054a169c,6d954facb685cbdbbab2201a4df5018087827e40bacd558203d29d392e8f69aa,c93b752bac188b5379b22c73c43e10ad18d90cb802eabedac1704dfac5e4378a
623,1121,CU-101000|2026-04-13,b1af0a884696780f2dc7797bef7a1c10defa859bd1977b580d1a701f5ccf263e,c93b752bac188b5379b22c73c43e10ad18d90cb802eabedac1704dfac5e4378a,c16ce2c8e2a3b82ca6d1a2b35dd65e3b007d6c7b0897248cbad9f4ba303142ce
624,1122,CU-101000|2026-04-20,b6da7ad2ac6218a27ca5247d44db3b88e41382200ae144b45285079b4f26f1ff,c16ce2c8e2a3b82ca6d1a2b35dd65e3b007d6c7b0897248cbad9f4ba303142ce,52aca01e00fbe232323fcee86e58dfb2f79beddc8e96c02e6a3a12384826ff82
625,1123,CU-101011|2025-09-29,e622a2e157564af1e67bc19b3341b2fe9965d166710eea00edd4a065ea0f337c,52aca01e00fbe232323fcee86e58dfb2f79beddc8e96c02e6a3a12384826ff82,a2e00793c63917163921f1333f306e4b4c73e2e7e67a99858d2484ed487d142a
626,1124,CU-101011|2025-10-06,c34be0fd4c2bc5f355446a3d7898fdade6a9e22aaebd8e9b145eedcc99498049,a2e00793c63917163921f1333f306e4b4c73e2e7e67a99858d2484ed487d142a,3ab6c5db937aa5f44d6fcf3a6224c8f940ba25651198863a89c695966b1aa20d
627,1125,CU-101011|2026-06-22,a513ba0798e88b19f53d75c64d74037c1e23ac65ed93d722184d35b8b514c6d2,3ab6c5db937aa5f44d6fcf3a6224c8f940ba25651198863a89c695966b1aa20d,314e7d84fd35ebce0873399f0bf57d6498a37b0852420f94998dd0509aeea837
628,1126,CU-101011|2026-07-20,e83635f81e8d2808729dd7854e28d7538d398a32c019e21804c986698a1b4844,314e7d84fd35ebce0873399f0bf57d6498a37b0852420f94998dd0509aeea837,0e24533b2d6d5b85d9e2c4cde2f04e7f39998b013e2d0a211eb51a6aeb0f2fd4
629,1127,CU-101019|2026-06-22,5c54fee74404a5d3088b8cf991c8f44ab5b884eb30788ae6e2b752abf0938cb0,0e24533b2d6d5b85d9e2c4cde2f04e7f39998b013e2d0a211eb51a6aeb0f2fd4,d51539c59ef7b7e5d8d80765d698cf3a1f937f3f14d14a1a93360a45fb546f3c
630,1128,CU-101019|2026-06-29,5483c6b0ea4ec5c381a6f961db103ddec9038132d459f4aae73dac1e088e39c2,d51539c59ef7b7e5d8d80765d698cf3a1f937f3f14d14a1a93360a45fb546f3c,bb53d420a17dab1c10aa291bddc12f82d1cb9b489029044d457fdf2eca212b8a
631,1129,CU-101039|2026-02-16,b6e0aef82472fa99ebeeafd7d67696ba7f0cbe80fd30397fffc54d5371a78ea2,bb53d420a17dab1c10aa291bddc12f82d1cb9b489029044d457fdf2eca212b8a,ef1602a9d595c569629b1aa994147b15af268f46ae1798024a46a549ac505197
632,1130,CU-101090|2025-09-22,1aeaface476e8edbae9dfe2e939d6744e0b93aaab69b11f27a3cf0c41864d1db,ef1602a9d595c569629b1aa994147b15af268f46ae1798024a46a549ac505197,1b15a0d97ecf8c19e125c961e64c371aa9e06f6a871c998ce3f0fd6789c35e5c
633,1131,CU-101090|2025-09-29,6ac7cc03bfc2bd11f67a4d8ae612c38841f83a54129fcc10504cc03b0c2f3eea,1b15a0d97ecf8c19e125c961e64c371aa9e06f6a871c998ce3f0fd6789c35e5c,62f6485b0ae2f8415052ca6a4d0ae0205c6fa224a29b5df0ec513fc06a8c8838
634,1132,CU-101090|2025-10-06,4c7de470a782d344a9ee5dd04cdd5a707dbaa7e2a3644370cb628272cef4249b,62f6485b0ae2f8415052ca6a4d0ae0205c6fa224a29b5df0ec513fc06a8c8838,70de2028ccc05c8f57696240f2aeef2292a7ed868c3604e2c4232ff58a024969
635,1133,CU-101090|2025-10-20,dc490baa2669efe2650320caf0670bb64c75d5e5db21083f753d0a31f82af13a,70de2028ccc05c8f57696240f2aeef2292a7ed868c3604e2c4232ff58a024969,9811e0767b41115c9e00250b0e62f5dab8dc23756215a4b892e90e4e9379066e
636,1134,CU-101090|2025-10-27,79e11302b96242072afa0ab6776a79eae7f0ca3e7fa2c0b7c80a2da3348194ed,9811e0767b41115c9e00250b0e62f5dab8dc23756215a4b892e90e4e9379066e,3a36fa3f3e805be1a161f3ce4ad9a381c52ba7d3f826b0886f90421f62ca91cf
637,1135,CU-101090|2026-03-02,f3b06a6d5ee71515e3a4a5d12ab8d357189c9ff7bc345e3871da13c2cafe0f5c,3a36fa3f3e805be1a161f3ce4ad9a381c52ba7d3f826b0886f90421f62ca91cf,b7087b059939b73344b86e5e56cbd56c1210aa6a8ac046e9a5a489c715b0d319
638,1136,CU-101090|2026-03-16,ee22aa7eca5bacf3efba37a8ad2631a1089e699e841828ec0fea09fb1cc9c236,b7087b059939b73344b86e5e56cbd56c1210aa6a8ac046e9a5a489c715b0d319,ff4cf311771465826cdffedc7bdaa206b95ecae13d4582b6308f340b81418e5e
639,1137,CU-101090|2026-04-06,85a770898f520dc0afe940c8885ad4cfbb32278991b44fe4917d965e0e008fae,ff4cf311771465826cdffedc7bdaa206b95ecae13d4582b6308f340b81418e5e,25d4f05de7ac748fce1f66734dca4dc8af4d5649dcf54bd3ce45cd50e42057d4
640,1138,CU-101090|2026-04-13,7217a46b7d1f5f75e7907304fbd64cb0f9f59d2ec7b8fd7af9217a9d30beef68,25d4f05de7ac748fce1f66734dca4dc8af4d5649dcf54bd3ce45cd50e42057d4,a88ba0994bedf47bc578ea754baa739531b10b2f129941ef6d01e462c07b2661
641,1139,CU-101090|2026-04-20,85ea22dc9a7f032c9b929ec85732d35ad4d61164e1bce14e1b494f8ff7d6a04f,a88ba0994bedf47bc578ea754baa739531b10b2f129941ef6d01e462c07b2661,afab72953a1063dbe77f734e9c97a763a43fb3f1c95a09eb7f47a274d2d098bc
642,1140,CU-101090|2026-04-27,86c8ce27d3deffb4dbfe11587a183d17c6f99e0128a8528666473c119f4e8e46,afab72953a1063dbe77f734e9c97a763a43fb3f1c95a09eb7f47a274d2d098bc,e58a16492677f4595733ccd9eab88bfc286f2b8e5648b352afd1bf434bdae688
643,1141,CU-101090|2026-05-11,0ef0c3f5ff8ba79a622235659f40d60e0b3dc88f25272597ac8b82edd92ce96a,e58a16492677f4595733ccd9eab88bfc286f2b8e5648b352afd1bf434bdae688,62286c794ceeabe7d2c6b869cb59f01cb44cbb98f89e0c69b2602aee7edd2683
644,1142,CU-101090|2026-05-18,64612259da9caea643ef9d53abea6f98bb85f873f6a7440838853f015df4f9fe,62286c794ceeabe7d2c6b869cb59f01cb44cbb98f89e0c69b2602aee7edd2683,1a89b41073e5ce4d5b8e004d64b3463900eb3d2fdfd9653eb15a017df80f2d98
645,1143,CU-101090|2026-06-01,043d94b69a6d8b9b80e0fc996c793e1ddbc19fb2bce782c4984f092e6fa5b51f,1a89b41073e5ce4d5b8e004d64b3463900eb3d2fdfd9653eb15a017df80f2d98,9c959f0062feb975ec15204110f16f3b9eadc9d698b169a7951e664b48c592e1
646,1144,CU-101090|2026-06-08,a957b5599cc6631cc8c2b4d5e1f2c1f18aedff4632418a67178d92c1a7150d15,9c959f0062feb975ec15204110f16f3b9eadc9d698b169a7951e664b48c592e1,6f8e93cd12a1dc4d4ab5164e8c7adcd2b0d8fd03c23bcb93bc66efd534fa428c
647,1145,CU-101115|2025-11-03,b12670884057cdeae38bd91c4f184935e9d5e1db1f8e3191a497f859c21a344b,6f8e93cd12a1dc4d4ab5164e8c7adcd2b0d8fd03c23bcb93bc66efd534fa428c,459223f51f722b9c3b21afad4d243992c7156b7681d7a2c4944cd5f52e927566
648,1146,CU-101115|2025-11-24,1df2d6c58406512031bbba4395dfea17e40e7c695a85fddcf395ed46b847a3b1,459223f51f722b9c3b21afad4d243992c7156b7681d7a2c4944cd5f52e927566,f45ec08e9d21094c814f699fe1c38e055d5ce0f5094ef144858094e70eab20c3
649,1147,CU-101115|2026-03-16,ed93bbe0a5982afcea9881fcb56d0f201513806d216b6582a755466490149e1d,f45ec08e9d21094c814f699fe1c38e055d5ce0f5094ef144858094e70eab20c3,eda9e04521818667f75a39b2069e4737213d2307ac5ac703947bd29c4d98ac2a
650,1148,CU-101115|2026-05-18,493dc8d46239c3b8b43a30b51a4b299cd24e702a22422705ae55da803d20ab73,eda9e04521818667f75a39b2069e4737213d2307ac5ac703947bd29c4d98ac2a,d63350a483dce4e90102e85fc3010e5eb766a72dbd066025f5152d9678cf9d72
651,1149,CU-101115|2026-05-25,30f05569aff07b0ec6454eaff7f8410142bd497b3683bb89c5939a6f0e4915ac,d63350a483dce4e90102e85fc3010e5eb766a72dbd066025f5152d9678cf9d72,081654335d034a1c02d732fd03e60654dc2ffa0668e767228c1748f55800c9c0
652,1150,CU-101149|2025-08-11,b7b140b61179d091173b2c117e2e3b72262be953c1e22ba2b8162dfcf35d8b07,081654335d034a1c02d732fd03e60654dc2ffa0668e767228c1748f55800c9c0,02bc21b00b63ba5da650411ec62db2a0aa001797b6ca3a7e618dd4fde2b1f326
653,1151,CU-101149|2026-04-27,67205f5a53896ec5058c6c2636a95310883ce39030c7ecb04f81cb6fa96487d0,02bc21b00b63ba5da650411ec62db2a0aa001797b6ca3a7e618dd4fde2b1f326,4cecb5fd0967f9892ee44d1b3057a70f9ff1ff42458280f8e7c984c09225535a
654,1152,CU-101183|2026-02-16,596e4669c355621b59e1c222be9f5344873c363b5b45440ec7b674a1049fa3cd,4cecb5fd0967f9892ee44d1b3057a70f9ff1ff42458280f8e7c984c09225535a,f50eb70c6587e2d352cb0c846e7e642c49bd250510329b6180113b9707cd92cd
655,1153,CU-101183|2026-03-02,db742837a9041e99e1aaa8f803c64484a74209c86dd946830d389b228b5f0d5e,f50eb70c6587e2d352cb0c846e7e642c49bd250510329b6180113b9707cd92cd,18869f182d51014a567481bcd1f08c62d23fa16a5fa42169a11310c14e67c0a3
656,1154,CU-101191|2026-07-20,883db5523f0c9d1cc88bb9c16784cdb2b157eacf0efcd2f4b20b738017686ea1,18869f182d51014a567481bcd1f08c62d23fa16a5fa42169a11310c14e67c0a3,9176200f9cf68455e7dd5fe69c8950ebd438aa4ca1eed048c98473fb07f44341
657,1155,CU-100012|2025-08-18,6cbed089a2187bff7c94aee303dbf239bc49d52c78fec30569ec53a2f0d27eb6,9176200f9cf68455e7dd5fe69c8950ebd438aa4ca1eed048c98473fb07f44341,a24458460b16147adacbf0dd7b42078a9deb820d36845de698b676d586da3a82
658,1156,CU-100012|2025-09-08,ca4e43543c05d7ee582646605985b9818a431caec49c865cb9bf07ecaa9bc5c0,a24458460b16147adacbf0dd7b42078a9deb820d36845de698b676d586da3a82,01291ae8f4bc131a187e5ff781bad44907bd727cd2ffa04f4aa812369985ecec
659,1157,CU-100012|2025-11-03,eed3b440886e904f9195ec4198450ef091b73fd2903206dfecbc26a8b28d4457,01291ae8f4bc131a187e5ff781bad44907bd727cd2ffa04f4aa812369985ecec,fb7c6f8d6dec937968bbd7f41a30fc81a7f56da74583adfbf162a9be6c8083e0
660,1158,CU-100012|2025-12-15,22cb890945a3dce974879fc4f60d1c4451f4cc895adbd92ed6bf03827ebd2496,fb7c6f8d6dec937968bbd7f41a30fc81a7f56da74583adfbf162a9be6c8083e0,64ade6d8f09259e13aea9df892b14b542baa8508781be1d19b81d9f09fc45ca9
661,1159,CU-100027|2025-12-01,3d9ac466fa064b4f5ce2b1bfb42bc1cf722853ffdfa63645fa2f0ca104014f82,64ade6d8f09259e13aea9df892b14b542baa8508781be1d19b81d9f09fc45ca9,af2d8849525de58ec7714557d7c939528a2eb7f69ae67ea1b624bce2dd386a80
662,1160,CU-100044|2025-12-15,8e109142096df99baa3c1204a04d829bcc176a51848c5aa06d185e2cde0fbd7c,af2d8849525de58ec7714557d7c939528a2eb7f69ae67ea1b624bce2dd386a80,1a545f23ed19d5fff1632f3ab8ebd82e3603248afd2f5d0516b94487f1f370ac
663,1161,CU-100044|2026-01-05,dda0dd43ffe85a318ffbe14e9973cb2a60e98f35b99d689e8b63248b964d643d,1a545f23ed19d5fff1632f3ab8ebd82e3603248afd2f5d0516b94487f1f370ac,48c38d205aec7aa60503af8145156b8db92ed4acc03f2b51b4d6b9a096bfd5c6
664,1162,CU-100047|2025-11-10,50a6ec7f2cfb64c1ab80f3faca06d1a1b4f1c56246da7d46bb386226ee47fcc1,48c38d205aec7aa60503af8145156b8db92ed4acc03f2b51b4d6b9a096bfd5c6,6f9f822d5ef58b422f54eaec328c68f9061010e8038a4d25c7452287bbb6d6c6
665,1163,CU-100047|2025-11-24,a70f0b7414b6486abe5e0ec28f10629d315097d32836bfa0d9cadfd5ae5ccde5,6f9f822d5ef58b422f54eaec328c68f9061010e8038a4d25c7452287bbb6d6c6,0db51ef5783ecd369815ee3fe604ea4e17520a814c3c2762389b4a88f5be8f58
666,1164,CU-100047|2025-12-01,9cf27d9c5af044d188c2fac338ebea625ce4bf461f982867bb7bb8c37d207c84,0db51ef5783ecd369815ee3fe604ea4e17520a814c3c2762389b4a88f5be8f58,409c6286c97450352d2dba7731e232037847c7d315a12c62189c231e9525f1e3
667,1165,CU-100047|2025-12-29,be0d65814e775d8b2f4135e90b025d010b30b651c7513c46c8b7f980f93ab78d,409c6286c97450352d2dba7731e232037847c7d315a12c62189c231e9525f1e3,236026f07d0686952f32e193089e7e01837cfdcfdfbdcfb8ed2e3ff8ae577a15
668,1166,CU-100047|2026-04-13,58d328c76af81c9416a84ef1288e52a92b33d70bc5426a6480b1cdaa0ef52e93,236026f07d0686952f32e193089e7e01837cfdcfdfbdcfb8ed2e3ff8ae577a15,8ac68e18cde336b3fae3864904929abfe7fd9e9812e4af7759e9b2788baf0a64
669,1167,CU-100047|2026-05-04,3080c541e1c12f120fe23b1fd1cfa87edbcdc5f7e1a14513f5335ce3fc0e62b6,8ac68e18cde336b3fae3864904929abfe7fd9e9812e4af7759e9b2788baf0a64,65a3b2d1985b738c0613d9949207ebfe3a56f84c7984429c104140eab47906b6
670,1168,CU-100047|2026-05-25,cb9a3c2b3e185fa1b6bce7786f43490d9d6cbc9c9b11a997e2f96e5b8f27c7f9,65a3b2d1985b738c0613d9949207ebfe3a56f84c7984429c104140eab47906b6,6a586fd9bc4145449d5f3f189ab6c9b8b53606e2412af6921d78b04af53539ba
671,1169,CU-100101|2025-12-22,951a7ff8d304fa4fe6538fcc738f2f510a631f6df21281166ad0b22606a28ba0,6a586fd9bc4145449d5f3f189ab6c9b8b53606e2412af6921d78b04af53539ba,f7d7f9412ce29404c3a260ed1d90a26693c51de9040586f0f1004300848a0b9b
672,1170,CU-100101|2026-05-04,0e760d9701e4d5c1162c5e4b11403d0dfe36ad95b156ba63348cc0bb2675e9fa,f7d7f9412ce29404c3a260ed1d90a26693c51de9040586f0f1004300848a0b9b,b6d476f4fad54b84857f86cc24aa4f2b980b6bea29ec0c2a19cf92fb811cec06
673,1171,CU-100101|2026-05-18,89c864a42d72b7afe67aba10ec0ce212057a2ec598048e07d1cb5e64493b22c3,b6d476f4fad54b84857f86cc24aa4f2b980b6bea29ec0c2a19cf92fb811cec06,8e51bc71c9808d84ba7c5bede643b1976e54a9b377635e21b2d6af5656898ecf
674,1172,CU-100101|2026-06-22,2e7d7f23ce31fa094bae52f8ba85cf04b89b18abade6f3a703984777be745e0f,8e51bc71c9808d84ba7c5bede643b1976e54a9b377635e21b2d6af5656898ecf,cce625030b11051eeac42997ece6e8a72455eb7a1ac744d0278d89e4e224c9d1
675,1173,CU-100110|2025-07-28,7495970dd1af1e78f9437b9616afe435fa4841d660665d905cd0f9b9e8dbacea,cce625030b11051eeac42997ece6e8a72455eb7a1ac744d0278d89e4e224c9d1,970c9eb89ec39d0a24f4a1699a4b63e967b0701d7166e5fc24a10a47080deeba
676,1174,CU-100120|2026-03-09,a3849d3ab332190b1a1c85a7d2cc6f8ed02babcabdd20e30b1f364af9b3f494f,970c9eb89ec39d0a24f4a1699a4b63e967b0701d7166e5fc24a10a47080deeba,58a6a997e6f136d361b70f5b7eb3969dec0f205470712ccc3f0b28b4169e5356
677,1175,CU-100121|2025-06-30,7076e771e2e34174cab16a20593c57274b8b1f6cb5d6500c0a9486c9d815f367,58a6a997e6f136d361b70f5b7eb3969dec0f205470712ccc3f0b28b4169e5356,643ec99847ab77a1e18d69f683c803d19d0db1d2da1d99f5199efeaceba575e7
678,1176,CU-100121|2025-07-14,883bf97518a1be1cb9a6d02fa100dc94270ac7bf557aa3836fbac6b2975fd380,643ec99847ab77a1e18d69f683c803d19d0db1d2da1d99f5199efeaceba575e7,ed9506152e1412a8ddcb450c773762a86dd2c4fa46ba90e4a5a1bf5c827f485f
679,1177,CU-100121|2025-07-28,aec019fc36f170bffbe2452c533f0320e96398094fe9940162ee14e935fd5fb1,ed9506152e1412a8ddcb450c773762a86dd2c4fa46ba90e4a5a1bf5c827f485f,ee513a88101a2adc332899821e7777029d90f8fafd9cc9656f0987ab88f59d75
680,1178,CU-100121|2025-08-04,f84ec225c39f51397fe1234fa0e66edf44d8059581f5136284f30b8b95f591e9,ee513a88101a2adc332899821e7777029d90f8fafd9cc9656f0987ab88f59d75,acbcc92fecc08af4cc862f556e3b471d42eef9052851546eeacd2aad647cf7c6
681,1179,CU-100121|2025-08-25,78fa2313ea114661882979cf661c7f17806d8e37b4638c72d86fc1f11ae578bc,acbcc92fecc08af4cc862f556e3b471d42eef9052851546eeacd2aad647cf7c6,c8f2ac7c9ef69608cef90f3f4321a3a06aba38299900bb41d306bf55be8da6b4
682,1180,CU-100121|2026-02-16,92efd7f4f5204426b9bd3d03dc407056e5ca09bc76ae9271c6df4a4b92ed6272,c8f2ac7c9ef69608cef90f3f4321a3a06aba38299900bb41d306bf55be8da6b4,36a2b6081a38f3a040bcb46b9b32470c6aa1d8b5ad85d505dda9ec40f3b9a147
683,1181,CU-100121|2026-03-02,9afd0ee347c2d71675449b4cba1bd405c761725ad4d9a42855ebde0af3698ae9,36a2b6081a38f3a040bcb46b9b32470c6aa1d8b5ad85d505dda9ec40f3b9a147,23e72bfb0302c1280ba45c82bfcead973a3c9ef39d5297d966e15d901c20dcb2
684,1182,CU-100124|2026-06-15,1f7f8f9148f329b149c2d00767c994f1c66d7cc80256c3d8bac9ed61b2ce8611,23e72bfb0302c1280ba45c82bfcead973a3c9ef39d5297d966e15d901c20dcb2,200f87b954f08e1410751b7fafc9759d8f438c3d2a75d3a97dc94def4436d006
685,1183,CU-100150|2025-08-04,9c2ce7cd09dbe001dbd13de16f713268140d8aec47e05af9a7b2ec42843bccd0,200f87b954f08e1410751b7fafc9759d8f438c3d2a75d3a97dc94def4436d006,0aed5aac3271d1001ae93d9e1b8c90815189f89cfd2c0c92d7653c8ccf9d0d23
686,1184,CU-100150|2025-09-29,a941d986ebe3944b46b9038fbc96ccff1208789370b0d9bc99818819fd517744,0aed5aac3271d1001ae93d9e1b8c90815189f89cfd2c0c92d7653c8ccf9d0d23,c14f77e00759f899c8b1016cfe6cf72dc3d97e762000f86a7ad94883fbda25cd
687,1185,CU-100150|2025-11-03,fe11295eaf7fca454df883690c013dd2e2322c8fa3eb9924ec19849c6073eb49,c14f77e00759f899c8b1016cfe6cf72dc3d97e762000f86a7ad94883fbda25cd,a0d16fadeae3ba73350d22606eacf3b7b8efdf3b01a4fbf1b2e401496a916e3e
