CUSTOMER_ID,WEEK_START,WEEK_END,AGGREGATE_AMOUNT,TXN_COUNT,ARCHETYPE,IS_TRULY_SUSPICIOUS
CU-100012,2025-08-18,2025-08-24,950014.20,6,MULE,TRUE
CU-100012,2025-09-08,2025-09-14,906271.98,7,MULE,TRUE
CU-100012,2025-11-03,2025-11-09,976357.65,5,MULE,TRUE
CU-100012,2025-12-15,2025-12-21,819416.61,7,MULE,TRUE
CU-100012,2025-12-22,2025-12-28,924163.90,5,MULE,TRUE
CU-100012,2026-01-19,2026-01-25,923013.35,6,MULE,TRUE
CU-100012,2026-02-16,2026-02-22,818641.75,9,MULE,TRUE
CU-100012,2026-04-13,2026-04-19,801940.24,2,MULE,TRUE
CU-100012,2026-06-01,2026-06-07,844755.04,2,MULE,TRUE
CU-100012,2026-06-08,2026-06-14,860934.83,11,MULE,TRUE
CU-100012,2026-06-22,2026-06-28,845104.81,2,MULE,TRUE
CU-100012,2026-07-20,2026-07-26,803268.79,7,MULE,TRUE
CU-100027,2025-12-01,2025-12-07,897750.94,6,LAYERING,TRUE
CU-100034,2025-06-30,2025-07-06,928882.29,3,CASH_BUSINESS,FALSE
CU-100034,2025-07-07,2025-07-13,961182.30,4,CASH_BUSINESS,FALSE
CU-100034,2025-07-21,2025-07-27,978009.23,4,CASH_BUSINESS,FALSE
CU-100034,2025-08-04,2025-08-10,868325.75,5,CASH_BUSINESS,FALSE
CU-100034,2025-08-25,2025-08-31,800981.67,4,CASH_BUSINESS,FALSE
CU-100034,2025-09-08,2025-09-14,969124.79,6,CASH_BUSINESS,FALSE
CU-100034,2025-09-15,2025-09-21,822751.88,3,CASH_BUSINESS,FALSE
CU-100034,2025-09-22,2025-09-28,853274.21,4,CASH_BUSINESS,FALSE
CU-100034,2025-10-20,2025-10-26,938689.01,6,CASH_BUSINESS,FALSE
CU-100034,2025-11-03,2025-11-09,918240.35,8,CASH_BUSINESS,FALSE
CU-100034,2025-11-10,2025-11-16,874637.38,5,CASH_BUSINESS,FALSE
CU-100034,2025-11-17,2025-11-23,892345.10,5,CASH_BUSINESS,FALSE
CU-100034,2025-12-15,2025-12-21,882851.51,8,CASH_BUSINESS,FALSE
CU-100034,2026-01-12,2026-01-18,859202.52,4,CASH_BUSINESS,FALSE
CU-100034,2026-01-26,2026-02-01,911501.46,4,CASH_BUSINESS,FALSE
CU-100034,2026-02-02,2026-02-08,959124.68,6,CASH_BUSINESS,FALSE
CU-100034,2026-02-09,2026-02-15,907550.95,5,CASH_BUSINESS,FALSE
CU-100034,2026-03-09,2026-03-15,948556.12,7,CASH_BUSINESS,FALSE
CU-100034,2026-04-20,2026-04-26,904125.12,4,CASH_BUSINESS,FALSE
CU-100034,2026-05-25,2026-05-31,808337.63,7,CASH_BUSINESS,FALSE
CU-100034,2026-06-01,2026-06-07,977519.29,4,CASH_BUSINESS,FALSE
CU-100034,2026-06-08,2026-06-14,930832.23,6,CASH_BUSINESS,FALSE
CU-100034,2026-06-15,2026-06-21,954738.73,5,CASH_BUSINESS,FALSE
CU-100034,2026-06-22,2026-06-28,957423.99,4,CASH_BUSINESS,FALSE
CU-100034,2026-07-06,2026-07-12,877436.68,4,CASH_BUSINESS,FALSE
CU-100034,2026-07-27,2026-08-02,862173.31,7,CASH_BUSINESS,FALSE
CU-100038,2025-07-21,2025-07-27,966328.92,11,CASH_BUSINESS,FALSE
CU-100038,2025-07-28,2025-08-03,912379.59,9,CASH_BUSINESS,FALSE
CU-100038,2025-08-11,2025-08-17,993552.96,7,CASH_BUSINESS,FALSE
CU-100038,2025-09-01,2025-09-07,962017.11,12,CASH_BUSINESS,FALSE
CU-100038,2025-10-13,2025-10-19,939701.90,8,CASH_BUSINESS,FALSE
CU-100038,2025-11-10,2025-11-16,896167.91,9,CASH_BUSINESS,FALSE
CU-100038,2026-01-19,2026-01-25,819455.35,11,CASH_BUSINESS,FALSE
CU-100038,2026-02-16,2026-02-22,993425.97,7,CASH_BUSINESS,FALSE
CU-100038,2026-02-23,2026-03-01,844207.02,7,CASH_BUSINESS,FALSE
CU-100038,2026-08-03,2026-08-09,843029.77,9,CASH_BUSINESS,FALSE
CU-100044,2025-12-15,2025-12-21,934477.45,6,CASH_BUSINESS,FALSE
CU-100044,2026-01-05,2026-01-11,961676.21,3,CASH_BUSINESS,FALSE
CU-100044,2026-03-02,2026-03-08,882553.30,6,CASH_BUSINESS,FALSE
CU-100044,2026-03-09,2026-03-15,819462.04,4,CASH_BUSINESS,FALSE
CU-100044,2026-03-16,2026-03-22,808766.21,6,CASH_BUSINESS,FALSE
CU-100044,2026-03-30,2026-04-05,814971.54,3,CASH_BUSINESS,FALSE
CU-100044,2026-04-06,2026-04-12,934249.39,7,CASH_BUSINESS,FALSE
CU-100044,2026-04-13,2026-04-19,884558.58,5,CASH_BUSINESS,FALSE
CU-100044,2026-04-20,2026-04-26,826531.13,5,CASH_BUSINESS,FALSE
CU-100044,2026-04-27,2026-05-03,920481.35,5,CASH_BUSINESS,FALSE
CU-100047,2025-06-30,2025-07-06,867862.12,6,MULE,TRUE
CU-100047,2025-07-07,2025-07-13,810468.61,2,MULE,TRUE
CU-100047,2025-11-10,2025-11-16,820463.42,4,MULE,TRUE
CU-100047,2025-11-17,2025-11-23,957761.85,4,MULE,TRUE
CU-100047,2025-11-24,2025-11-30,940785.85,4,MULE,TRUE
CU-100047,2025-12-01,2025-12-07,824744.70,2,MULE,TRUE
CU-100047,2025-12-29,2026-01-04,891159.46,5,MULE,TRUE
CU-100047,2026-04-06,2026-04-12,886504.22,6,MULE,TRUE
CU-100047,2026-04-13,2026-04-19,854450.10,3,MULE,TRUE
CU-100047,2026-04-20,2026-04-26,922814.59,5,MULE,TRUE
CU-100047,2026-04-27,2026-05-03,824405.07,2,MULE,TRUE
CU-100047,2026-05-04,2026-05-10,964213.95,3,MULE,TRUE
CU-100047,2026-05-18,2026-05-24,836335.40,5,MULE,TRUE
CU-100047,2026-05-25,2026-05-31,912160.03,8,MULE,TRUE
CU-100047,2026-06-08,2026-06-14,951324.71,7,MULE,TRUE
CU-100061,2025-11-03,2025-11-09,997096.21,11,LAYERING,TRUE
CU-100061,2026-01-12,2026-01-18,966951.42,8,LAYERING,TRUE
CU-100061,2026-04-06,2026-04-12,996676.97,9,LAYERING,TRUE
CU-100061,2026-05-04,2026-05-10,992046.11,10,LAYERING,TRUE
CU-100080,2025-07-21,2025-07-27,845081.07,10,CASH_BUSINESS,FALSE
CU-100080,2025-07-28,2025-08-03,843893.69,6,CASH_BUSINESS,FALSE
CU-100080,2025-08-11,2025-08-17,978702.44,6,CASH_BUSINESS,FALSE
CU-100080,2025-08-18,2025-08-24,852484.21,11,CASH_BUSINESS,FALSE
CU-100080,2025-09-08,2025-09-14,888639.73,8,CASH_BUSINESS,FALSE
CU-100080,2025-09-15,2025-09-21,966220.10,7,CASH_BUSINESS,FALSE
CU-100080,2025-09-22,2025-09-28,847882.68,8,CASH_BUSINESS,FALSE
CU-100080,2025-10-06,2025-10-12,824415.11,2,CASH_BUSINESS,FALSE
CU-100080,2025-11-03,2025-11-09,846508.79,9,CASH_BUSINESS,FALSE
CU-100080,2025-11-17,2025-11-23,850960.90,8,CASH_BUSINESS,FALSE
CU-100080,2025-12-08,2025-12-14,871229.02,7,CASH_BUSINESS,FALSE
CU-100080,2026-01-26,2026-02-01,883270.89,2,CASH_BUSINESS,FALSE
CU-100080,2026-03-23,2026-03-29,841172.43,2,CASH_BUSINESS,FALSE
CU-100080,2026-03-30,2026-04-05,912993.77,10,CASH_BUSINESS,FALSE
CU-100080,2026-06-08,2026-06-14,979705.21,10,CASH_BUSINESS,FALSE
CU-100082,2025-07-07,2025-07-13,837694.90,7,CASH_BUSINESS,FALSE
CU-100082,2025-08-18,2025-08-24,844499.62,9,CASH_BUSINESS,FALSE
CU-100082,2025-10-13,2025-10-19,909918.11,9,CASH_BUSINESS,FALSE
CU-100082,2025-10-27,2025-11-02,863156.01,11,CASH_BUSINESS,FALSE
CU-100082,2025-11-17,2025-11-23,867484.25,12,CASH_BUSINESS,FALSE
CU-100082,2026-02-16,2026-02-22,869590.92,7,CASH_BUSINESS,FALSE
CU-100082,2026-04-06,2026-04-12,904517.99,10,CASH_BUSINESS,FALSE
CU-100082,2026-04-20,2026-04-26,903239.57,9,CASH_BUSINESS,FALSE
CU-100083,2025-07-14,2025-07-20,933588.31,7,LAYERING,TRUE
CU-100083,2025-07-28,2025-08-03,890054.97,6,LAYERING,TRUE
CU-100083,2025-09-08,2025-09-14,869081.06,13,LAYERING,TRUE
CU-100083,2025-09-22,2025-09-28,820088.99,2,LAYERING,TRUE
CU-100083,2025-09-29,2025-10-05,906818.13,9,LAYERING,TRUE
CU-100083,2025-12-29,2026-01-04,885960.82,6,LAYERING,TRUE
CU-100083,2026-01-12,2026-01-18,939461.98,5,LAYERING,TRUE
CU-100083,2026-01-19,2026-01-25,943319.27,8,LAYERING,TRUE
CU-100083,2026-01-26,2026-02-01,983101.15,9,LAYERING,TRUE
CU-100083,2026-02-02,2026-02-08,886603.03,6,LAYERING,TRUE
CU-100083,2026-02-09,2026-02-15,850177.59,9,LAYERING,TRUE
CU-100083,2026-03-02,2026-03-08,933621.62,5,LAYERING,TRUE
CU-100083,2026-03-09,2026-03-15,857501.26,10,LAYERING,TRUE
CU-100083,2026-04-13,2026-04-19,957185.36,9,LAYERING,TRUE
CU-100083,2026-04-20,2026-04-26,832724.81,2,LAYERING,TRUE
CU-100083,2026-04-27,2026-05-03,855402.17,9,LAYERING,TRUE
CU-100083,2026-05-18,2026-05-24,842088.25,2,LAYERING,TRUE
CU-100083,2026-05-25,2026-05-31,964093.11,8,LAYERING,TRUE
CU-100083,2026-06-15,2026-06-21,889555.57,11,LAYERING,TRUE
CU-100083,2026-07-06,2026-07-12,837398.95,9,LAYERING,TRUE
CU-100083,2026-07-20,2026-07-26,809116.34,5,LAYERING,TRUE
CU-100083,2026-07-27,2026-08-02,949362.20,7,LAYERING,TRUE
CU-100083,2026-08-03,2026-08-09,981117.78,3,LAYERING,TRUE
CU-100099,2025-11-03,2025-11-09,805566.41,5,MULE,TRUE
CU-100099,2025-11-17,2025-11-23,841989.81,5,MULE,TRUE
CU-100099,2025-12-08,2025-12-14,906470.07,4,MULE,TRUE
CU-100099,2026-02-09,2026-02-15,849760.15,4,MULE,TRUE
CU-100099,2026-02-16,2026-02-22,801645.02,3,MULE,TRUE
CU-100099,2026-03-02,2026-03-08,811166.84,3,MULE,TRUE
CU-100099,2026-05-04,2026-05-10,949610.07,2,MULE,TRUE
CU-100099,2026-05-11,2026-05-17,932328.35,5,MULE,TRUE
CU-100099,2026-05-25,2026-05-31,936923.60,5,MULE,TRUE
CU-100100,2025-09-15,2025-09-21,813742.99,9,LAYERING,TRUE
CU-100100,2025-10-06,2025-10-12,893752.04,11,LAYERING,TRUE
CU-100100,2025-10-20,2025-10-26,820092.77,9,LAYERING,TRUE
CU-100100,2026-01-05,2026-01-11,898151.78,2,LAYERING,TRUE
CU-100100,2026-01-19,2026-01-25,828852.76,10,LAYERING,TRUE
CU-100100,2026-01-26,2026-02-01,804365.95,11,LAYERING,TRUE
CU-100100,2026-02-02,2026-02-08,945434.41,12,LAYERING,TRUE
CU-100100,2026-03-02,2026-03-08,986443.02,12,LAYERING,TRUE
CU-100100,2026-05-25,2026-05-31,946103.63,11,LAYERING,TRUE
CU-100101,2025-12-22,2025-12-28,931091.82,2,MULE,TRUE
CU-100101,2026-01-05,2026-01-11,834422.97,6,MULE,TRUE
CU-100101,2026-01-12,2026-01-18,962618.67,4,MULE,TRUE
CU-100101,2026-01-19,2026-01-25,861697.36,7,MULE,TRUE
CU-100101,2026-02-02,2026-02-08,965312.58,7,MULE,TRUE
CU-100101,2026-05-04,2026-05-10,979394.50,3,MULE,TRUE
CU-100101,2026-05-11,2026-05-17,902058.62,5,MULE,TRUE
CU-100101,2026-05-18,2026-05-24,865559.36,7,MULE,TRUE
CU-100101,2026-06-01,2026-06-07,857822.37,2,MULE,TRUE
CU-100101,2026-06-22,2026-06-28,846654.71,4,MULE,TRUE
CU-100101,2026-06-29,2026-07-05,801866.85,5,MULE,TRUE
CU-100104,2025-06-30,2025-07-06,831367.76,8,CASH_BUSINESS,FALSE
CU-100104,2025-07-14,2025-07-20,919017.15,6,CASH_BUSINESS,FALSE
CU-100104,2025-07-21,2025-07-27,824712.38,10,CASH_BUSINESS,FALSE
CU-100104,2025-08-04,2025-08-10,881351.76,11,CASH_BUSINESS,FALSE
CU-100104,2025-08-25,2025-08-31,896036.11,8,CASH_BUSINESS,FALSE
CU-100104,2025-09-08,2025-09-14,972705.90,11,CASH_BUSINESS,FALSE
CU-100104,2025-09-22,2025-09-28,885856.59,12,CASH_BUSINESS,FALSE
CU-100104,2025-09-29,2025-10-05,895170.55,11,CASH_BUSINESS,FALSE
CU-100104,2025-11-24,2025-11-30,823181.60,9,CASH_BUSINESS,FALSE
CU-100104,2025-12-15,2025-12-21,814271.93,7,CASH_BUSINESS,FALSE
CU-100104,2025-12-29,2026-01-04,854936.30,9,CASH_BUSINESS,FALSE
CU-100104,2026-01-05,2026-01-11,845094.38,11,CASH_BUSINESS,FALSE
CU-100104,2026-01-26,2026-02-01,858617.57,7,CASH_BUSINESS,FALSE
CU-100104,2026-02-02,2026-02-08,895297.60,11,CASH_BUSINESS,FALSE
CU-100104,2026-02-09,2026-02-15,959415.89,7,CASH_BUSINESS,FALSE
CU-100104,2026-02-23,2026-03-01,879394.01,12,CASH_BUSINESS,FALSE
CU-100104,2026-03-09,2026-03-15,898701.79,6,CASH_BUSINESS,FALSE
CU-100104,2026-03-23,2026-03-29,801958.37,6,CASH_BUSINESS,FALSE
CU-100104,2026-04-06,2026-04-12,811495.26,9,CASH_BUSINESS,FALSE
CU-100104,2026-04-20,2026-04-26,924833.75,5,CASH_BUSINESS,FALSE
CU-100104,2026-05-04,2026-05-10,900840.14,10,CASH_BUSINESS,FALSE
CU-100104,2026-06-22,2026-06-28,946541.37,5,CASH_BUSINESS,FALSE
CU-100104,2026-06-29,2026-07-05,987913.48,10,CASH_BUSINESS,FALSE
CU-100104,2026-07-06,2026-07-12,864201.73,8,CASH_BUSINESS,FALSE
CU-100104,2026-07-27,2026-08-02,957769.66,12,CASH_BUSINESS,FALSE
CU-100104,2026-08-03,2026-08-09,849693.27,8,CASH_BUSINESS,FALSE
CU-100105,2025-06-30,2025-07-06,987721.27,10,CASH_BUSINESS,FALSE
CU-100105,2025-07-07,2025-07-13,820203.31,7,CASH_BUSINESS,FALSE
CU-100105,2025-07-28,2025-08-03,864510.94,11,CASH_BUSINESS,FALSE
CU-100105,2025-08-04,2025-08-10,833112.46,6,CASH_BUSINESS,FALSE
CU-100105,2025-08-11,2025-08-17,894681.47,9,CASH_BUSINESS,FALSE
CU-100105,2025-09-01,2025-09-07,916137.60,9,CASH_BUSINESS,FALSE
CU-100105,2025-09-29,2025-10-05,946074.81,9,CASH_BUSINESS,FALSE
CU-100105,2025-10-13,2025-10-19,916805.09,12,CASH_BUSINESS,FALSE
CU-100105,2025-11-03,2025-11-09,805768.39,5,CASH_BUSINESS,FALSE
CU-100105,2025-11-17,2025-11-23,914457.50,9,CASH_BUSINESS,FALSE
CU-100105,2025-12-15,2025-12-21,827250.35,11,CASH_BUSINESS,FALSE
CU-100105,2025-12-29,2026-01-04,845962.89,6,CASH_BUSINESS,FALSE
CU-100105,2026-01-05,2026-01-11,808793.67,6,CASH_BUSINESS,FALSE
CU-100105,2026-01-26,2026-02-01,929341.00,7,CASH_BUSINESS,FALSE
CU-100105,2026-03-16,2026-03-22,890981.00,12,CASH_BUSINESS,FALSE
CU-100105,2026-05-04,2026-05-10,814380.85,6,CASH_BUSINESS,FALSE
CU-100105,2026-05-11,2026-05-17,948982.31,10,CASH_BUSINESS,FALSE
CU-100105,2026-06-01,2026-06-07,854032.31,9,CASH_BUSINESS,FALSE
CU-100105,2026-06-15,2026-06-21,843193.45,5,CASH_BUSINESS,FALSE
CU-100105,2026-06-29,2026-07-05,903885.78,12,CASH_BUSINESS,FALSE
CU-100110,2025-07-14,2025-07-20,934201.38,7,CASH_BUSINESS,FALSE
CU-100110,2025-07-28,2025-08-03,929541.79,10,CASH_BUSINESS,FALSE
CU-100110,2025-08-11,2025-08-17,829714.09,6,CASH_BUSINESS,FALSE
CU-100110,2025-09-01,2025-09-07,819969.91,9,CASH_BUSINESS,FALSE
CU-100110,2025-09-08,2025-09-14,813068.05,10,CASH_BUSINESS,FALSE
CU-100110,2025-09-15,2025-09-21,976769.62,7,CASH_BUSINESS,FALSE
CU-100110,2025-09-29,2025-10-05,889344.19,12,CASH_BUSINESS,FALSE
CU-100110,2025-10-06,2025-10-12,840932.22,12,CASH_BUSINESS,FALSE
CU-100110,2025-10-13,2025-10-19,917715.00,5,CASH_BUSINESS,FALSE
CU-100110,2025-10-20,2025-10-26,840181.29,6,CASH_BUSINESS,FALSE
CU-100110,2025-11-17,2025-11-23,801733.99,11,CASH_BUSINESS,FALSE
CU-100110,2025-12-22,2025-12-28,902998.09,10,CASH_BUSINESS,FALSE
CU-100110,2025-12-29,2026-01-04,954703.18,6,CASH_BUSINESS,FALSE
CU-100110,2026-02-02,2026-02-08,898869.35,6,CASH_BUSINESS,FALSE
CU-100110,2026-03-23,2026-03-29,913896.42,8,CASH_BUSINESS,FALSE
CU-100110,2026-04-06,2026-04-12,971725.75,8,CASH_BUSINESS,FALSE
CU-100110,2026-06-22,2026-06-28,996587.11,9,CASH_BUSINESS,FALSE
CU-100112,2025-08-18,2025-08-24,970095.71,12,LAYERING,TRUE
CU-100112,2025-10-27,2025-11-02,945866.71,12,LAYERING,TRUE
CU-100112,2026-02-16,2026-02-22,812340.16,5,LAYERING,TRUE
CU-100112,2026-04-06,2026-04-12,933839.33,10,LAYERING,TRUE
CU-100112,2026-04-13,2026-04-19,888624.96,5,LAYERING,TRUE
CU-100112,2026-07-20,2026-07-26,815734.88,5,LAYERING,TRUE
CU-100112,2026-08-03,2026-08-09,826268.14,2,LAYERING,TRUE
CU-100117,2025-06-30,2025-07-06,877262.46,5,CASH_BUSINESS,FALSE
CU-100117,2025-07-21,2025-07-27,832792.47,6,CASH_BUSINESS,FALSE
CU-100117,2025-08-04,2025-08-10,997394.90,9,CASH_BUSINESS,FALSE
CU-100117,2025-08-11,2025-08-17,928471.80,10,CASH_BUSINESS,FALSE
CU-100117,2025-09-22,2025-09-28,971672.76,6,CASH_BUSINESS,FALSE
CU-100117,2025-10-06,2025-10-12,881491.98,2,CASH_BUSINESS,FALSE
CU-100117,2025-10-13,2025-10-19,915957.11,12,CASH_BUSINESS,FALSE
CU-100117,2025-10-27,2025-11-02,924308.71,6,CASH_BUSINESS,FALSE
CU-100117,2025-11-03,2025-11-09,990592.89,7,CASH_BUSINESS,FALSE
CU-100117,2025-12-08,2025-12-14,936747.24,12,CASH_BUSINESS,FALSE
CU-100117,2025-12-22,2025-12-28,886540.55,7,CASH_BUSINESS,FALSE
CU-100117,2026-02-02,2026-02-08,872835.66,12,CASH_BUSINESS,FALSE
CU-100117,2026-02-09,2026-02-15,879285.81,7,CASH_BUSINESS,FALSE
CU-100117,2026-04-20,2026-04-26,842555.55,2,CASH_BUSINESS,FALSE
CU-100117,2026-05-04,2026-05-10,856000.25,2,CASH_BUSINESS,FALSE
CU-100117,2026-06-15,2026-06-21,885748.36,12,CASH_BUSINESS,FALSE
CU-100117,2026-06-29,2026-07-05,961398.72,9,CASH_BUSINESS,FALSE
CU-100117,2026-07-20,2026-07-26,954426.19,7,CASH_BUSINESS,FALSE
CU-100119,2025-07-14,2025-07-20,821864.89,5,CASH_BUSINESS,FALSE
CU-100119,2025-07-28,2025-08-03,995096.57,11,CASH_BUSINESS,FALSE
CU-100119,2025-08-04,2025-08-10,993539.32,12,CASH_BUSINESS,FALSE
CU-100119,2025-09-01,2025-09-07,826973.28,5,CASH_BUSINESS,FALSE
CU-100119,2025-11-24,2025-11-30,866083.02,5,CASH_BUSINESS,FALSE
CU-100119,2025-12-29,2026-01-04,852436.21,9,CASH_BUSINESS,FALSE
CU-100119,2026-02-09,2026-02-15,992415.64,8,CASH_BUSINESS,FALSE
CU-100119,2026-02-16,2026-02-22,876247.59,12,CASH_BUSINESS,FALSE
CU-100119,2026-03-09,2026-03-15,902411.24,12,CASH_BUSINESS,FALSE
CU-100119,2026-03-16,2026-03-22,970203.55,6,CASH_BUSINESS,FALSE
CU-100119,2026-03-30,2026-04-05,903291.60,8,CASH_BUSINESS,FALSE
CU-100119,2026-04-13,2026-04-19,859217.79,10,CASH_BUSINESS,FALSE
CU-100119,2026-04-20,2026-04-26,830086.66,9,CASH_BUSINESS,FALSE
CU-100119,2026-07-06,2026-07-12,984876.13,8,CASH_BUSINESS,FALSE
CU-100120,2026-01-19,2026-01-25,941870.56,7,MULE,TRUE
CU-100120,2026-01-26,2026-02-01,925759.04,6,MULE,TRUE
CU-100120,2026-02-02,2026-02-08,803671.39,4,MULE,TRUE
CU-100120,2026-02-09,2026-02-15,976735.38,5,MULE,TRUE
CU-100120,2026-02-16,2026-02-22,968848.81,6,MULE,TRUE
CU-100120,2026-03-09,2026-03-15,891070.62,7,MULE,TRUE
CU-100121,2025-06-30,2025-07-06,849889.71,5,MULE,TRUE
CU-100121,2025-07-07,2025-07-13,823620.23,6,MULE,TRUE
CU-100121,2025-07-14,2025-07-20,892265.07,5,MULE,TRUE
CU-100121,2025-07-21,2025-07-27,939621.51,4,MULE,TRUE
CU-100121,2025-07-28,2025-08-03,975994.10,4,MULE,TRUE
CU-100121,2025-08-04,2025-08-10,806563.79,5,MULE,TRUE
CU-100121,2025-08-11,2025-08-17,939653.93,3,MULE,TRUE
CU-100121,2025-08-25,2025-08-31,839528.33,3,MULE,TRUE
CU-100121,2025-09-01,2025-09-07,812534.11,4,MULE,TRUE
CU-100121,2026-01-26,2026-02-01,824614.36,6,MULE,TRUE
CU-100121,2026-02-16,2026-02-22,819312.35,3,MULE,TRUE
CU-100121,2026-02-23,2026-03-01,844222.25,8,MULE,TRUE
CU-100121,2026-03-02,2026-03-08,912092.74,7,MULE,TRUE
CU-100121,2026-03-09,2026-03-15,957480.35,6,MULE,TRUE
CU-100121,2026-04-06,2026-04-12,812226.90,2,MULE,TRUE
CU-100124,2025-12-29,2026-01-04,832825.02,9,LAYERING,TRUE
CU-100124,2026-06-01,2026-06-07,889900.55,6,LAYERING,TRUE
CU-100124,2026-06-15,2026-06-21,949313.37,5,LAYERING,TRUE
CU-100126,2025-09-29,2025-10-05,944274.00,6,CASH_BUSINESS,FALSE
CU-100126,2026-02-02,2026-02-08,848330.36,9,CASH_BUSINESS,FALSE
CU-100126,2026-04-13,2026-04-19,906712.68,5,CASH_BUSINESS,FALSE
CU-100126,2026-04-27,2026-05-03,969879.34,6,CASH_BUSINESS,FALSE
CU-100126,2026-05-11,2026-05-17,934336.42,5,CASH_BUSINESS,FALSE
CU-100126,2026-07-06,2026-07-12,941759.60,10,CASH_BUSINESS,FALSE
CU-100126,2026-08-03,2026-08-09,878392.26,10,CASH_BUSINESS,FALSE
CU-100127,2025-06-30,2025-07-06,856761.85,2,LAYERING,TRUE
CU-100127,2025-08-18,2025-08-24,814881.69,9,LAYERING,TRUE
CU-100127,2025-09-15,2025-09-21,909810.84,7,LAYERING,TRUE
CU-100127,2025-09-22,2025-09-28,855938.31,4,LAYERING,TRUE
CU-100127,2025-11-03,2025-11-09,815339.81,2,LAYERING,TRUE
CU-100127,2025-12-15,2025-12-21,950678.91,7,LAYERING,TRUE
CU-100127,2025-12-22,2025-12-28,906502.05,9,LAYERING,TRUE
CU-100127,2026-01-19,2026-01-25,884643.00,2,LAYERING,TRUE
CU-100127,2026-03-30,2026-04-05,800818.95,5,LAYERING,TRUE
CU-100127,2026-04-27,2026-05-03,938860.77,10,LAYERING,TRUE
CU-100150,2025-07-14,2025-07-20,908109.02,10,CASH_BUSINESS,FALSE
CU-100150,2025-07-28,2025-08-03,904358.13,12,CASH_BUSINESS,FALSE
CU-100150,2025-08-04,2025-08-10,908380.77,2,CASH_BUSINESS,FALSE
CU-100150,2025-08-25,2025-08-31,850533.80,5,CASH_BUSINESS,FALSE
CU-100150,2025-09-08,2025-09-14,824848.18,12,CASH_BUSINESS,FALSE
CU-100150,2025-09-29,2025-10-05,964799.25,11,CASH_BUSINESS,FALSE
CU-100150,2025-11-03,2025-11-09,941538.24,10,CASH_BUSINESS,FALSE
CU-100150,2025-11-10,2025-11-16,867039.50,6,CASH_BUSINESS,FALSE
CU-100150,2025-11-17,2025-11-23,978950.05,7,CASH_BUSINESS,FALSE
CU-100150,2025-12-01,2025-12-07,841561.06,6,CASH_BUSINESS,FALSE
CU-100150,2025-12-08,2025-12-14,874251.03,7,CASH_BUSINESS,FALSE
CU-100150,2026-01-19,2026-01-25,909691.31,8,CASH_BUSINESS,FALSE
CU-100150,2026-02-09,2026-02-15,969149.19,7,CASH_BUSINESS,FALSE
CU-100150,2026-02-23,2026-03-01,848113.24,2,CASH_BUSINESS,FALSE
CU-100150,2026-03-16,2026-03-22,886429.70,9,CASH_BUSINESS,FALSE
CU-100150,2026-03-23,2026-03-29,900179.90,7,CASH_BUSINESS,FALSE
CU-100150,2026-03-30,2026-04-05,823358.68,8,CASH_BUSINESS,FALSE
CU-100150,2026-04-13,2026-04-19,935379.93,11,CASH_BUSINESS,FALSE
CU-100150,2026-04-20,2026-04-26,801365.80,9,CASH_BUSINESS,FALSE
CU-100150,2026-04-27,2026-05-03,875469.29,7,CASH_BUSINESS,FALSE
CU-100150,2026-05-04,2026-05-10,954028.07,8,CASH_BUSINESS,FALSE
CU-100150,2026-05-25,2026-05-31,884399.80,2,CASH_BUSINESS,FALSE
CU-100150,2026-06-08,2026-06-14,944584.38,7,CASH_BUSINESS,FALSE
CU-100150,2026-06-22,2026-06-28,836581.70,6,CASH_BUSINESS,FALSE
CU-100150,2026-06-29,2026-07-05,916222.55,9,CASH_BUSINESS,FALSE
CU-100150,2026-07-27,2026-08-02,973024.30,6,CASH_BUSINESS,FALSE
CU-100150,2026-08-03,2026-08-09,946090.55,13,CASH_BUSINESS,FALSE
CU-100154,2025-09-01,2025-09-07,864501.25,6,CASH_BUSINESS,FALSE
CU-100154,2025-09-08,2025-09-14,973432.13,5,CASH_BUSINESS,FALSE
CU-100154,2025-09-15,2025-09-21,928962.29,4,CASH_BUSINESS,FALSE
CU-100154,2025-09-22,2025-09-28,962943.13,3,CASH_BUSINESS,FALSE
CU-100154,2025-09-29,2025-10-05,843971.78,2,CASH_BUSINESS,FALSE
CU-100154,2025-10-06,2025-10-12,924474.33,6,CASH_BUSINESS,FALSE
CU-100155,2025-09-22,2025-09-28,920105.39,7,CASH_BUSINESS,FALSE
CU-100155,2025-10-20,2025-10-26,893145.06,7,CASH_BUSINESS,FALSE
CU-100155,2025-11-10,2025-11-16,847668.25,6,CASH_BUSINESS,FALSE
CU-100155,2025-11-24,2025-11-30,817485.22,8,CASH_BUSINESS,FALSE
CU-100155,2025-12-08,2025-12-14,933167.92,8,CASH_BUSINESS,FALSE
CU-100155,2025-12-22,2025-12-28,855603.53,6,CASH_BUSINESS,FALSE
CU-100155,2025-12-29,2026-01-04,943994.14,6,CASH_BUSINESS,FALSE
CU-100155,2026-01-05,2026-01-11,813698.36,7,CASH_BUSINESS,FALSE
CU-100155,2026-01-19,2026-01-25,946487.77,8,CASH_BUSINESS,FALSE
CU-100155,2026-02-09,2026-02-15,892394.18,5,CASH_BUSINESS,FALSE
CU-100155,2026-02-23,2026-03-01,944887.94,5,CASH_BUSINESS,FALSE
CU-100155,2026-03-02,2026-03-08,908620.00,7,CASH_BUSINESS,FALSE
CU-100155,2026-03-09,2026-03-15,979172.80,9,CASH_BUSINESS,FALSE
CU-100155,2026-04-06,2026-04-12,926871.08,11,CASH_BUSINESS,FALSE
CU-100155,2026-04-27,2026-05-03,848818.70,12,CASH_BUSINESS,FALSE
CU-100155,2026-05-04,2026-05-10,907195.15,6,CASH_BUSINESS,FALSE
CU-100155,2026-06-01,2026-06-07,997591.06,11,CASH_BUSINESS,FALSE
CU-100155,2026-07-13,2026-07-19,898970.15,12,CASH_BUSINESS,FALSE
CU-100155,2026-07-20,2026-07-26,941382.78,6,CASH_BUSINESS,FALSE
CU-100155,2026-07-27,2026-08-02,884813.60,12,CASH_BUSINESS,FALSE
CU-100165,2025-08-18,2025-08-24,918891.11,7,MULE,TRUE
CU-100165,2025-08-25,2025-08-31,954395.87,7,MULE,TRUE
CU-100165,2025-09-01,2025-09-07,953194.84,3,MULE,TRUE
CU-100165,2025-09-08,2025-09-14,886598.98,4,MULE,TRUE
CU-100165,2025-09-15,2025-09-21,901107.80,5,MULE,TRUE
CU-100165,2026-05-04,2026-05-10,937792.24,3,MULE,TRUE
CU-100165,2026-05-18,2026-05-24,817818.10,7,MULE,TRUE
CU-100165,2026-05-25,2026-05-31,836131.23,4,MULE,TRUE
CU-100165,2026-06-01,2026-06-07,967907.99,7,MULE,TRUE
CU-100165,2026-06-08,2026-06-14,810725.44,5,MULE,TRUE
CU-100165,2026-06-29,2026-07-05,814988.30,3,MULE,TRUE
CU-100165,2026-07-06,2026-07-12,958104.17,4,MULE,TRUE
CU-100165,2026-07-13,2026-07-19,856689.16,4,MULE,TRUE
CU-100165,2026-08-03,2026-08-09,896388.86,5,MULE,TRUE
CU-100166,2025-10-06,2025-10-12,975424.43,7,CASH_BUSINESS,FALSE
CU-100166,2025-12-29,2026-01-04,877249.69,9,CASH_BUSINESS,FALSE
CU-100166,2026-01-12,2026-01-18,878906.42,10,CASH_BUSINESS,FALSE
CU-100166,2026-02-09,2026-02-15,980851.12,7,CASH_BUSINESS,FALSE
CU-100166,2026-03-02,2026-03-08,977626.12,7,CASH_BUSINESS,FALSE
CU-100191,2025-08-11,2025-08-17,876532.57,4,CASH_BUSINESS,FALSE
CU-100191,2025-08-25,2025-08-31,950620.25,5,CASH_BUSINESS,FALSE
CU-100191,2025-09-22,2025-09-28,856507.62,5,CASH_BUSINESS,FALSE
CU-100191,2025-10-13,2025-10-19,851033.66,2,CASH_BUSINESS,FALSE
CU-100191,2025-10-20,2025-10-26,891263.54,3,CASH_BUSINESS,FALSE
CU-100191,2025-11-03,2025-11-09,918355.17,4,CASH_BUSINESS,FALSE
CU-100191,2025-11-10,2025-11-16,957349.36,4,CASH_BUSINESS,FALSE
CU-100191,2025-11-24,2025-11-30,829854.03,2,CASH_BUSINESS,FALSE
CU-100191,2025-12-01,2025-12-07,842460.55,5,CASH_BUSINESS,FALSE
CU-100191,2025-12-15,2025-12-21,976762.59,6,CASH_BUSINESS,FALSE
CU-100191,2025-12-22,2025-12-28,858146.66,2,CASH_BUSINESS,FALSE
CU-100191,2025-12-29,2026-01-04,880456.34,7,CASH_BUSINESS,FALSE
CU-100191,2026-01-05,2026-01-11,962014.49,3,CASH_BUSINESS,FALSE
CU-100191,2026-01-19,2026-01-25,938141.00,7,CASH_BUSINESS,FALSE
CU-100191,2026-01-26,2026-02-01,957492.77,8,CASH_BUSINESS,FALSE
CU-100191,2026-03-02,2026-03-08,899160.40,6,CASH_BUSINESS,FALSE
CU-100191,2026-04-20,2026-04-26,946812.11,2,CASH_BUSINESS,FALSE
CU-100191,2026-04-27,2026-05-03,806726.27,7,CASH_BUSINESS,FALSE
CU-100191,2026-05-11,2026-05-17,921646.63,6,CASH_BUSINESS,FALSE
CU-100191,2026-05-18,2026-05-24,962464.36,2,CASH_BUSINESS,FALSE
CU-100191,2026-06-08,2026-06-14,852223.58,7,CASH_BUSINESS,FALSE
CU-100191,2026-06-15,2026-06-21,964928.27,6,CASH_BUSINESS,FALSE
CU-100191,2026-07-06,2026-07-12,970365.97,6,CASH_BUSINESS,FALSE
CU-100191,2026-07-27,2026-08-02,915083.46,6,CASH_BUSINESS,FALSE
CU-100192,2025-07-28,2025-08-03,964835.46,3,MULE,TRUE
CU-100192,2025-08-18,2025-08-24,978333.47,3,MULE,TRUE
CU-100192,2025-08-25,2025-08-31,885091.60,5,MULE,TRUE
CU-100192,2025-09-01,2025-09-07,946544.95,3,MULE,TRUE
CU-100192,2025-09-08,2025-09-14,859981.61,5,MULE,TRUE
CU-100192,2025-09-15,2025-09-21,966999.27,5,MULE,TRUE
CU-100192,2025-09-22,2025-09-28,814053.37,4,MULE,TRUE
CU-100192,2025-09-29,2025-10-05,874708.48,3,MULE,TRUE
CU-100192,2025-10-06,2025-10-12,960197.43,5,MULE,TRUE
CU-100210,2025-07-28,2025-08-03,902094.84,6,CASH_BUSINESS,FALSE
CU-100210,2025-12-29,2026-01-04,877355.24,2,CASH_BUSINESS,FALSE
CU-100210,2026-07-27,2026-08-02,930640.31,7,CASH_BUSINESS,FALSE
CU-100210,2026-08-03,2026-08-09,955266.01,6,CASH_BUSINESS,FALSE
CU-100211,2025-10-20,2025-10-26,837036.65,11,CASH_BUSINESS,FALSE
CU-100211,2025-11-03,2025-11-09,883614.69,12,CASH_BUSINESS,FALSE
CU-100211,2026-01-12,2026-01-18,902292.10,11,CASH_BUSINESS,FALSE
CU-100211,2026-05-18,2026-05-24,829924.94,10,CASH_BUSINESS,FALSE
CU-100211,2026-07-27,2026-08-02,840231.55,12,CASH_BUSINESS,FALSE
CU-100212,2025-07-14,2025-07-20,995513.73,6,CASH_BUSINESS,FALSE
CU-100212,2026-03-30,2026-04-05,973190.49,12,CASH_BUSINESS,FALSE
CU-100212,2026-04-13,2026-04-19,976146.43,12,CASH_BUSINESS,FALSE
CU-100212,2026-04-27,2026-05-03,915664.51,5,CASH_BUSINESS,FALSE
CU-100212,2026-08-03,2026-08-09,935373.63,6,CASH_BUSINESS,FALSE
CU-100214,2025-12-01,2025-12-07,899408.37,2,CASH_BUSINESS,FALSE
CU-100214,2025-12-15,2025-12-21,923853.52,7,CASH_BUSINESS,FALSE
CU-100214,2025-12-29,2026-01-04,953340.32,5,CASH_BUSINESS,FALSE
CU-100214,2026-05-11,2026-05-17,821225.08,7,CASH_BUSINESS,FALSE
CU-100214,2026-07-27,2026-08-02,955740.64,11,CASH_BUSINESS,FALSE
CU-100216,2025-07-07,2025-07-13,831636.73,4,CASH_BUSINESS,FALSE
CU-100216,2025-07-21,2025-07-27,897311.31,2,CASH_BUSINESS,FALSE
CU-100216,2025-07-28,2025-08-03,895110.13,5,CASH_BUSINESS,FALSE
CU-100216,2026-05-04,2026-05-10,960261.85,7,CASH_BUSINESS,FALSE
CU-100216,2026-05-11,2026-05-17,904948.22,5,CASH_BUSINESS,FALSE
CU-100216,2026-05-18,2026-05-24,812041.53,4,CASH_BUSINESS,FALSE
CU-100216,2026-05-25,2026-05-31,926138.64,4,CASH_BUSINESS,FALSE
CU-100216,2026-07-20,2026-07-26,822602.75,5,CASH_BUSINESS,FALSE
CU-100216,2026-08-03,2026-08-09,824242.04,6,CASH_BUSINESS,FALSE
CU-100219,2025-07-21,2025-07-27,842854.90,5,MULE,TRUE
CU-100219,2025-08-18,2025-08-24,862696.67,5,MULE,TRUE
CU-100219,2025-08-25,2025-08-31,866561.73,3,MULE,TRUE
CU-100219,2025-09-01,2025-09-07,855261.47,5,MULE,TRUE
CU-100219,2025-09-08,2025-09-14,967464.20,3,MULE,TRUE
CU-100219,2025-09-15,2025-09-21,885026.06,5,MULE,TRUE
CU-100219,2025-09-22,2025-09-28,952775.63,2,MULE,TRUE
CU-100219,2025-10-13,2025-10-19,861421.30,2,MULE,TRUE
CU-100219,2025-10-27,2025-11-02,865254.27,6,MULE,TRUE
CU-100219,2025-11-03,2025-11-09,828152.71,2,MULE,TRUE
CU-100219,2025-11-10,2025-11-16,809463.87,5,MULE,TRUE
CU-100219,2025-11-24,2025-11-30,824411.57,5,MULE,TRUE
CU-100219,2025-12-01,2025-12-07,862831.11,5,MULE,TRUE
CU-100219,2025-12-15,2025-12-21,945570.47,2,MULE,TRUE
CU-100219,2025-12-22,2025-12-28,849909.56,2,MULE,TRUE
CU-100219,2026-01-19,2026-01-25,837541.70,2,MULE,TRUE
CU-100219,2026-01-26,2026-02-01,966906.74,3,MULE,TRUE
CU-100219,2026-02-09,2026-02-15,949709.23,6,MULE,TRUE
CU-100219,2026-02-16,2026-02-22,967353.04,4,MULE,TRUE
CU-100219,2026-03-09,2026-03-15,913354.28,4,MULE,TRUE
CU-100219,2026-03-23,2026-03-29,853301.94,5,MULE,TRUE
CU-100219,2026-04-06,2026-04-12,953254.52,3,MULE,TRUE
CU-100219,2026-05-18,2026-05-24,931576.31,6,MULE,TRUE
CU-100219,2026-05-25,2026-05-31,812051.28,2,MULE,TRUE
CU-100219,2026-06-01,2026-06-07,953510.84,3,MULE,TRUE
CU-100219,2026-06-08,2026-06-14,907592.80,5,MULE,TRUE
CU-100219,2026-07-13,2026-07-19,861668.96,8,MULE,TRUE
CU-100220,2025-07-14,2025-07-20,852159.32,8,CASH_BUSINESS,FALSE
CU-100220,2025-12-08,2025-12-14,805570.31,9,CASH_BUSINESS,FALSE
CU-100220,2025-12-22,2025-12-28,810139.51,2,CASH_BUSINESS,FALSE
CU-100220,2026-03-30,2026-04-05,832115.90,5,CASH_BUSINESS,FALSE
CU-100220,2026-05-18,2026-05-24,893870.13,8,CASH_BUSINESS,FALSE
CU-100223,2025-06-30,2025-07-06,830245.52,2,MULE,TRUE
CU-100223,2025-07-07,2025-07-13,934006.62,7,MULE,TRUE
CU-100223,2025-07-14,2025-07-20,933962.67,3,MULE,TRUE
CU-100223,2025-07-21,2025-07-27,836975.95,4,MULE,TRUE
CU-100223,2025-08-11,2025-08-17,958998.47,7,MULE,TRUE
CU-100223,2025-10-20,2025-10-26,867559.36,4,MULE,TRUE
CU-100223,2025-10-27,2025-11-02,907603.25,7,MULE,TRUE
CU-100223,2025-11-03,2025-11-09,891366.33,2,MULE,TRUE
CU-100223,2025-11-10,2025-11-16,851478.46,7,MULE,TRUE
CU-100223,2025-11-17,2025-11-23,815843.16,7,MULE,TRUE
CU-100223,2025-11-24,2025-11-30,972544.70,3,MULE,TRUE
CU-100223,2025-12-01,2025-12-07,958475.98,3,MULE,TRUE
CU-100225,2025-11-10,2025-11-16,825747.03,12,CASH_BUSINESS,FALSE
CU-100225,2025-12-22,2025-12-28,859991.02,10,CASH_BUSINESS,FALSE
CU-100225,2026-03-16,2026-03-22,928124.98,5,CASH_BUSINESS,FALSE
CU-100225,2026-04-13,2026-04-19,963234.59,11,CASH_BUSINESS,FALSE
CU-100225,2026-06-01,2026-06-07,816573.65,11,CASH_BUSINESS,FALSE
CU-100225,2026-06-29,2026-07-05,831642.88,11,CASH_BUSINESS,FALSE
CU-100225,2026-07-20,2026-07-26,815485.90,2,CASH_BUSINESS,FALSE
CU-100228,2025-06-30,2025-07-06,927448.07,11,CASH_BUSINESS,FALSE
CU-100228,2025-08-11,2025-08-17,972225.70,3,CASH_BUSINESS,FALSE
CU-100228,2025-08-18,2025-08-24,881395.04,12,CASH_BUSINESS,FALSE
CU-100228,2025-11-24,2025-11-30,899943.53,8,CASH_BUSINESS,FALSE
CU-100228,2025-12-01,2025-12-07,875544.03,12,CASH_BUSINESS,FALSE
CU-100228,2025-12-08,2025-12-14,855154.06,13,CASH_BUSINESS,FALSE
CU-100228,2025-12-29,2026-01-04,952248.18,6,CASH_BUSINESS,FALSE
CU-100228,2026-01-05,2026-01-11,931825.81,8,CASH_BUSINESS,FALSE
CU-100228,2026-01-26,2026-02-01,879101.33,8,CASH_BUSINESS,FALSE
CU-100228,2026-03-02,2026-03-08,839970.75,11,CASH_BUSINESS,FALSE
CU-100228,2026-03-09,2026-03-15,879293.64,8,CASH_BUSINESS,FALSE
CU-100228,2026-03-30,2026-04-05,888950.95,6,CASH_BUSINESS,FALSE
CU-100228,2026-05-04,2026-05-10,923300.65,11,CASH_BUSINESS,FALSE
CU-100228,2026-05-11,2026-05-17,980825.71,10,CASH_BUSINESS,FALSE
CU-100235,2025-07-21,2025-07-27,955969.62,6,MULE,TRUE
CU-100235,2025-08-11,2025-08-17,954466.97,3,MULE,TRUE
CU-100235,2025-11-24,2025-11-30,818830.80,9,MULE,TRUE
CU-100235,2025-12-15,2025-12-21,984017.25,9,MULE,TRUE
CU-100235,2026-02-02,2026-02-08,847102.49,9,MULE,TRUE
CU-100235,2026-06-29,2026-07-05,902522.78,5,MULE,TRUE
CU-100235,2026-07-06,2026-07-12,854414.37,12,MULE,TRUE
CU-100239,2025-07-28,2025-08-03,976203.02,9,CASH_BUSINESS,FALSE
CU-100239,2025-08-04,2025-08-10,880315.28,7,CASH_BUSINESS,FALSE
CU-100239,2025-08-11,2025-08-17,857276.58,5,CASH_BUSINESS,FALSE
CU-100239,2025-12-01,2025-12-07,862572.32,5,CASH_BUSINESS,FALSE
CU-100239,2025-12-15,2025-12-21,814218.49,12,CASH_BUSINESS,FALSE
CU-100239,2026-01-12,2026-01-18,832755.62,8,CASH_BUSINESS,FALSE
CU-100239,2026-02-23,2026-03-01,834984.65,5,CASH_BUSINESS,FALSE
CU-100239,2026-04-20,2026-04-26,910274.16,11,CASH_BUSINESS,FALSE
CU-100239,2026-06-15,2026-06-21,944677.70,10,CASH_BUSINESS,FALSE
CU-100243,2026-03-16,2026-03-22,939184.60,7,LAYERING,TRUE
CU-100245,2025-11-10,2025-11-16,851882.60,5,MULE,TRUE
CU-100245,2025-11-24,2025-11-30,883474.42,6,MULE,TRUE
CU-100251,2025-06-30,2025-07-06,816018.22,6,MULE,TRUE
CU-100251,2025-07-07,2025-07-13,829082.01,4,MULE,TRUE
CU-100251,2025-07-14,2025-07-20,817592.59,4,MULE,TRUE
CU-100251,2025-08-04,2025-08-10,942167.38,6,MULE,TRUE
CU-100251,2025-09-01,2025-09-07,897237.11,4,MULE,TRUE
CU-100251,2025-09-08,2025-09-14,849010.24,6,MULE,TRUE
CU-100251,2025-09-15,2025-09-21,881639.79,7,MULE,TRUE
CU-100251,2025-09-29,2025-10-05,898510.83,5,MULE,TRUE
CU-100251,2025-10-13,2025-10-19,884486.27,6,MULE,TRUE
CU-100251,2025-10-20,2025-10-26,845950.83,4,MULE,TRUE
CU-100251,2025-10-27,2025-11-02,893102.98,7,MULE,TRUE
CU-100251,2025-11-03,2025-11-09,819601.55,7,MULE,TRUE
CU-100251,2025-12-01,2025-12-07,940821.43,7,MULE,TRUE
CU-100251,2025-12-22,2025-12-28,810234.75,3,MULE,TRUE
CU-100251,2025-12-29,2026-01-04,922034.68,3,MULE,TRUE
CU-100251,2026-01-05,2026-01-11,922639.29,7,MULE,TRUE
CU-100251,2026-02-09,2026-02-15,861578.68,3,MULE,TRUE
CU-100251,2026-02-16,2026-02-22,966113.78,4,MULE,TRUE
CU-100251,2026-02-23,2026-03-01,884920.39,5,MULE,TRUE
CU-100251,2026-03-02,2026-03-08,958128.11,6,MULE,TRUE
CU-100251,2026-03-16,2026-03-22,879997.40,3,MULE,TRUE
CU-100251,2026-03-23,2026-03-29,948934.10,7,MULE,TRUE
CU-100251,2026-03-30,2026-04-05,807513.61,3,MULE,TRUE
CU-100251,2026-04-13,2026-04-19,967391.12,4,MULE,TRUE
CU-100251,2026-04-20,2026-04-26,867073.91,4,MULE,TRUE
CU-100251,2026-04-27,2026-05-03,823370.98,5,MULE,TRUE
CU-100251,2026-05-18,2026-05-24,810211.98,7,MULE,TRUE
CU-100251,2026-06-08,2026-06-14,940967.80,4,MULE,TRUE
CU-100251,2026-06-22,2026-06-28,875434.49,6,MULE,TRUE
CU-100251,2026-06-29,2026-07-05,919080.13,7,MULE,TRUE
CU-100252,2025-07-28,2025-08-03,809180.11,8,LAYERING,TRUE
CU-100252,2026-03-30,2026-04-05,956811.30,6,LAYERING,TRUE
CU-100252,2026-04-06,2026-04-12,906452.64,7,LAYERING,TRUE
CU-100252,2026-05-04,2026-05-10,959249.55,11,LAYERING,TRUE
CU-100252,2026-05-25,2026-05-31,894265.27,5,LAYERING,TRUE
CU-100252,2026-06-15,2026-06-21,891594.40,8,LAYERING,TRUE
CU-100260,2025-07-07,2025-07-13,814807.65,6,MULE,TRUE
CU-100260,2025-07-14,2025-07-20,964399.55,7,MULE,TRUE
CU-100260,2025-07-21,2025-07-27,889305.07,5,MULE,TRUE
CU-100260,2025-08-04,2025-08-10,846471.88,7,MULE,TRUE
CU-100260,2025-09-01,2025-09-07,803322.39,3,MULE,TRUE
CU-100260,2025-09-08,2025-09-14,924199.87,6,MULE,TRUE
CU-100260,2025-09-15,2025-09-21,833445.98,5,MULE,TRUE
CU-100260,2025-09-22,2025-09-28,971132.16,5,MULE,TRUE
CU-100260,2025-09-29,2025-10-05,928610.74,5,MULE,TRUE
CU-100260,2025-10-13,2025-10-19,803125.87,8,MULE,TRUE
CU-100260,2025-10-27,2025-11-02,802680.25,5,MULE,TRUE
CU-100260,2025-12-01,2025-12-07,880048.03,4,MULE,TRUE
CU-100260,2025-12-22,2025-12-28,917980.96,3,MULE,TRUE
CU-100260,2025-12-29,2026-01-04,859747.15,7,MULE,TRUE
CU-100260,2026-01-05,2026-01-11,815582.44,7,MULE,TRUE
CU-100260,2026-01-12,2026-01-18,843339.05,6,MULE,TRUE
CU-100260,2026-01-26,2026-02-01,863358.91,4,MULE,TRUE
CU-100260,2026-02-02,2026-02-08,890967.29,3,MULE,TRUE
CU-100260,2026-02-09,2026-02-15,934863.59,6,MULE,TRUE
CU-100260,2026-03-02,2026-03-08,818879.06,4,MULE,TRUE
CU-100260,2026-03-09,2026-03-15,894688.64,5,MULE,TRUE
CU-100260,2026-03-16,2026-03-22,924540.73,5,MULE,TRUE
CU-100260,2026-03-30,2026-04-05,847128.26,4,MULE,TRUE
CU-100260,2026-04-06,2026-04-12,904993.63,3,MULE,TRUE
CU-100260,2026-04-20,2026-04-26,977720.30,7,MULE,TRUE
CU-100260,2026-04-27,2026-05-03,942716.35,5,MULE,TRUE
CU-100260,2026-05-18,2026-05-24,912572.97,6,MULE,TRUE
CU-100260,2026-06-08,2026-06-14,828865.12,5,MULE,TRUE
CU-100260,2026-06-15,2026-06-21,807423.94,4,MULE,TRUE
CU-100260,2026-06-22,2026-06-28,825556.33,5,MULE,TRUE
CU-100260,2026-07-13,2026-07-19,926880.43,5,MULE,TRUE
CU-100260,2026-08-03,2026-08-09,820258.59,3,MULE,TRUE
CU-100264,2025-08-11,2025-08-17,944648.39,5,CASH_BUSINESS,FALSE
CU-100264,2025-09-22,2025-09-28,912964.62,10,CASH_BUSINESS,FALSE
CU-100264,2025-09-29,2025-10-05,990479.43,8,CASH_BUSINESS,FALSE
CU-100264,2026-01-05,2026-01-11,952050.80,12,CASH_BUSINESS,FALSE
CU-100264,2026-02-02,2026-02-08,995614.78,9,CASH_BUSINESS,FALSE
CU-100264,2026-03-02,2026-03-08,928012.30,5,CASH_BUSINESS,FALSE
CU-100264,2026-04-20,2026-04-26,968942.06,12,CASH_BUSINESS,FALSE
CU-100264,2026-05-04,2026-05-10,922819.27,8,CASH_BUSINESS,FALSE
CU-100264,2026-06-01,2026-06-07,982547.41,8,CASH_BUSINESS,FALSE
CU-100266,2025-06-30,2025-07-06,910375.35,6,MULE,TRUE
CU-100266,2025-07-21,2025-07-27,818945.59,5,MULE,TRUE
CU-100266,2025-08-11,2025-08-17,878120.55,7,MULE,TRUE
CU-100266,2025-09-29,2025-10-05,875556.37,8,MULE,TRUE
CU-100266,2025-10-06,2025-10-12,861608.77,5,MULE,TRUE
CU-100266,2025-10-13,2025-10-19,904887.62,5,MULE,TRUE
CU-100266,2025-11-24,2025-11-30,953676.06,6,MULE,TRUE
CU-100266,2025-12-01,2025-12-07,963937.73,5,MULE,TRUE
CU-100266,2026-01-19,2026-01-25,890775.97,3,MULE,TRUE
CU-100266,2026-02-02,2026-02-08,872806.14,7,MULE,TRUE
CU-100266,2026-02-09,2026-02-15,940068.78,5,MULE,TRUE
CU-100266,2026-02-23,2026-03-01,824284.03,4,MULE,TRUE
CU-100266,2026-03-23,2026-03-29,915344.21,7,MULE,TRUE
CU-100266,2026-04-27,2026-05-03,912889.75,7,MULE,TRUE
CU-100266,2026-05-18,2026-05-24,959810.34,7,MULE,TRUE
CU-100266,2026-05-25,2026-05-31,968291.68,5,MULE,TRUE
CU-100266,2026-06-22,2026-06-28,924467.82,7,MULE,TRUE
CU-100266,2026-06-29,2026-07-05,820444.34,6,MULE,TRUE
CU-100266,2026-07-06,2026-07-12,813746.66,2,MULE,TRUE
CU-100266,2026-07-13,2026-07-19,969258.95,7,MULE,TRUE
CU-100271,2025-06-30,2025-07-06,930099.49,8,MULE,TRUE
CU-100271,2025-07-07,2025-07-13,947823.26,6,MULE,TRUE
CU-100271,2025-09-15,2025-09-21,861231.92,6,MULE,TRUE
CU-100271,2025-09-29,2025-10-05,916308.42,2,MULE,TRUE
CU-100271,2025-10-06,2025-10-12,908896.38,5,MULE,TRUE
CU-100271,2026-04-13,2026-04-19,818737.43,5,MULE,TRUE
CU-100271,2026-04-20,2026-04-26,925201.50,3,MULE,TRUE
CU-100271,2026-04-27,2026-05-03,882052.21,5,MULE,TRUE
CU-100271,2026-05-04,2026-05-10,938421.96,3,MULE,TRUE
CU-100271,2026-05-25,2026-05-31,887385.64,7,MULE,TRUE
CU-100271,2026-06-01,2026-06-07,886322.12,2,MULE,TRUE
CU-100271,2026-06-22,2026-06-28,827777.14,4,MULE,TRUE
CU-100271,2026-06-29,2026-07-05,935625.17,2,MULE,TRUE
CU-100271,2026-07-06,2026-07-12,825784.71,7,MULE,TRUE
CU-100271,2026-07-13,2026-07-19,972623.62,6,MULE,TRUE
CU-100271,2026-07-27,2026-08-02,825451.76,5,MULE,TRUE
CU-100271,2026-08-03,2026-08-09,889806.40,6,MULE,TRUE
CU-100281,2025-08-25,2025-08-31,881297.17,4,LAYERING,TRUE
CU-100281,2025-09-29,2025-10-05,884128.09,8,LAYERING,TRUE
CU-100281,2025-10-13,2025-10-19,984921.21,11,LAYERING,TRUE
CU-100294,2025-09-01,2025-09-07,998716.41,6,CASH_BUSINESS,FALSE
CU-100294,2025-09-29,2025-10-05,907684.82,6,CASH_BUSINESS,FALSE
CU-100294,2025-12-15,2025-12-21,924983.61,8,CASH_BUSINESS,FALSE
CU-100294,2026-02-16,2026-02-22,945640.38,10,CASH_BUSINESS,FALSE
CU-100294,2026-03-09,2026-03-15,884239.33,8,CASH_BUSINESS,FALSE
CU-100294,2026-03-16,2026-03-22,886257.00,5,CASH_BUSINESS,FALSE
CU-100294,2026-04-27,2026-05-03,982979.14,10,CASH_BUSINESS,FALSE
CU-100294,2026-06-01,2026-06-07,978834.84,3,CASH_BUSINESS,FALSE
CU-100294,2026-06-15,2026-06-21,955793.31,3,CASH_BUSINESS,FALSE
CU-100294,2026-07-27,2026-08-02,939955.61,8,CASH_BUSINESS,FALSE
CU-100300,2026-03-23,2026-03-29,930931.52,10,CASH_BUSINESS,FALSE
CU-100300,2026-06-08,2026-06-14,956430.17,7,CASH_BUSINESS,FALSE
CU-100300,2026-07-20,2026-07-26,996871.30,7,CASH_BUSINESS,FALSE
CU-100303,2025-07-07,2025-07-13,822392.28,7,CASH_BUSINESS,FALSE
CU-100303,2025-08-04,2025-08-10,904926.08,10,CASH_BUSINESS,FALSE
CU-100303,2025-08-18,2025-08-24,960315.99,6,CASH_BUSINESS,FALSE
CU-100303,2025-09-08,2025-09-14,986356.78,6,CASH_BUSINESS,FALSE
CU-100303,2025-09-22,2025-09-28,875562.15,12,CASH_BUSINESS,FALSE
CU-100303,2025-10-06,2025-10-12,993703.14,9,CASH_BUSINESS,FALSE
CU-100303,2025-10-27,2025-11-02,855581.80,8,CASH_BUSINESS,FALSE
CU-100303,2025-11-10,2025-11-16,925717.03,8,CASH_BUSINESS,FALSE
CU-100303,2025-11-17,2025-11-23,889214.10,6,CASH_BUSINESS,FALSE
CU-100303,2025-11-24,2025-11-30,964731.06,6,CASH_BUSINESS,FALSE
CU-100303,2025-12-15,2025-12-21,967902.18,6,CASH_BUSINESS,FALSE
CU-100303,2025-12-22,2025-12-28,952406.90,8,CASH_BUSINESS,FALSE
CU-100303,2026-02-02,2026-02-08,830087.01,2,CASH_BUSINESS,FALSE
CU-100303,2026-02-16,2026-02-22,815593.91,6,CASH_BUSINESS,FALSE
CU-100303,2026-04-20,2026-04-26,845701.84,10,CASH_BUSINESS,FALSE
CU-100303,2026-06-22,2026-06-28,911359.16,8,CASH_BUSINESS,FALSE
CU-100303,2026-06-29,2026-07-05,866109.54,6,CASH_BUSINESS,FALSE
CU-100303,2026-07-13,2026-07-19,932704.37,5,CASH_BUSINESS,FALSE
CU-100303,2026-07-27,2026-08-02,805582.29,11,CASH_BUSINESS,FALSE
CU-100303,2026-08-03,2026-08-09,977428.40,6,CASH_BUSINESS,FALSE
CU-100306,2025-06-30,2025-07-06,920381.54,10,CASH_BUSINESS,FALSE
CU-100306,2025-07-14,2025-07-20,855726.10,7,CASH_BUSINESS,FALSE
CU-100306,2025-07-28,2025-08-03,862993.17,8,CASH_BUSINESS,FALSE
CU-100306,2025-09-08,2025-09-14,855837.79,7,CASH_BUSINESS,FALSE
CU-100306,2025-10-13,2025-10-19,944890.57,9,CASH_BUSINESS,FALSE
CU-100306,2025-11-17,2025-11-23,818507.60,5,CASH_BUSINESS,FALSE
CU-100306,2025-11-24,2025-11-30,868016.03,10,CASH_BUSINESS,FALSE
CU-100306,2025-12-01,2025-12-07,847442.08,11,CASH_BUSINESS,FALSE
CU-100306,2025-12-29,2026-01-04,956451.76,12,CASH_BUSINESS,FALSE
CU-100306,2026-01-05,2026-01-11,855159.52,10,CASH_BUSINESS,FALSE
CU-100306,2026-01-26,2026-02-01,844531.93,10,CASH_BUSINESS,FALSE
CU-100306,2026-02-09,2026-02-15,843872.52,12,CASH_BUSINESS,FALSE
CU-100306,2026-03-16,2026-03-22,987827.75,11,CASH_BUSINESS,FALSE
CU-100306,2026-04-06,2026-04-12,928240.79,5,CASH_BUSINESS,FALSE
CU-100306,2026-04-27,2026-05-03,914830.57,8,CASH_BUSINESS,FALSE
CU-100306,2026-05-11,2026-05-17,858758.38,10,CASH_BUSINESS,FALSE
CU-100306,2026-05-18,2026-05-24,830251.68,5,CASH_BUSINESS,FALSE
CU-100306,2026-06-01,2026-06-07,816661.10,7,CASH_BUSINESS,FALSE
CU-100306,2026-06-08,2026-06-14,997676.83,11,CASH_BUSINESS,FALSE
CU-100306,2026-06-29,2026-07-05,999239.14,8,CASH_BUSINESS,FALSE
CU-100306,2026-07-13,2026-07-19,810857.82,5,CASH_BUSINESS,FALSE
CU-100306,2026-07-20,2026-07-26,934010.38,8,CASH_BUSINESS,FALSE
CU-100310,2025-12-08,2025-12-14,955652.09,6,LAYERING,TRUE
CU-100310,2025-12-15,2025-12-21,838305.29,7,LAYERING,TRUE
CU-100310,2026-01-05,2026-01-11,912192.14,8,LAYERING,TRUE
CU-100310,2026-03-09,2026-03-15,876662.20,5,LAYERING,TRUE
CU-100310,2026-04-06,2026-04-12,955803.47,8,LAYERING,TRUE
CU-100310,2026-05-18,2026-05-24,929824.92,8,LAYERING,TRUE
CU-100310,2026-05-25,2026-05-31,981518.38,6,LAYERING,TRUE
CU-100310,2026-06-01,2026-06-07,816550.95,8,LAYERING,TRUE
CU-100310,2026-08-03,2026-08-09,828410.25,10,LAYERING,TRUE
CU-100312,2025-07-21,2025-07-27,975216.85,6,CASH_BUSINESS,FALSE
CU-100312,2025-11-03,2025-11-09,975589.00,10,CASH_BUSINESS,FALSE
CU-100312,2025-11-17,2025-11-23,958457.59,11,CASH_BUSINESS,FALSE
CU-100312,2025-12-22,2025-12-28,998952.79,11,CASH_BUSINESS,FALSE
CU-100312,2026-04-06,2026-04-12,845128.62,9,CASH_BUSINESS,FALSE
CU-100312,2026-07-27,2026-08-02,947777.96,5,CASH_BUSINESS,FALSE
CU-100314,2025-06-30,2025-07-06,950452.67,6,CASH_BUSINESS,FALSE
CU-100318,2025-07-07,2025-07-13,841201.82,8,CASH_BUSINESS,FALSE
CU-100318,2025-07-28,2025-08-03,843030.89,2,CASH_BUSINESS,FALSE
CU-100318,2025-08-18,2025-08-24,976244.69,4,CASH_BUSINESS,FALSE
CU-100318,2025-08-25,2025-08-31,866650.77,7,CASH_BUSINESS,FALSE
CU-100318,2025-09-01,2025-09-07,953130.24,8,CASH_BUSINESS,FALSE
CU-100318,2025-09-15,2025-09-21,813662.78,8,CASH_BUSINESS,FALSE
CU-100318,2025-09-22,2025-09-28,832424.76,4,CASH_BUSINESS,FALSE
CU-100318,2025-10-27,2025-11-02,804029.40,3,CASH_BUSINESS,FALSE
CU-100318,2025-11-10,2025-11-16,887614.21,6,CASH_BUSINESS,FALSE
CU-100318,2025-12-22,2025-12-28,816494.59,3,CASH_BUSINESS,FALSE
CU-100318,2026-01-05,2026-01-11,905945.07,3,CASH_BUSINESS,FALSE
CU-100318,2026-02-02,2026-02-08,807890.04,7,CASH_BUSINESS,FALSE
CU-100318,2026-02-16,2026-02-22,918560.95,6,CASH_BUSINESS,FALSE
CU-100318,2026-02-23,2026-03-01,914572.93,3,CASH_BUSINESS,FALSE
CU-100318,2026-03-09,2026-03-15,912889.14,3,CASH_BUSINESS,FALSE
CU-100318,2026-03-23,2026-03-29,941772.80,5,CASH_BUSINESS,FALSE
CU-100318,2026-04-06,2026-04-12,893687.14,6,CASH_BUSINESS,FALSE
CU-100318,2026-04-20,2026-04-26,899946.65,4,CASH_BUSINESS,FALSE
CU-100318,2026-04-27,2026-05-03,870649.17,5,CASH_BUSINESS,FALSE
CU-100318,2026-05-11,2026-05-17,930178.76,8,CASH_BUSINESS,FALSE
CU-100318,2026-06-29,2026-07-05,969141.39,3,CASH_BUSINESS,FALSE
CU-100318,2026-07-06,2026-07-12,963810.86,7,CASH_BUSINESS,FALSE
CU-100319,2025-06-30,2025-07-06,808925.04,8,MULE,TRUE
CU-100319,2025-07-14,2025-07-20,825760.46,2,MULE,TRUE
CU-100319,2025-08-04,2025-08-10,842712.29,2,MULE,TRUE
CU-100319,2025-08-18,2025-08-24,918870.19,5,MULE,TRUE
CU-100319,2025-09-01,2025-09-07,816335.85,7,MULE,TRUE
CU-100319,2025-09-08,2025-09-14,921805.23,5,MULE,TRUE
CU-100319,2025-10-06,2025-10-12,855470.68,4,MULE,TRUE
CU-100319,2025-10-20,2025-10-26,876743.05,4,MULE,TRUE
CU-100319,2025-11-03,2025-11-09,805184.75,5,MULE,TRUE
CU-100319,2025-11-17,2025-11-23,856845.45,7,MULE,TRUE
CU-100319,2026-01-12,2026-01-18,926623.24,2,MULE,TRUE
CU-100319,2026-01-19,2026-01-25,965162.59,5,MULE,TRUE
CU-100319,2026-02-16,2026-02-22,853011.79,6,MULE,TRUE
CU-100319,2026-02-23,2026-03-01,951617.51,4,MULE,TRUE
CU-100319,2026-03-30,2026-04-05,847950.11,5,MULE,TRUE
CU-100319,2026-04-06,2026-04-12,807048.35,7,MULE,TRUE
CU-100319,2026-04-13,2026-04-19,879981.27,7,MULE,TRUE
CU-100319,2026-04-20,2026-04-26,976267.77,5,MULE,TRUE
CU-100319,2026-05-11,2026-05-17,839534.50,5,MULE,TRUE
CU-100319,2026-05-18,2026-05-24,916274.73,6,MULE,TRUE
CU-100319,2026-06-29,2026-07-05,898323.23,5,MULE,TRUE
CU-100319,2026-07-13,2026-07-19,887944.51,4,MULE,TRUE
CU-100319,2026-07-20,2026-07-26,969968.29,7,MULE,TRUE
CU-100319,2026-07-27,2026-08-02,960239.67,7,MULE,TRUE
CU-100320,2025-06-30,2025-07-06,859044.24,5,CASH_BUSINESS,FALSE
CU-100320,2025-07-07,2025-07-13,959305.72,5,CASH_BUSINESS,FALSE
CU-100320,2025-07-14,2025-07-20,947689.58,3,CASH_BUSINESS,FALSE
CU-100320,2025-07-28,2025-08-03,865028.54,5,CASH_BUSINESS,FALSE
CU-100320,2025-08-04,2025-08-10,922733.00,4,CASH_BUSINESS,FALSE
CU-100320,2025-08-11,2025-08-17,853837.04,3,CASH_BUSINESS,FALSE
CU-100320,2025-08-25,2025-08-31,958072.39,6,CASH_BUSINESS,FALSE
CU-100320,2025-09-01,2025-09-07,837516.88,7,CASH_BUSINESS,FALSE
CU-100320,2025-09-15,2025-09-21,928426.85,7,CASH_BUSINESS,FALSE
CU-100320,2025-09-22,2025-09-28,901557.00,3,CASH_BUSINESS,FALSE
CU-100321,2025-07-14,2025-07-20,923097.11,5,MULE,TRUE
CU-100321,2025-07-21,2025-07-27,973129.91,5,MULE,TRUE
CU-100321,2025-07-28,2025-08-03,840146.78,4,MULE,TRUE
CU-100321,2025-08-04,2025-08-10,944281.14,5,MULE,TRUE
CU-100321,2025-08-11,2025-08-17,927344.39,6,MULE,TRUE
CU-100321,2025-09-22,2025-09-28,897417.24,5,MULE,TRUE
CU-100321,2025-09-29,2025-10-05,871266.50,3,MULE,TRUE
CU-100321,2025-10-06,2025-10-12,809613.71,8,MULE,TRUE
CU-100321,2025-11-10,2025-11-16,917407.13,2,MULE,TRUE
CU-100321,2025-11-17,2025-11-23,824031.12,7,MULE,TRUE
CU-100321,2025-12-08,2025-12-14,956108.18,4,MULE,TRUE
CU-100321,2026-01-12,2026-01-18,846502.33,4,MULE,TRUE
CU-100321,2026-01-26,2026-02-01,822099.02,4,MULE,TRUE
CU-100321,2026-02-02,2026-02-08,883640.78,5,MULE,TRUE
CU-100321,2026-02-09,2026-02-15,977924.29,3,MULE,TRUE
CU-100321,2026-02-16,2026-02-22,953601.69,5,MULE,TRUE
CU-100321,2026-03-02,2026-03-08,859299.92,3,MULE,TRUE
CU-100321,2026-04-06,2026-04-12,907297.26,5,MULE,TRUE
CU-100321,2026-04-20,2026-04-26,835984.20,2,MULE,TRUE
CU-100321,2026-04-27,2026-05-03,974900.99,4,MULE,TRUE
CU-100321,2026-05-04,2026-05-10,815418.45,4,MULE,TRUE
CU-100321,2026-05-18,2026-05-24,853105.39,2,MULE,TRUE
CU-100321,2026-05-25,2026-05-31,916199.66,7,MULE,TRUE
CU-100321,2026-06-08,2026-06-14,830709.93,4,MULE,TRUE
CU-100321,2026-06-22,2026-06-28,913915.06,2,MULE,TRUE
CU-100321,2026-07-06,2026-07-12,860594.55,2,MULE,TRUE
CU-100321,2026-07-13,2026-07-19,937793.53,3,MULE,TRUE
CU-100321,2026-07-27,2026-08-02,830236.36,6,MULE,TRUE
CU-100321,2026-08-03,2026-08-09,805747.81,2,MULE,TRUE
CU-100331,2025-07-07,2025-07-13,940196.82,7,MULE,TRUE
CU-100331,2025-07-14,2025-07-20,802509.26,4,MULE,TRUE
CU-100331,2025-08-04,2025-08-10,841194.61,5,MULE,TRUE
CU-100331,2025-09-01,2025-09-07,859109.39,4,MULE,TRUE
CU-100331,2025-10-06,2025-10-12,856254.98,3,MULE,TRUE
CU-100331,2025-10-27,2025-11-02,880004.65,3,MULE,TRUE
CU-100331,2025-12-01,2025-12-07,860687.91,5,MULE,TRUE
CU-100331,2025-12-08,2025-12-14,963760.79,6,MULE,TRUE
CU-100331,2025-12-15,2025-12-21,849814.62,3,MULE,TRUE
CU-100331,2025-12-29,2026-01-04,942851.18,3,MULE,TRUE
CU-100331,2026-01-26,2026-02-01,940700.45,6,MULE,TRUE
CU-100331,2026-02-16,2026-02-22,831424.63,3,MULE,TRUE
CU-100331,2026-02-23,2026-03-01,881746.98,7,MULE,TRUE
CU-100331,2026-03-30,2026-04-05,851298.27,7,MULE,TRUE
CU-100331,2026-04-06,2026-04-12,807759.49,4,MULE,TRUE
CU-100331,2026-04-13,2026-04-19,848186.66,5,MULE,TRUE
CU-100331,2026-04-27,2026-05-03,859720.99,5,MULE,TRUE
CU-100331,2026-05-11,2026-05-17,903179.58,4,MULE,TRUE
CU-100331,2026-05-18,2026-05-24,809034.05,5,MULE,TRUE
CU-100331,2026-06-22,2026-06-28,891698.21,4,MULE,TRUE
CU-100331,2026-06-29,2026-07-05,959889.92,6,MULE,TRUE
CU-100331,2026-07-06,2026-07-12,883625.59,2,MULE,TRUE
CU-100331,2026-07-13,2026-07-19,880840.99,6,MULE,TRUE
CU-100331,2026-07-20,2026-07-26,871336.81,6,MULE,TRUE
CU-100333,2025-08-18,2025-08-24,848444.84,5,CASH_BUSINESS,FALSE
CU-100333,2025-10-27,2025-11-02,954914.78,2,CASH_BUSINESS,FALSE
CU-100333,2025-11-17,2025-11-23,993657.88,7,CASH_BUSINESS,FALSE
CU-100333,2025-11-24,2025-11-30,808595.99,2,CASH_BUSINESS,FALSE
CU-100333,2025-12-22,2025-12-28,875346.63,10,CASH_BUSINESS,FALSE
CU-100333,2025-12-29,2026-01-04,962656.26,6,CASH_BUSINESS,FALSE
CU-100333,2026-03-09,2026-03-15,827311.84,5,CASH_BUSINESS,FALSE
CU-100333,2026-05-18,2026-05-24,964902.25,11,CASH_BUSINESS,FALSE
CU-100336,2025-08-04,2025-08-10,974694.32,9,CASH_BUSINESS,FALSE
CU-100336,2025-09-01,2025-09-07,890077.52,10,CASH_BUSINESS,FALSE
CU-100336,2026-01-26,2026-02-01,932609.27,10,CASH_BUSINESS,FALSE
CU-100336,2026-03-30,2026-04-05,983595.67,10,CASH_BUSINESS,FALSE
CU-100336,2026-04-13,2026-04-19,983190.98,6,CASH_BUSINESS,FALSE
CU-100336,2026-06-22,2026-06-28,992394.31,12,CASH_BUSINESS,FALSE
CU-100339,2025-07-14,2025-07-20,928298.89,10,CASH_BUSINESS,FALSE
CU-100339,2025-07-21,2025-07-27,935821.83,11,CASH_BUSINESS,FALSE
CU-100339,2025-08-11,2025-08-17,955128.99,12,CASH_BUSINESS,FALSE
CU-100339,2025-08-18,2025-08-24,954182.62,6,CASH_BUSINESS,FALSE
CU-100339,2025-09-15,2025-09-21,940497.27,7,CASH_BUSINESS,FALSE
CU-100339,2025-09-22,2025-09-28,988923.16,10,CASH_BUSINESS,FALSE
CU-100339,2025-10-06,2025-10-12,844642.04,10,CASH_BUSINESS,FALSE
CU-100339,2025-10-20,2025-10-26,919670.50,5,CASH_BUSINESS,FALSE
CU-100339,2025-11-10,2025-11-16,917388.26,7,CASH_BUSINESS,FALSE
CU-100339,2025-12-29,2026-01-04,998460.04,12,CASH_BUSINESS,FALSE
CU-100339,2026-01-26,2026-02-01,988466.19,11,CASH_BUSINESS,FALSE
CU-100339,2026-02-16,2026-02-22,880268.00,5,CASH_BUSINESS,FALSE
CU-100339,2026-03-02,2026-03-08,854601.88,5,CASH_BUSINESS,FALSE
CU-100339,2026-03-23,2026-03-29,951642.47,12,CASH_BUSINESS,FALSE
CU-100339,2026-03-30,2026-04-05,816765.04,5,CASH_BUSINESS,FALSE
CU-100339,2026-04-13,2026-04-19,907766.76,6,CASH_BUSINESS,FALSE
CU-100339,2026-05-04,2026-05-10,855246.97,10,CASH_BUSINESS,FALSE
CU-100339,2026-05-11,2026-05-17,919939.63,9,CASH_BUSINESS,FALSE
CU-100339,2026-05-25,2026-05-31,943752.80,10,CASH_BUSINESS,FALSE
CU-100339,2026-06-08,2026-06-14,816960.68,5,CASH_BUSINESS,FALSE
CU-100339,2026-07-13,2026-07-19,884160.02,8,CASH_BUSINESS,FALSE
CU-100339,2026-07-20,2026-07-26,901377.15,8,CASH_BUSINESS,FALSE
CU-100339,2026-08-03,2026-08-09,853572.76,11,CASH_BUSINESS,FALSE
CU-100341,2025-07-28,2025-08-03,996219.55,7,LAYERING,TRUE
CU-100341,2026-07-20,2026-07-26,853119.29,11,LAYERING,TRUE
CU-100343,2025-11-24,2025-11-30,965306.23,7,LAYERING,TRUE
CU-100344,2025-07-07,2025-07-13,951583.36,4,MULE,TRUE
CU-100344,2025-07-14,2025-07-20,959742.94,7,MULE,TRUE
CU-100344,2025-07-21,2025-07-27,872334.68,7,MULE,TRUE
CU-100344,2025-07-28,2025-08-03,912935.37,5,MULE,TRUE
CU-100344,2025-08-04,2025-08-10,831347.35,4,MULE,TRUE
CU-100344,2025-08-11,2025-08-17,884253.34,2,MULE,TRUE
CU-100344,2025-11-03,2025-11-09,910255.57,7,MULE,TRUE
CU-100344,2025-11-17,2025-11-23,921591.51,5,MULE,TRUE
CU-100344,2025-11-24,2025-11-30,858963.57,7,MULE,TRUE
CU-100344,2026-03-02,2026-03-08,833865.18,4,MULE,TRUE
CU-100344,2026-03-09,2026-03-15,950217.60,3,MULE,TRUE
CU-100344,2026-03-16,2026-03-22,881145.78,4,MULE,TRUE
CU-100344,2026-03-23,2026-03-29,873787.19,3,MULE,TRUE
CU-100344,2026-03-30,2026-04-05,872490.81,4,MULE,TRUE
CU-100344,2026-04-13,2026-04-19,822852.32,6,MULE,TRUE
CU-100344,2026-04-20,2026-04-26,932681.62,5,MULE,TRUE
CU-100345,2025-07-07,2025-07-13,993007.24,8,CASH_BUSINESS,FALSE
CU-100345,2025-08-04,2025-08-10,870428.55,2,CASH_BUSINESS,FALSE
CU-100345,2025-08-11,2025-08-17,935541.24,12,CASH_BUSINESS,FALSE
CU-100345,2025-08-18,2025-08-24,827530.62,9,CASH_BUSINESS,FALSE
CU-100345,2025-08-25,2025-08-31,909872.42,11,CASH_BUSINESS,FALSE
CU-100345,2025-09-01,2025-09-07,803855.58,7,CASH_BUSINESS,FALSE
CU-100345,2025-09-29,2025-10-05,864766.70,2,CASH_BUSINESS,FALSE
CU-100345,2025-11-10,2025-11-16,955459.01,2,CASH_BUSINESS,FALSE
CU-100345,2025-11-17,2025-11-23,875397.42,12,CASH_BUSINESS,FALSE
CU-100345,2025-12-08,2025-12-14,975784.49,3,CASH_BUSINESS,FALSE
CU-100345,2025-12-15,2025-12-21,970963.83,12,CASH_BUSINESS,FALSE
CU-100345,2025-12-22,2025-12-28,898285.70,11,CASH_BUSINESS,FALSE
CU-100345,2025-12-29,2026-01-04,810388.19,9,CASH_BUSINESS,FALSE
CU-100345,2026-01-26,2026-02-01,860146.11,12,CASH_BUSINESS,FALSE
CU-100345,2026-02-02,2026-02-08,894310.62,12,CASH_BUSINESS,FALSE
CU-100345,2026-04-06,2026-04-12,965629.63,12,CASH_BUSINESS,FALSE
CU-100345,2026-04-20,2026-04-26,937586.91,2,CASH_BUSINESS,FALSE
CU-100345,2026-05-11,2026-05-17,942633.97,6,CASH_BUSINESS,FALSE
CU-100345,2026-05-25,2026-05-31,946664.39,6,CASH_BUSINESS,FALSE
CU-100345,2026-06-15,2026-06-21,947231.37,9,CASH_BUSINESS,FALSE
CU-100345,2026-06-22,2026-06-28,990286.51,3,CASH_BUSINESS,FALSE
CU-100345,2026-07-20,2026-07-26,992822.52,12,CASH_BUSINESS,FALSE
CU-100349,2026-03-16,2026-03-22,891755.77,4,LAYERING,TRUE
CU-100350,2025-08-18,2025-08-24,857555.63,2,CASH_BUSINESS,FALSE
CU-100350,2025-09-01,2025-09-07,956391.92,6,CASH_BUSINESS,FALSE
CU-100350,2025-09-22,2025-09-28,805958.65,5,CASH_BUSINESS,FALSE
CU-100350,2025-09-29,2025-10-05,886658.77,6,CASH_BUSINESS,FALSE
CU-100350,2025-10-06,2025-10-12,849136.30,5,CASH_BUSINESS,FALSE
CU-100350,2025-10-13,2025-10-19,871758.18,2,CASH_BUSINESS,FALSE
CU-100350,2025-10-20,2025-10-26,906786.03,5,CASH_BUSINESS,FALSE
CU-100350,2025-12-01,2025-12-07,959028.48,7,CASH_BUSINESS,FALSE
CU-100350,2025-12-08,2025-12-14,963307.08,3,CASH_BUSINESS,FALSE
CU-100350,2025-12-15,2025-12-21,963583.67,6,CASH_BUSINESS,FALSE
CU-100350,2025-12-22,2025-12-28,955984.58,5,CASH_BUSINESS,FALSE
CU-100350,2025-12-29,2026-01-04,815000.02,7,CASH_BUSINESS,FALSE
CU-100352,2026-03-02,2026-03-08,830249.08,3,MULE,TRUE
CU-100352,2026-03-09,2026-03-15,960408.22,4,MULE,TRUE
CU-100352,2026-03-30,2026-04-05,806551.36,6,MULE,TRUE
CU-100352,2026-04-06,2026-04-12,882028.18,2,MULE,TRUE
CU-100352,2026-08-03,2026-08-09,969097.41,4,MULE,TRUE
CU-100353,2025-08-04,2025-08-10,943053.96,11,CASH_BUSINESS,FALSE
CU-100353,2025-10-06,2025-10-12,811284.44,6,CASH_BUSINESS,FALSE
CU-100353,2025-10-13,2025-10-19,916713.00,8,CASH_BUSINESS,FALSE
CU-100353,2025-12-15,2025-12-21,847280.61,8,CASH_BUSINESS,FALSE
CU-100353,2025-12-22,2025-12-28,855111.17,12,CASH_BUSINESS,FALSE
CU-100353,2026-03-02,2026-03-08,856368.47,7,CASH_BUSINESS,FALSE
CU-100353,2026-03-30,2026-04-05,980540.09,6,CASH_BUSINESS,FALSE
CU-100353,2026-05-18,2026-05-24,956145.06,10,CASH_BUSINESS,FALSE
CU-100353,2026-07-06,2026-07-12,855642.90,5,CASH_BUSINESS,FALSE
CU-100353,2026-08-03,2026-08-09,989910.23,5,CASH_BUSINESS,FALSE
CU-100355,2025-08-11,2025-08-17,841032.84,9,CASH_BUSINESS,FALSE
CU-100355,2025-10-13,2025-10-19,993255.10,12,CASH_BUSINESS,FALSE
CU-100355,2025-10-20,2025-10-26,971048.26,6,CASH_BUSINESS,FALSE
CU-100363,2025-10-13,2025-10-19,894796.70,5,MULE,TRUE
CU-100363,2025-10-20,2025-10-26,813294.25,5,MULE,TRUE
CU-100363,2025-10-27,2025-11-02,820990.52,6,MULE,TRUE
CU-100363,2025-11-03,2025-11-09,971026.90,7,MULE,TRUE
CU-100363,2025-11-17,2025-11-23,888657.50,5,MULE,TRUE
CU-100363,2025-11-24,2025-11-30,846904.54,4,MULE,TRUE
CU-100363,2025-12-01,2025-12-07,825074.50,4,MULE,TRUE
CU-100363,2025-12-08,2025-12-14,882975.99,2,MULE,TRUE
CU-100363,2026-05-25,2026-05-31,905336.23,8,MULE,TRUE
CU-100363,2026-06-08,2026-06-14,932653.71,5,MULE,TRUE
CU-100363,2026-06-15,2026-06-21,891066.24,3,MULE,TRUE
CU-100363,2026-06-22,2026-06-28,852665.80,3,MULE,TRUE
CU-100363,2026-06-29,2026-07-05,859646.22,5,MULE,TRUE
CU-100363,2026-07-06,2026-07-12,942886.27,7,MULE,TRUE
CU-100363,2026-07-13,2026-07-19,852856.58,7,MULE,TRUE
CU-100363,2026-07-20,2026-07-26,867152.17,2,MULE,TRUE
CU-100370,2025-09-15,2025-09-21,807759.95,12,CASH_BUSINESS,FALSE
CU-100375,2025-08-18,2025-08-24,879674.33,7,MULE,TRUE
CU-100375,2025-09-01,2025-09-07,938293.39,6,MULE,TRUE
CU-100375,2025-09-15,2025-09-21,946884.86,3,MULE,TRUE
CU-100375,2025-10-13,2025-10-19,972375.74,6,MULE,TRUE
CU-100390,2025-07-28,2025-08-03,858673.84,6,MULE,TRUE
CU-100390,2025-08-04,2025-08-10,848043.65,4,MULE,TRUE
CU-100390,2025-08-25,2025-08-31,823901.80,6,MULE,TRUE
CU-100390,2025-09-01,2025-09-07,823045.69,5,MULE,TRUE
CU-100390,2025-09-08,2025-09-14,842905.05,5,MULE,TRUE
CU-100390,2025-09-15,2025-09-21,851525.91,2,MULE,TRUE
CU-100390,2025-12-15,2025-12-21,812239.64,2,MULE,TRUE
CU-100390,2025-12-22,2025-12-28,939822.21,8,MULE,TRUE
CU-100390,2025-12-29,2026-01-04,819264.22,7,MULE,TRUE
CU-100390,2026-01-05,2026-01-11,855350.42,3,MULE,TRUE
CU-100390,2026-01-19,2026-01-25,942919.57,6,MULE,TRUE
CU-100390,2026-01-26,2026-02-01,824614.32,5,MULE,TRUE
CU-100390,2026-02-02,2026-02-08,829140.32,2,MULE,TRUE
CU-100390,2026-02-09,2026-02-15,829931.12,2,MULE,TRUE
CU-100390,2026-02-16,2026-02-22,946574.74,5,MULE,TRUE
CU-100390,2026-03-02,2026-03-08,924005.79,2,MULE,TRUE
CU-100390,2026-03-09,2026-03-15,911401.14,5,MULE,TRUE
CU-100390,2026-04-06,2026-04-12,927326.41,5,MULE,TRUE
CU-100390,2026-04-13,2026-04-19,811769.55,7,MULE,TRUE
CU-100390,2026-04-20,2026-04-26,897141.71,5,MULE,TRUE
CU-100390,2026-05-04,2026-05-10,863939.61,5,MULE,TRUE
CU-100390,2026-05-11,2026-05-17,948800.51,5,MULE,TRUE
CU-100390,2026-05-18,2026-05-24,878477.52,5,MULE,TRUE
CU-100390,2026-05-25,2026-05-31,878447.04,4,MULE,TRUE
CU-100390,2026-06-01,2026-06-07,862497.63,4,MULE,TRUE
CU-100393,2026-06-15,2026-06-21,800932.84,12,CASH_BUSINESS,FALSE
CU-100401,2025-09-29,2025-10-05,896591.77,6,MULE,TRUE
CU-100401,2025-11-03,2025-11-09,851256.03,4,MULE,TRUE
CU-100401,2026-07-20,2026-07-26,830186.93,5,MULE,TRUE
CU-100401,2026-07-27,2026-08-02,978613.36,5,MULE,TRUE
CU-100401,2026-08-03,2026-08-09,875153.77,2,MULE,TRUE
CU-100402,2025-08-25,2025-08-31,839035.87,9,CASH_BUSINESS,FALSE
CU-100402,2025-09-01,2025-09-07,897288.86,11,CASH_BUSINESS,FALSE
CU-100402,2025-11-10,2025-11-16,841285.68,8,CASH_BUSINESS,FALSE
CU-100402,2026-01-19,2026-01-25,903767.59,6,CASH_BUSINESS,FALSE
CU-100402,2026-02-02,2026-02-08,948858.78,2,CASH_BUSINESS,FALSE
CU-100402,2026-02-23,2026-03-01,844738.28,9,CASH_BUSINESS,FALSE
CU-100402,2026-03-09,2026-03-15,859281.87,6,CASH_BUSINESS,FALSE
CU-100402,2026-03-16,2026-03-22,832641.70,5,CASH_BUSINESS,FALSE
CU-100402,2026-07-20,2026-07-26,858823.20,7,CASH_BUSINESS,FALSE
CU-100409,2025-06-30,2025-07-06,863544.99,11,CASH_BUSINESS,FALSE
CU-100409,2025-07-07,2025-07-13,837020.01,5,CASH_BUSINESS,FALSE
CU-100409,2025-08-04,2025-08-10,894192.55,9,CASH_BUSINESS,FALSE
CU-100409,2025-08-18,2025-08-24,972500.73,9,CASH_BUSINESS,FALSE
CU-100409,2025-09-22,2025-09-28,900548.40,11,CASH_BUSINESS,FALSE
CU-100409,2025-10-06,2025-10-12,956488.03,9,CASH_BUSINESS,FALSE
CU-100409,2025-10-27,2025-11-02,873348.90,2,CASH_BUSINESS,FALSE
CU-100409,2025-11-17,2025-11-23,913810.78,12,CASH_BUSINESS,FALSE
CU-100409,2025-12-22,2025-12-28,914485.98,5,CASH_BUSINESS,FALSE
CU-100409,2026-02-23,2026-03-01,834154.15,9,CASH_BUSINESS,FALSE
CU-100409,2026-05-04,2026-05-10,979716.36,11,CASH_BUSINESS,FALSE
CU-100409,2026-06-22,2026-06-28,912960.24,6,CASH_BUSINESS,FALSE
CU-100409,2026-07-20,2026-07-26,881805.45,5,CASH_BUSINESS,FALSE
CU-100409,2026-07-27,2026-08-02,811005.92,6,CASH_BUSINESS,FALSE
CU-100416,2025-08-18,2025-08-24,922586.63,8,CASH_BUSINESS,FALSE
CU-100416,2025-08-25,2025-08-31,821863.93,5,CASH_BUSINESS,FALSE
CU-100416,2025-09-15,2025-09-21,992919.95,9,CASH_BUSINESS,FALSE
CU-100416,2025-10-06,2025-10-12,860647.32,5,CASH_BUSINESS,FALSE
CU-100416,2025-11-03,2025-11-09,872866.93,9,CASH_BUSINESS,FALSE
CU-100416,2025-11-10,2025-11-16,911603.30,8,CASH_BUSINESS,FALSE
CU-100416,2025-12-01,2025-12-07,957296.78,11,CASH_BUSINESS,FALSE
CU-100416,2025-12-15,2025-12-21,916275.80,7,CASH_BUSINESS,FALSE
CU-100416,2026-03-16,2026-03-22,949535.02,8,CASH_BUSINESS,FALSE
CU-100416,2026-04-13,2026-04-19,872524.38,9,CASH_BUSINESS,FALSE
CU-100420,2025-06-30,2025-07-06,801877.65,10,CASH_BUSINESS,FALSE
CU-100420,2025-07-14,2025-07-20,802391.08,10,CASH_BUSINESS,FALSE
CU-100420,2025-08-18,2025-08-24,835568.49,12,CASH_BUSINESS,FALSE
CU-100420,2025-08-25,2025-08-31,886297.27,11,CASH_BUSINESS,FALSE
CU-100420,2025-10-06,2025-10-12,986877.00,9,CASH_BUSINESS,FALSE
CU-100420,2025-12-01,2025-12-07,949644.76,7,CASH_BUSINESS,FALSE
CU-100420,2025-12-15,2025-12-21,835724.08,13,CASH_BUSINESS,FALSE
CU-100420,2026-01-05,2026-01-11,885673.61,5,CASH_BUSINESS,FALSE
CU-100420,2026-01-12,2026-01-18,813741.01,2,CASH_BUSINESS,FALSE
CU-100420,2026-01-19,2026-01-25,939086.87,11,CASH_BUSINESS,FALSE
CU-100420,2026-04-06,2026-04-12,989169.16,11,CASH_BUSINESS,FALSE
CU-100420,2026-04-20,2026-04-26,963994.38,11,CASH_BUSINESS,FALSE
CU-100420,2026-04-27,2026-05-03,981715.72,6,CASH_BUSINESS,FALSE
CU-100420,2026-06-15,2026-06-21,908286.09,11,CASH_BUSINESS,FALSE
CU-100420,2026-06-22,2026-06-28,873547.44,10,CASH_BUSINESS,FALSE
CU-100420,2026-07-20,2026-07-26,959696.98,12,CASH_BUSINESS,FALSE
CU-100427,2025-10-27,2025-11-02,861617.39,2,CASH_BUSINESS,FALSE
CU-100427,2026-05-11,2026-05-17,854131.41,8,CASH_BUSINESS,FALSE
CU-100427,2026-07-13,2026-07-19,855366.68,11,CASH_BUSINESS,FALSE
CU-100427,2026-08-03,2026-08-09,999821.97,6,CASH_BUSINESS,FALSE
CU-100438,2025-07-14,2025-07-20,977310.88,8,CASH_BUSINESS,FALSE
CU-100438,2025-08-18,2025-08-24,928804.46,5,CASH_BUSINESS,FALSE
CU-100438,2025-10-13,2025-10-19,862150.84,5,CASH_BUSINESS,FALSE
CU-100438,2025-10-27,2025-11-02,977789.23,6,CASH_BUSINESS,FALSE
CU-100438,2025-11-03,2025-11-09,919789.21,5,CASH_BUSINESS,FALSE
CU-100438,2026-03-23,2026-03-29,868106.71,6,CASH_BUSINESS,FALSE
CU-100438,2026-06-01,2026-06-07,934576.01,12,CASH_BUSINESS,FALSE
CU-100438,2026-06-29,2026-07-05,982351.55,7,CASH_BUSINESS,FALSE
CU-100442,2026-07-06,2026-07-12,905681.01,4,MULE,TRUE
CU-100442,2026-07-27,2026-08-02,934563.01,3,MULE,TRUE
CU-100442,2026-08-03,2026-08-09,910026.23,4,MULE,TRUE
CU-100446,2025-07-07,2025-07-13,874040.01,5,CASH_BUSINESS,FALSE
CU-100446,2025-08-18,2025-08-24,962379.70,6,CASH_BUSINESS,FALSE
CU-100446,2025-09-01,2025-09-07,970067.98,11,CASH_BUSINESS,FALSE
CU-100446,2025-09-15,2025-09-21,932903.32,8,CASH_BUSINESS,FALSE
CU-100446,2025-09-22,2025-09-28,961976.05,5,CASH_BUSINESS,FALSE
CU-100446,2025-10-27,2025-11-02,966647.63,11,CASH_BUSINESS,FALSE
CU-100446,2025-11-10,2025-11-16,964012.82,6,CASH_BUSINESS,FALSE
CU-100446,2025-11-24,2025-11-30,919740.19,6,CASH_BUSINESS,FALSE
CU-100446,2025-12-15,2025-12-21,861991.46,8,CASH_BUSINESS,FALSE
CU-100446,2025-12-22,2025-12-28,916185.53,8,CASH_BUSINESS,FALSE
CU-100446,2026-02-23,2026-03-01,978877.67,6,CASH_BUSINESS,FALSE
CU-100446,2026-03-02,2026-03-08,864687.59,6,CASH_BUSINESS,FALSE
CU-100446,2026-03-16,2026-03-22,802546.46,5,CASH_BUSINESS,FALSE
CU-100446,2026-03-30,2026-04-05,939403.89,2,CASH_BUSINESS,FALSE
CU-100446,2026-04-06,2026-04-12,831837.92,11,CASH_BUSINESS,FALSE
CU-100446,2026-05-11,2026-05-17,818655.16,11,CASH_BUSINESS,FALSE
CU-100446,2026-06-01,2026-06-07,974445.38,3,CASH_BUSINESS,FALSE
CU-100446,2026-06-08,2026-06-14,809632.74,9,CASH_BUSINESS,FALSE
CU-100451,2025-09-29,2025-10-05,923220.84,9,LAYERING,TRUE
CU-100451,2025-11-17,2025-11-23,854297.88,5,LAYERING,TRUE
CU-100451,2025-12-01,2025-12-07,998574.05,5,LAYERING,TRUE
CU-100451,2026-05-25,2026-05-31,954823.45,8,LAYERING,TRUE
CU-100451,2026-06-01,2026-06-07,845400.69,10,LAYERING,TRUE
CU-100457,2025-07-28,2025-08-03,842490.02,10,CASH_BUSINESS,FALSE
CU-100457,2025-10-27,2025-11-02,845154.88,5,CASH_BUSINESS,FALSE
CU-100457,2025-12-15,2025-12-21,990414.42,5,CASH_BUSINESS,FALSE
CU-100457,2026-02-09,2026-02-15,822089.42,10,CASH_BUSINESS,FALSE
CU-100457,2026-03-23,2026-03-29,833614.11,7,CASH_BUSINESS,FALSE
CU-100457,2026-05-11,2026-05-17,857698.60,10,CASH_BUSINESS,FALSE
CU-100457,2026-06-29,2026-07-05,901504.50,9,CASH_BUSINESS,FALSE
CU-100457,2026-07-20,2026-07-26,817602.52,9,CASH_BUSINESS,FALSE
CU-100459,2025-07-07,2025-07-13,965416.30,8,CASH_BUSINESS,FALSE
CU-100459,2025-07-28,2025-08-03,911237.33,2,CASH_BUSINESS,FALSE
CU-100459,2025-08-11,2025-08-17,842163.36,6,CASH_BUSINESS,FALSE
CU-100459,2025-09-01,2025-09-07,835220.08,7,CASH_BUSINESS,FALSE
CU-100459,2025-09-15,2025-09-21,958285.42,2,CASH_BUSINESS,FALSE
CU-100459,2025-10-13,2025-10-19,950500.68,8,CASH_BUSINESS,FALSE
CU-100459,2025-10-20,2025-10-26,829852.15,4,CASH_BUSINESS,FALSE
CU-100459,2025-10-27,2025-11-02,879866.16,5,CASH_BUSINESS,FALSE
CU-100459,2025-11-03,2025-11-09,932267.29,5,CASH_BUSINESS,FALSE
CU-100459,2025-12-08,2025-12-14,879766.39,2,CASH_BUSINESS,FALSE
CU-100459,2025-12-22,2025-12-28,937296.21,7,CASH_BUSINESS,FALSE
CU-100459,2026-01-12,2026-01-18,873245.85,5,CASH_BUSINESS,FALSE
CU-100459,2026-01-19,2026-01-25,846592.43,6,CASH_BUSINESS,FALSE
CU-100459,2026-01-26,2026-02-01,822308.88,8,CASH_BUSINESS,FALSE
CU-100459,2026-02-09,2026-02-15,817438.19,5,CASH_BUSINESS,FALSE
CU-100459,2026-03-23,2026-03-29,840393.51,2,CASH_BUSINESS,FALSE
CU-100459,2026-04-20,2026-04-26,846117.62,5,CASH_BUSINESS,FALSE
CU-100459,2026-04-27,2026-05-03,857373.39,5,CASH_BUSINESS,FALSE
CU-100459,2026-05-04,2026-05-10,885991.50,3,CASH_BUSINESS,FALSE
CU-100459,2026-05-11,2026-05-17,890240.58,3,CASH_BUSINESS,FALSE
CU-100459,2026-06-01,2026-06-07,952863.19,5,CASH_BUSINESS,FALSE
CU-100462,2025-07-07,2025-07-13,986394.22,11,CASH_BUSINESS,FALSE
CU-100462,2025-07-21,2025-07-27,895330.73,6,CASH_BUSINESS,FALSE
CU-100462,2025-07-28,2025-08-03,940450.14,12,CASH_BUSINESS,FALSE
CU-100462,2025-09-22,2025-09-28,930546.11,6,CASH_BUSINESS,FALSE
CU-100462,2025-11-03,2025-11-09,953785.45,8,CASH_BUSINESS,FALSE
CU-100462,2025-11-10,2025-11-16,837134.58,9,CASH_BUSINESS,FALSE
CU-100462,2026-01-12,2026-01-18,950060.70,2,CASH_BUSINESS,FALSE
CU-100462,2026-01-19,2026-01-25,955626.45,3,CASH_BUSINESS,FALSE
CU-100462,2026-04-20,2026-04-26,939309.27,7,CASH_BUSINESS,FALSE
CU-100462,2026-05-04,2026-05-10,886535.54,5,CASH_BUSINESS,FALSE
CU-100462,2026-06-08,2026-06-14,974548.14,10,CASH_BUSINESS,FALSE
CU-100462,2026-06-22,2026-06-28,965233.91,6,CASH_BUSINESS,FALSE
CU-100472,2025-07-07,2025-07-13,890650.75,9,CASH_BUSINESS,FALSE
CU-100472,2025-07-14,2025-07-20,801537.69,12,CASH_BUSINESS,FALSE
CU-100472,2025-07-28,2025-08-03,808542.28,7,CASH_BUSINESS,FALSE
CU-100472,2025-08-25,2025-08-31,800837.29,11,CASH_BUSINESS,FALSE
CU-100472,2025-09-01,2025-09-07,964545.68,11,CASH_BUSINESS,FALSE
CU-100472,2025-10-06,2025-10-12,960705.25,7,CASH_BUSINESS,FALSE
CU-100472,2025-10-13,2025-10-19,894820.14,10,CASH_BUSINESS,FALSE
CU-100472,2025-10-27,2025-11-02,927277.96,10,CASH_BUSINESS,FALSE
CU-100472,2025-11-03,2025-11-09,801471.76,5,CASH_BUSINESS,FALSE
CU-100472,2025-11-10,2025-11-16,806516.18,6,CASH_BUSINESS,FALSE
CU-100472,2025-11-24,2025-11-30,822295.91,5,CASH_BUSINESS,FALSE
CU-100472,2025-12-01,2025-12-07,805903.55,2,CASH_BUSINESS,FALSE
CU-100472,2025-12-29,2026-01-04,917736.77,6,CASH_BUSINESS,FALSE
CU-100472,2026-01-05,2026-01-11,815246.95,12,CASH_BUSINESS,FALSE
CU-100472,2026-01-19,2026-01-25,850087.68,9,CASH_BUSINESS,FALSE
CU-100472,2026-01-26,2026-02-01,819258.98,5,CASH_BUSINESS,FALSE
CU-100472,2026-02-16,2026-02-22,856084.91,12,CASH_BUSINESS,FALSE
CU-100472,2026-03-02,2026-03-08,862026.15,2,CASH_BUSINESS,FALSE
CU-100472,2026-04-06,2026-04-12,947709.77,10,CASH_BUSINESS,FALSE
CU-100472,2026-05-04,2026-05-10,838031.94,10,CASH_BUSINESS,FALSE
CU-100472,2026-05-11,2026-05-17,829406.19,8,CASH_BUSINESS,FALSE
CU-100472,2026-06-08,2026-06-14,950287.92,5,CASH_BUSINESS,FALSE
CU-100472,2026-06-15,2026-06-21,839458.84,7,CASH_BUSINESS,FALSE
CU-100472,2026-06-29,2026-07-05,860351.97,10,CASH_BUSINESS,FALSE
CU-100484,2025-08-18,2025-08-24,852242.74,5,MULE,TRUE
CU-100484,2025-08-25,2025-08-31,955515.11,7,MULE,TRUE
CU-100484,2025-09-01,2025-09-07,924742.74,5,MULE,TRUE
CU-100484,2025-09-08,2025-09-14,958940.32,5,MULE,TRUE
CU-100484,2026-07-13,2026-07-19,869458.22,5,MULE,TRUE
CU-100487,2026-07-06,2026-07-12,957703.37,9,LAYERING,TRUE
CU-100487,2026-07-13,2026-07-19,869830.05,5,LAYERING,TRUE
CU-100502,2025-07-07,2025-07-13,872752.18,4,MULE,TRUE
CU-100502,2025-08-11,2025-08-17,832034.61,2,MULE,TRUE
CU-100502,2025-08-25,2025-08-31,925428.99,2,MULE,TRUE
CU-100502,2025-09-08,2025-09-14,938166.62,4,MULE,TRUE
CU-100502,2025-09-15,2025-09-21,816908.27,5,MULE,TRUE
CU-100502,2025-09-29,2025-10-05,800655.71,6,MULE,TRUE
CU-100502,2025-10-06,2025-10-12,820857.87,5,MULE,TRUE
CU-100502,2025-10-20,2025-10-26,890936.59,3,MULE,TRUE
CU-100502,2025-10-27,2025-11-02,905987.82,8,MULE,TRUE
CU-100502,2025-12-08,2025-12-14,931919.03,7,MULE,TRUE
CU-100502,2026-01-19,2026-01-25,869306.46,4,MULE,TRUE
CU-100502,2026-01-26,2026-02-01,948313.46,3,MULE,TRUE
CU-100502,2026-02-02,2026-02-08,807445.11,5,MULE,TRUE
CU-100502,2026-03-09,2026-03-15,916118.13,2,MULE,TRUE
CU-100502,2026-03-30,2026-04-05,839690.47,5,MULE,TRUE
CU-100502,2026-04-13,2026-04-19,817229.11,5,MULE,TRUE
CU-100502,2026-05-11,2026-05-17,854071.70,4,MULE,TRUE
CU-100502,2026-05-18,2026-05-24,933160.62,2,MULE,TRUE
CU-100502,2026-06-08,2026-06-14,949798.43,7,MULE,TRUE
CU-100502,2026-07-06,2026-07-12,947396.82,4,MULE,TRUE
CU-100505,2025-12-22,2025-12-28,870455.42,4,MULE,TRUE
CU-100505,2025-12-29,2026-01-04,952359.69,7,MULE,TRUE
CU-100505,2026-01-05,2026-01-11,873919.27,4,MULE,TRUE
CU-100505,2026-01-12,2026-01-18,917124.77,6,MULE,TRUE
CU-100505,2026-01-26,2026-02-01,882979.42,7,MULE,TRUE
CU-100505,2026-02-09,2026-02-15,948137.26,7,MULE,TRUE
CU-100505,2026-02-23,2026-03-01,940904.56,6,MULE,TRUE
CU-100505,2026-03-09,2026-03-15,974892.48,6,MULE,TRUE
CU-100505,2026-03-16,2026-03-22,971808.46,6,MULE,TRUE
CU-100505,2026-03-23,2026-03-29,802798.49,5,MULE,TRUE
CU-100505,2026-03-30,2026-04-05,928997.63,7,MULE,TRUE
CU-100505,2026-05-25,2026-05-31,861532.22,8,MULE,TRUE
CU-100505,2026-06-01,2026-06-07,817400.99,7,MULE,TRUE
CU-100505,2026-06-08,2026-06-14,859863.23,3,MULE,TRUE
CU-100505,2026-06-15,2026-06-21,942550.74,6,MULE,TRUE
CU-100505,2026-06-22,2026-06-28,970275.48,7,MULE,TRUE
CU-100505,2026-06-29,2026-07-05,814641.27,3,MULE,TRUE
CU-100505,2026-07-06,2026-07-12,936658.70,4,MULE,TRUE
CU-100505,2026-07-13,2026-07-19,910153.29,5,MULE,TRUE
CU-100505,2026-07-20,2026-07-26,966047.77,4,MULE,TRUE
CU-100520,2025-08-25,2025-08-31,890325.66,6,MULE,TRUE
CU-100520,2025-09-01,2025-09-07,946905.35,4,MULE,TRUE
CU-100520,2025-09-22,2025-09-28,974212.91,5,MULE,TRUE
CU-100520,2025-10-13,2025-10-19,923780.80,7,MULE,TRUE
CU-100520,2025-10-20,2025-10-26,818935.20,7,MULE,TRUE
CU-100520,2026-05-04,2026-05-10,805839.22,3,MULE,TRUE
CU-100520,2026-05-18,2026-05-24,856654.95,7,MULE,TRUE
CU-100520,2026-05-25,2026-05-31,956041.48,7,MULE,TRUE
CU-100520,2026-06-01,2026-06-07,900904.85,6,MULE,TRUE
CU-100520,2026-06-08,2026-06-14,909722.86,2,MULE,TRUE
CU-100520,2026-06-15,2026-06-21,859835.52,4,MULE,TRUE
CU-100520,2026-06-22,2026-06-28,868281.23,4,MULE,TRUE
CU-100520,2026-06-29,2026-07-05,811152.30,5,MULE,TRUE
CU-100520,2026-07-06,2026-07-12,814901.51,5,MULE,TRUE
CU-100520,2026-07-13,2026-07-19,957390.02,6,MULE,TRUE
CU-100520,2026-07-20,2026-07-26,822334.12,8,MULE,TRUE
CU-100521,2025-06-30,2025-07-06,816790.28,6,CASH_BUSINESS,FALSE
CU-100521,2025-07-07,2025-07-13,998699.83,6,CASH_BUSINESS,FALSE
CU-100521,2025-08-18,2025-08-24,915335.72,10,CASH_BUSINESS,FALSE
CU-100521,2025-09-29,2025-10-05,880388.50,11,CASH_BUSINESS,FALSE
CU-100521,2025-10-06,2025-10-12,803483.37,9,CASH_BUSINESS,FALSE
CU-100521,2025-10-20,2025-10-26,940040.18,9,CASH_BUSINESS,FALSE
CU-100521,2025-10-27,2025-11-02,933776.07,7,CASH_BUSINESS,FALSE
CU-100521,2025-11-03,2025-11-09,829327.65,11,CASH_BUSINESS,FALSE
CU-100521,2025-11-17,2025-11-23,852193.35,6,CASH_BUSINESS,FALSE
CU-100521,2025-11-24,2025-11-30,977729.94,10,CASH_BUSINESS,FALSE
CU-100521,2025-12-22,2025-12-28,912815.65,7,CASH_BUSINESS,FALSE
CU-100521,2026-01-05,2026-01-11,953818.51,5,CASH_BUSINESS,FALSE
CU-100521,2026-01-12,2026-01-18,904557.98,7,CASH_BUSINESS,FALSE
CU-100521,2026-02-09,2026-02-15,963776.53,10,CASH_BUSINESS,FALSE
CU-100521,2026-02-16,2026-02-22,831811.71,10,CASH_BUSINESS,FALSE
CU-100521,2026-03-02,2026-03-08,985849.03,11,CASH_BUSINESS,FALSE
CU-100521,2026-03-09,2026-03-15,990211.79,8,CASH_BUSINESS,FALSE
CU-100521,2026-03-16,2026-03-22,972117.95,10,CASH_BUSINESS,FALSE
CU-100521,2026-03-23,2026-03-29,881930.71,7,CASH_BUSINESS,FALSE
CU-100521,2026-04-13,2026-04-19,893126.47,6,CASH_BUSINESS,FALSE
CU-100521,2026-04-20,2026-04-26,852194.97,10,CASH_BUSINESS,FALSE
CU-100521,2026-05-11,2026-05-17,925230.29,7,CASH_BUSINESS,FALSE
CU-100521,2026-05-25,2026-05-31,962201.83,7,CASH_BUSINESS,FALSE
CU-100521,2026-06-08,2026-06-14,951693.81,6,CASH_BUSINESS,FALSE
CU-100521,2026-06-15,2026-06-21,809297.29,12,CASH_BUSINESS,FALSE
CU-100521,2026-06-22,2026-06-28,931245.22,7,CASH_BUSINESS,FALSE
CU-100521,2026-06-29,2026-07-05,972820.21,5,CASH_BUSINESS,FALSE
CU-100521,2026-07-13,2026-07-19,961281.87,12,CASH_BUSINESS,FALSE
CU-100521,2026-07-27,2026-08-02,827054.93,8,CASH_BUSINESS,FALSE
CU-100525,2025-06-30,2025-07-06,821945.30,11,CASH_BUSINESS,FALSE
CU-100525,2025-08-11,2025-08-17,876850.30,10,CASH_BUSINESS,FALSE
CU-100525,2025-08-25,2025-08-31,902212.98,12,CASH_BUSINESS,FALSE
CU-100525,2025-09-22,2025-09-28,996089.93,12,CASH_BUSINESS,FALSE
CU-100525,2025-09-29,2025-10-05,920952.51,2,CASH_BUSINESS,FALSE
CU-100525,2025-10-13,2025-10-19,962163.76,3,CASH_BUSINESS,FALSE
CU-100525,2025-10-27,2025-11-02,887278.50,8,CASH_BUSINESS,FALSE
CU-100525,2025-11-03,2025-11-09,813415.55,12,CASH_BUSINESS,FALSE
CU-100525,2025-11-10,2025-11-16,915957.04,12,CASH_BUSINESS,FALSE
CU-100525,2025-11-24,2025-11-30,979203.09,6,CASH_BUSINESS,FALSE
CU-100525,2025-12-15,2025-12-21,828137.29,5,CASH_BUSINESS,FALSE
CU-100525,2025-12-22,2025-12-28,948322.21,12,CASH_BUSINESS,FALSE
CU-100525,2025-12-29,2026-01-04,908265.39,7,CASH_BUSINESS,FALSE
CU-100525,2026-01-05,2026-01-11,815383.00,5,CASH_BUSINESS,FALSE
CU-100525,2026-01-26,2026-02-01,814021.49,12,CASH_BUSINESS,FALSE
CU-100525,2026-03-02,2026-03-08,847910.47,9,CASH_BUSINESS,FALSE
CU-100525,2026-03-23,2026-03-29,841532.81,6,CASH_BUSINESS,FALSE
CU-100525,2026-06-15,2026-06-21,896386.18,12,CASH_BUSINESS,FALSE
CU-100525,2026-06-22,2026-06-28,933915.17,8,CASH_BUSINESS,FALSE
CU-100525,2026-07-20,2026-07-26,876915.88,9,CASH_BUSINESS,FALSE
CU-100532,2025-07-07,2025-07-13,951191.60,6,CASH_BUSINESS,FALSE
CU-100532,2025-07-14,2025-07-20,878150.15,12,CASH_BUSINESS,FALSE
CU-100532,2025-07-28,2025-08-03,892756.62,2,CASH_BUSINESS,FALSE
CU-100532,2025-08-11,2025-08-17,911501.17,9,CASH_BUSINESS,FALSE
CU-100532,2025-09-22,2025-09-28,827892.45,5,CASH_BUSINESS,FALSE
CU-100532,2025-10-06,2025-10-12,818600.85,7,CASH_BUSINESS,FALSE
CU-100532,2025-10-20,2025-10-26,943353.63,12,CASH_BUSINESS,FALSE
CU-100532,2025-11-17,2025-11-23,987497.04,6,CASH_BUSINESS,FALSE
CU-100532,2026-01-19,2026-01-25,875873.03,5,CASH_BUSINESS,FALSE
CU-100532,2026-02-23,2026-03-01,926196.97,5,CASH_BUSINESS,FALSE
CU-100532,2026-03-16,2026-03-22,994954.51,7,CASH_BUSINESS,FALSE
CU-100532,2026-03-23,2026-03-29,825496.68,6,CASH_BUSINESS,FALSE
CU-100532,2026-04-13,2026-04-19,892270.53,10,CASH_BUSINESS,FALSE
CU-100532,2026-05-11,2026-05-17,990976.13,10,CASH_BUSINESS,FALSE
CU-100532,2026-06-15,2026-06-21,938420.44,10,CASH_BUSINESS,FALSE
CU-100532,2026-06-29,2026-07-05,912475.55,2,CASH_BUSINESS,FALSE
CU-100532,2026-08-03,2026-08-09,964864.75,8,CASH_BUSINESS,FALSE
CU-100537,2025-12-15,2025-12-21,836565.42,10,MULE,TRUE
CU-100542,2025-11-10,2025-11-16,930370.16,5,CASH_BUSINESS,FALSE
CU-100542,2025-11-24,2025-11-30,958451.37,2,CASH_BUSINESS,FALSE
CU-100552,2025-10-13,2025-10-19,805556.04,3,MULE,TRUE
CU-100552,2025-10-20,2025-10-26,938889.90,4,MULE,TRUE
CU-100552,2025-10-27,2025-11-02,880819.17,4,MULE,TRUE
CU-100552,2025-11-03,2025-11-09,878233.63,5,MULE,TRUE
CU-100552,2025-11-10,2025-11-16,934770.28,5,MULE,TRUE
CU-100552,2025-11-17,2025-11-23,954195.55,3,MULE,TRUE
CU-100552,2026-05-18,2026-05-24,867798.20,5,MULE,TRUE
CU-100552,2026-06-01,2026-06-07,910674.66,5,MULE,TRUE
CU-100552,2026-06-08,2026-06-14,849485.75,7,MULE,TRUE
CU-100552,2026-06-22,2026-06-28,967712.03,6,MULE,TRUE
CU-100552,2026-07-06,2026-07-12,839380.78,7,MULE,TRUE
CU-100552,2026-07-20,2026-07-26,851358.97,3,MULE,TRUE
CU-100556,2025-06-30,2025-07-06,943494.75,7,MULE,TRUE
CU-100556,2025-07-21,2025-07-27,872430.66,6,MULE,TRUE
CU-100556,2025-07-28,2025-08-03,850560.60,4,MULE,TRUE
CU-100556,2025-08-04,2025-08-10,853686.43,7,MULE,TRUE
CU-100556,2025-08-11,2025-08-17,918781.46,4,MULE,TRUE
CU-100556,2025-08-18,2025-08-24,857217.56,6,MULE,TRUE
CU-100556,2025-08-25,2025-08-31,973092.46,3,MULE,TRUE
CU-100556,2025-09-08,2025-09-14,876148.59,3,MULE,TRUE
CU-100556,2025-09-15,2025-09-21,922242.85,6,MULE,TRUE
CU-100556,2025-10-27,2025-11-02,826346.62,5,MULE,TRUE
CU-100556,2025-11-03,2025-11-09,969448.13,4,MULE,TRUE
CU-100556,2025-11-17,2025-11-23,821105.26,6,MULE,TRUE
CU-100556,2025-11-24,2025-11-30,967802.59,6,MULE,TRUE
CU-100556,2025-12-01,2025-12-07,929930.70,7,MULE,TRUE
CU-100556,2025-12-08,2025-12-14,853337.85,5,MULE,TRUE
CU-100556,2025-12-29,2026-01-04,905129.27,7,MULE,TRUE
CU-100556,2026-01-05,2026-01-11,809711.49,6,MULE,TRUE
CU-100556,2026-01-12,2026-01-18,930583.67,6,MULE,TRUE
CU-100556,2026-01-19,2026-01-25,912835.28,7,MULE,TRUE
CU-100556,2026-01-26,2026-02-01,909124.81,6,MULE,TRUE
CU-100556,2026-02-02,2026-02-08,878068.90,6,MULE,TRUE
CU-100556,2026-02-09,2026-02-15,933753.81,7,MULE,TRUE
CU-100556,2026-03-02,2026-03-08,946457.83,8,MULE,TRUE
CU-100556,2026-03-09,2026-03-15,894401.98,4,MULE,TRUE
CU-100556,2026-03-16,2026-03-22,911223.86,3,MULE,TRUE
CU-100556,2026-03-23,2026-03-29,944712.28,6,MULE,TRUE
CU-100556,2026-03-30,2026-04-05,806003.25,5,MULE,TRUE
CU-100556,2026-04-06,2026-04-12,958936.49,3,MULE,TRUE
CU-100556,2026-04-20,2026-04-26,912657.10,7,MULE,TRUE
CU-100556,2026-04-27,2026-05-03,897985.82,3,MULE,TRUE
CU-100556,2026-05-18,2026-05-24,941635.44,4,MULE,TRUE
CU-100556,2026-05-25,2026-05-31,917393.55,7,MULE,TRUE
CU-100556,2026-06-01,2026-06-07,915131.01,4,MULE,TRUE
CU-100556,2026-06-08,2026-06-14,915929.18,7,MULE,TRUE
CU-100556,2026-06-22,2026-06-28,812177.91,6,MULE,TRUE
CU-100556,2026-07-06,2026-07-12,956149.65,7,MULE,TRUE
CU-100556,2026-07-13,2026-07-19,952371.22,5,MULE,TRUE
CU-100572,2025-07-07,2025-07-13,969127.29,6,MULE,TRUE
CU-100572,2025-09-29,2025-10-05,896435.38,4,MULE,TRUE
CU-100572,2025-10-13,2025-10-19,835283.90,2,MULE,TRUE
CU-100572,2025-10-27,2025-11-02,956996.83,6,MULE,TRUE
CU-100572,2025-11-03,2025-11-09,874903.65,2,MULE,TRUE
CU-100572,2025-11-10,2025-11-16,849531.93,6,MULE,TRUE
CU-100572,2025-11-17,2025-11-23,907179.73,7,MULE,TRUE
CU-100572,2025-11-24,2025-11-30,837156.01,2,MULE,TRUE
CU-100572,2025-12-08,2025-12-14,933793.87,5,MULE,TRUE
CU-100576,2025-08-25,2025-08-31,942698.97,6,CASH_BUSINESS,FALSE
CU-100576,2025-12-29,2026-01-04,960798.45,5,CASH_BUSINESS,FALSE
CU-100576,2026-02-02,2026-02-08,961558.53,12,CASH_BUSINESS,FALSE
CU-100576,2026-03-09,2026-03-15,965388.27,7,CASH_BUSINESS,FALSE
CU-100576,2026-04-06,2026-04-12,931624.33,2,CASH_BUSINESS,FALSE
CU-100576,2026-04-27,2026-05-03,940477.76,12,CASH_BUSINESS,FALSE
CU-100576,2026-06-01,2026-06-07,867889.40,5,CASH_BUSINESS,FALSE
CU-100576,2026-06-08,2026-06-14,997340.31,6,CASH_BUSINESS,FALSE
CU-100576,2026-06-29,2026-07-05,962645.69,3,CASH_BUSINESS,FALSE
CU-100584,2025-06-30,2025-07-06,964654.26,10,LAYERING,TRUE
CU-100584,2025-09-15,2025-09-21,981621.80,3,LAYERING,TRUE
CU-100584,2025-09-22,2025-09-28,885709.57,5,LAYERING,TRUE
CU-100584,2025-11-10,2025-11-16,919797.14,2,LAYERING,TRUE
CU-100584,2025-11-17,2025-11-23,914271.15,5,LAYERING,TRUE
CU-100584,2026-01-05,2026-01-11,914613.35,5,LAYERING,TRUE
CU-100584,2026-04-13,2026-04-19,911621.29,2,LAYERING,TRUE
CU-100584,2026-06-08,2026-06-14,814989.23,2,LAYERING,TRUE
CU-100584,2026-06-29,2026-07-05,949130.16,6,LAYERING,TRUE
CU-100587,2025-06-30,2025-07-06,886148.69,5,MULE,TRUE
CU-100587,2025-07-07,2025-07-13,887081.15,5,MULE,TRUE
CU-100587,2025-07-14,2025-07-20,974668.87,3,MULE,TRUE
CU-100587,2025-07-21,2025-07-27,863308.32,8,MULE,TRUE
CU-100587,2025-07-28,2025-08-03,905647.77,5,MULE,TRUE
CU-100587,2025-08-04,2025-08-10,836970.21,2,MULE,TRUE
CU-100587,2025-08-18,2025-08-24,842019.89,10,MULE,TRUE
CU-100587,2025-09-08,2025-09-14,918148.17,5,MULE,TRUE
CU-100587,2025-09-15,2025-09-21,864550.97,6,MULE,TRUE
CU-100587,2025-09-22,2025-09-28,919063.13,8,MULE,TRUE
CU-100587,2025-10-13,2025-10-19,811869.33,2,MULE,TRUE
CU-100587,2025-10-20,2025-10-26,814710.22,5,MULE,TRUE
CU-100587,2025-11-24,2025-11-30,851277.32,10,MULE,TRUE
CU-100587,2025-12-01,2025-12-07,929352.84,10,MULE,TRUE
CU-100587,2025-12-29,2026-01-04,910204.50,10,MULE,TRUE
CU-100587,2026-01-12,2026-01-18,897224.84,12,MULE,TRUE
CU-100587,2026-01-19,2026-01-25,810767.60,5,MULE,TRUE
CU-100587,2026-02-02,2026-02-08,967436.06,6,MULE,TRUE
CU-100587,2026-02-16,2026-02-22,961100.07,9,MULE,TRUE
CU-100587,2026-03-02,2026-03-08,940373.32,8,MULE,TRUE
CU-100587,2026-03-30,2026-04-05,836133.00,10,MULE,TRUE
CU-100587,2026-04-06,2026-04-12,962179.87,8,MULE,TRUE
CU-100587,2026-04-13,2026-04-19,809405.71,9,MULE,TRUE
CU-100587,2026-04-20,2026-04-26,903195.76,5,MULE,TRUE
CU-100587,2026-04-27,2026-05-03,842395.88,5,MULE,TRUE
CU-100587,2026-05-04,2026-05-10,855333.44,2,MULE,TRUE
CU-100587,2026-05-25,2026-05-31,921459.54,11,MULE,TRUE
CU-100587,2026-06-08,2026-06-14,882075.16,5,MULE,TRUE
CU-100587,2026-06-15,2026-06-21,857834.60,13,MULE,TRUE
CU-100587,2026-06-22,2026-06-28,854846.78,5,MULE,TRUE
CU-100587,2026-07-06,2026-07-12,840389.14,5,MULE,TRUE
CU-100587,2026-07-13,2026-07-19,963630.00,12,MULE,TRUE
CU-100587,2026-08-03,2026-08-09,832459.34,6,MULE,TRUE
CU-100593,2025-07-07,2025-07-13,869769.13,5,MULE,TRUE
CU-100593,2025-07-14,2025-07-20,911233.87,4,MULE,TRUE
CU-100593,2025-08-04,2025-08-10,967666.55,6,MULE,TRUE
CU-100593,2025-08-11,2025-08-17,861751.81,3,MULE,TRUE
CU-100593,2025-08-18,2025-08-24,842713.83,6,MULE,TRUE
CU-100593,2026-05-11,2026-05-17,938748.14,3,MULE,TRUE
CU-100593,2026-05-18,2026-05-24,866386.50,2,MULE,TRUE
CU-100596,2025-10-06,2025-10-12,915643.30,6,MULE,TRUE
CU-100596,2025-10-13,2025-10-19,867379.00,7,MULE,TRUE
CU-100596,2025-10-20,2025-10-26,979769.95,3,MULE,TRUE
CU-100596,2026-03-09,2026-03-15,949671.75,6,MULE,TRUE
CU-100596,2026-03-16,2026-03-22,834620.65,7,MULE,TRUE
CU-100596,2026-03-30,2026-04-05,858840.37,4,MULE,TRUE
CU-100596,2026-04-06,2026-04-12,820072.74,6,MULE,TRUE
CU-100599,2025-07-07,2025-07-13,902658.57,6,MULE,TRUE
CU-100599,2025-07-21,2025-07-27,972292.53,6,MULE,TRUE
CU-100599,2025-09-08,2025-09-14,936089.41,5,MULE,TRUE
CU-100599,2025-09-22,2025-09-28,946352.86,3,MULE,TRUE
CU-100599,2025-09-29,2025-10-05,960907.51,5,MULE,TRUE
CU-100599,2025-10-06,2025-10-12,928974.43,6,MULE,TRUE
CU-100599,2025-10-20,2025-10-26,949308.85,6,MULE,TRUE
CU-100599,2025-11-03,2025-11-09,833644.83,5,MULE,TRUE
CU-100599,2025-11-17,2025-11-23,936119.92,2,MULE,TRUE
CU-100599,2025-11-24,2025-11-30,913187.73,5,MULE,TRUE
CU-100599,2025-12-01,2025-12-07,908412.69,7,MULE,TRUE
CU-100599,2025-12-15,2025-12-21,923265.13,3,MULE,TRUE
CU-100599,2025-12-22,2025-12-28,884522.21,2,MULE,TRUE
CU-100599,2025-12-29,2026-01-04,895763.19,5,MULE,TRUE
CU-100599,2026-01-05,2026-01-11,848934.95,4,MULE,TRUE
CU-100599,2026-01-12,2026-01-18,868541.94,2,MULE,TRUE
CU-100599,2026-02-02,2026-02-08,947654.58,5,MULE,TRUE
CU-100599,2026-03-09,2026-03-15,818559.21,7,MULE,TRUE
CU-100599,2026-03-16,2026-03-22,835521.20,5,MULE,TRUE
CU-100599,2026-03-23,2026-03-29,892959.29,6,MULE,TRUE
CU-100599,2026-03-30,2026-04-05,866128.43,5,MULE,TRUE
CU-100599,2026-04-13,2026-04-19,845932.37,8,MULE,TRUE
CU-100599,2026-04-27,2026-05-03,842638.98,8,MULE,TRUE
CU-100599,2026-05-04,2026-05-10,898708.82,5,MULE,TRUE
CU-100599,2026-05-11,2026-05-17,923712.36,5,MULE,TRUE
CU-100599,2026-05-18,2026-05-24,916141.54,2,MULE,TRUE
CU-100599,2026-05-25,2026-05-31,931649.95,2,MULE,TRUE
CU-100599,2026-06-08,2026-06-14,836491.10,4,MULE,TRUE
CU-100599,2026-06-29,2026-07-05,933807.61,2,MULE,TRUE
CU-100599,2026-07-13,2026-07-19,855169.53,5,MULE,TRUE
CU-100599,2026-08-03,2026-08-09,909294.37,2,MULE,TRUE
CU-100609,2025-06-30,2025-07-06,972316.04,11,CASH_BUSINESS,FALSE
CU-100609,2025-07-21,2025-07-27,894320.22,8,CASH_BUSINESS,FALSE
CU-100609,2025-08-11,2025-08-17,986355.07,11,CASH_BUSINESS,FALSE
CU-100609,2025-08-25,2025-08-31,868347.70,2,CASH_BUSINESS,FALSE
CU-100609,2025-09-01,2025-09-07,915461.61,7,CASH_BUSINESS,FALSE
CU-100609,2025-09-15,2025-09-21,897655.92,2,CASH_BUSINESS,FALSE
CU-100609,2025-10-06,2025-10-12,912941.59,8,CASH_BUSINESS,FALSE
CU-100609,2025-11-03,2025-11-09,948616.24,5,CASH_BUSINESS,FALSE
CU-100609,2025-11-17,2025-11-23,869215.08,5,CASH_BUSINESS,FALSE
CU-100609,2026-01-12,2026-01-18,977454.96,11,CASH_BUSINESS,FALSE
CU-100609,2026-02-23,2026-03-01,889892.91,7,CASH_BUSINESS,FALSE
CU-100609,2026-03-09,2026-03-15,936239.77,12,CASH_BUSINESS,FALSE
CU-100609,2026-03-16,2026-03-22,858534.90,9,CASH_BUSINESS,FALSE
CU-100609,2026-04-06,2026-04-12,987510.52,6,CASH_BUSINESS,FALSE
CU-100609,2026-04-20,2026-04-26,979688.29,10,CASH_BUSINESS,FALSE
CU-100609,2026-05-11,2026-05-17,802927.22,10,CASH_BUSINESS,FALSE
CU-100609,2026-06-15,2026-06-21,878152.50,8,CASH_BUSINESS,FALSE
CU-100609,2026-07-06,2026-07-12,959183.83,3,CASH_BUSINESS,FALSE
CU-100609,2026-08-03,2026-08-09,807112.59,8,CASH_BUSINESS,FALSE
CU-100618,2025-06-30,2025-07-06,807166.53,3,MULE,TRUE
CU-100618,2025-07-14,2025-07-20,871364.02,5,MULE,TRUE
CU-100618,2025-07-21,2025-07-27,816901.70,2,MULE,TRUE
CU-100618,2025-08-11,2025-08-17,808890.63,4,MULE,TRUE
CU-100618,2025-09-08,2025-09-14,826043.58,7,MULE,TRUE
CU-100618,2025-10-06,2025-10-12,950428.45,5,MULE,TRUE
CU-100618,2025-10-13,2025-10-19,851063.30,5,MULE,TRUE
CU-100618,2025-11-03,2025-11-09,841043.79,2,MULE,TRUE
CU-100618,2025-11-10,2025-11-16,961702.39,4,MULE,TRUE
CU-100618,2025-11-17,2025-11-23,870618.04,4,MULE,TRUE
CU-100618,2025-12-08,2025-12-14,859742.56,5,MULE,TRUE
CU-100618,2025-12-15,2025-12-21,886504.01,2,MULE,TRUE
CU-100618,2025-12-29,2026-01-04,914059.98,3,MULE,TRUE
CU-100618,2026-01-05,2026-01-11,900760.41,2,MULE,TRUE
CU-100618,2026-01-12,2026-01-18,931042.92,5,MULE,TRUE
CU-100618,2026-02-09,2026-02-15,958335.84,4,MULE,TRUE
CU-100618,2026-02-16,2026-02-22,948802.23,8,MULE,TRUE
CU-100618,2026-02-23,2026-03-01,977812.88,8,MULE,TRUE
CU-100618,2026-03-02,2026-03-08,919239.11,4,MULE,TRUE
CU-100618,2026-03-23,2026-03-29,942725.30,7,MULE,TRUE
CU-100618,2026-04-06,2026-04-12,949848.03,4,MULE,TRUE
CU-100618,2026-04-27,2026-05-03,903708.24,5,MULE,TRUE
CU-100618,2026-05-18,2026-05-24,883302.41,5,MULE,TRUE
CU-100618,2026-05-25,2026-05-31,967773.44,3,MULE,TRUE
CU-100618,2026-06-08,2026-06-14,869130.24,5,MULE,TRUE
CU-100618,2026-06-22,2026-06-28,803354.03,2,MULE,TRUE
CU-100618,2026-06-29,2026-07-05,952745.33,3,MULE,TRUE
CU-100618,2026-07-06,2026-07-12,945586.88,7,MULE,TRUE
CU-100618,2026-07-13,2026-07-19,847928.97,7,MULE,TRUE
CU-100628,2026-04-20,2026-04-26,980449.71,5,LAYERING,TRUE
CU-100628,2026-04-27,2026-05-03,983559.49,4,LAYERING,TRUE
CU-100631,2025-12-29,2026-01-04,831773.81,6,MULE,TRUE
CU-100631,2026-01-05,2026-01-11,886732.53,4,MULE,TRUE
CU-100631,2026-01-12,2026-01-18,961006.85,4,MULE,TRUE
CU-100631,2026-01-19,2026-01-25,938486.09,7,MULE,TRUE
CU-100631,2026-01-26,2026-02-01,805709.53,4,MULE,TRUE
CU-100631,2026-02-02,2026-02-08,951434.15,3,MULE,TRUE
CU-100631,2026-05-11,2026-05-17,947374.11,6,MULE,TRUE
CU-100631,2026-06-01,2026-06-07,928485.85,4,MULE,TRUE
CU-100631,2026-06-08,2026-06-14,805016.21,7,MULE,TRUE
CU-100631,2026-06-15,2026-06-21,976716.25,4,MULE,TRUE
CU-100631,2026-06-22,2026-06-28,912275.69,8,MULE,TRUE
CU-100632,2025-07-21,2025-07-27,825379.74,8,MULE,TRUE
CU-100632,2025-08-18,2025-08-24,913788.85,8,MULE,TRUE
CU-100632,2025-09-15,2025-09-21,918251.36,8,MULE,TRUE
CU-100632,2025-09-22,2025-09-28,810604.24,7,MULE,TRUE
CU-100632,2025-10-06,2025-10-12,815372.00,10,MULE,TRUE
CU-100632,2025-10-20,2025-10-26,826869.87,7,MULE,TRUE
CU-100632,2025-12-08,2025-12-14,859176.95,12,MULE,TRUE
CU-100632,2025-12-29,2026-01-04,828538.56,7,MULE,TRUE
CU-100632,2026-01-05,2026-01-11,816061.50,8,MULE,TRUE
CU-100632,2026-01-26,2026-02-01,866164.92,5,MULE,TRUE
CU-100632,2026-02-16,2026-02-22,864208.46,5,MULE,TRUE
CU-100632,2026-02-23,2026-03-01,808719.98,10,MULE,TRUE
CU-100632,2026-04-13,2026-04-19,877059.48,10,MULE,TRUE
CU-100632,2026-04-20,2026-04-26,863437.34,11,MULE,TRUE
CU-100632,2026-05-18,2026-05-24,819196.50,6,MULE,TRUE
CU-100632,2026-06-15,2026-06-21,820826.28,6,MULE,TRUE
CU-100632,2026-06-22,2026-06-28,800964.13,7,MULE,TRUE
CU-100635,2025-06-30,2025-07-06,921904.46,5,MULE,TRUE
CU-100635,2025-09-08,2025-09-14,884510.68,7,MULE,TRUE
CU-100635,2025-09-15,2025-09-21,929102.43,5,MULE,TRUE
CU-100635,2025-09-22,2025-09-28,952825.59,7,MULE,TRUE
CU-100635,2025-10-06,2025-10-12,966580.33,7,MULE,TRUE
CU-100635,2025-10-13,2025-10-19,959867.22,4,MULE,TRUE
CU-100635,2025-11-10,2025-11-16,862550.67,5,MULE,TRUE
CU-100635,2026-07-13,2026-07-19,908016.04,5,MULE,TRUE
CU-100635,2026-07-27,2026-08-02,946687.02,6,MULE,TRUE
CU-100635,2026-08-03,2026-08-09,921387.94,6,MULE,TRUE
CU-100639,2025-07-14,2025-07-20,864403.14,11,CASH_BUSINESS,FALSE
CU-100639,2025-07-28,2025-08-03,873876.60,6,CASH_BUSINESS,FALSE
CU-100639,2025-08-18,2025-08-24,859023.22,8,CASH_BUSINESS,FALSE
CU-100639,2025-09-08,2025-09-14,848911.03,9,CASH_BUSINESS,FALSE
CU-100639,2025-10-13,2025-10-19,944100.25,6,CASH_BUSINESS,FALSE
CU-100639,2025-10-20,2025-10-26,998908.81,11,CASH_BUSINESS,FALSE
CU-100639,2025-11-24,2025-11-30,888737.33,5,CASH_BUSINESS,FALSE
CU-100639,2025-12-22,2025-12-28,938416.24,12,CASH_BUSINESS,FALSE
CU-100639,2026-03-02,2026-03-08,974355.64,8,CASH_BUSINESS,FALSE
CU-100639,2026-03-16,2026-03-22,989689.01,11,CASH_BUSINESS,FALSE
CU-100639,2026-04-20,2026-04-26,953826.37,11,CASH_BUSINESS,FALSE
CU-100639,2026-05-18,2026-05-24,886456.66,8,CASH_BUSINESS,FALSE
CU-100639,2026-05-25,2026-05-31,808096.97,7,CASH_BUSINESS,FALSE
CU-100639,2026-07-06,2026-07-12,853070.08,8,CASH_BUSINESS,FALSE
CU-100639,2026-07-20,2026-07-26,847196.64,8,CASH_BUSINESS,FALSE
CU-100639,2026-07-27,2026-08-02,901547.56,6,CASH_BUSINESS,FALSE
CU-100646,2025-11-10,2025-11-16,818384.58,12,MULE,TRUE
CU-100665,2025-07-21,2025-07-27,830432.62,9,CASH_BUSINESS,FALSE
CU-100665,2025-08-18,2025-08-24,828503.29,11,CASH_BUSINESS,FALSE
CU-100665,2025-11-10,2025-11-16,804575.42,6,CASH_BUSINESS,FALSE
CU-100665,2025-11-24,2025-11-30,820060.06,2,CASH_BUSINESS,FALSE
CU-100665,2026-02-16,2026-02-22,907555.97,11,CASH_BUSINESS,FALSE
CU-100665,2026-03-02,2026-03-08,807956.27,6,CASH_BUSINESS,FALSE
CU-100665,2026-03-09,2026-03-15,801798.88,2,CASH_BUSINESS,FALSE
CU-100665,2026-03-23,2026-03-29,911596.84,10,CASH_BUSINESS,FALSE
CU-100665,2026-06-22,2026-06-28,838681.65,10,CASH_BUSINESS,FALSE
CU-100666,2026-02-02,2026-02-08,893938.52,4,MULE,TRUE
CU-100668,2025-09-15,2025-09-21,913576.53,8,CASH_BUSINESS,FALSE
CU-100668,2025-10-06,2025-10-12,847385.45,5,CASH_BUSINESS,FALSE
CU-100668,2025-11-17,2025-11-23,899222.88,2,CASH_BUSINESS,FALSE
CU-100668,2025-11-24,2025-11-30,851397.93,10,CASH_BUSINESS,FALSE
CU-100668,2025-12-01,2025-12-07,805061.83,9,CASH_BUSINESS,FALSE
CU-100668,2026-01-19,2026-01-25,885915.98,5,CASH_BUSINESS,FALSE
CU-100668,2026-02-09,2026-02-15,804157.15,7,CASH_BUSINESS,FALSE
CU-100668,2026-03-23,2026-03-29,861144.66,7,CASH_BUSINESS,FALSE
CU-100668,2026-04-13,2026-04-19,895944.38,5,CASH_BUSINESS,FALSE
CU-100668,2026-04-27,2026-05-03,854327.43,8,CASH_BUSINESS,FALSE
CU-100668,2026-05-11,2026-05-17,931702.04,11,CASH_BUSINESS,FALSE
CU-100668,2026-05-25,2026-05-31,819558.90,11,CASH_BUSINESS,FALSE
CU-100668,2026-06-22,2026-06-28,840151.94,5,CASH_BUSINESS,FALSE
CU-100668,2026-06-29,2026-07-05,853851.77,7,CASH_BUSINESS,FALSE
CU-100676,2025-06-30,2025-07-06,833559.52,2,MULE,TRUE
CU-100676,2025-08-11,2025-08-17,961608.19,8,MULE,TRUE
CU-100676,2025-09-01,2025-09-07,870052.77,8,MULE,TRUE
CU-100676,2025-09-22,2025-09-28,925280.76,7,MULE,TRUE
CU-100676,2025-10-06,2025-10-12,965114.18,5,MULE,TRUE
CU-100676,2025-10-20,2025-10-26,815812.59,8,MULE,TRUE
CU-100676,2025-10-27,2025-11-02,903385.33,5,MULE,TRUE
CU-100676,2025-11-03,2025-11-09,821680.97,5,MULE,TRUE
CU-100676,2025-11-10,2025-11-16,831268.06,5,MULE,TRUE
CU-100676,2025-11-17,2025-11-23,878992.73,5,MULE,TRUE
CU-100676,2025-12-01,2025-12-07,851691.95,4,MULE,TRUE
CU-100676,2025-12-08,2025-12-14,882212.79,5,MULE,TRUE
CU-100676,2025-12-15,2025-12-21,901971.02,4,MULE,TRUE
CU-100676,2025-12-22,2025-12-28,948775.85,6,MULE,TRUE
CU-100676,2025-12-29,2026-01-04,855114.08,7,MULE,TRUE
CU-100676,2026-01-05,2026-01-11,802785.33,5,MULE,TRUE
CU-100676,2026-01-19,2026-01-25,853693.47,4,MULE,TRUE
CU-100676,2026-02-02,2026-02-08,922285.50,8,MULE,TRUE
CU-100676,2026-02-16,2026-02-22,973549.21,6,MULE,TRUE
CU-100676,2026-02-23,2026-03-01,910763.10,2,MULE,TRUE
CU-100676,2026-03-02,2026-03-08,834891.26,8,MULE,TRUE
CU-100676,2026-03-09,2026-03-15,815260.93,2,MULE,TRUE
CU-100676,2026-03-23,2026-03-29,932202.09,4,MULE,TRUE
CU-100676,2026-04-06,2026-04-12,815896.06,7,MULE,TRUE
CU-100676,2026-04-13,2026-04-19,973061.31,7,MULE,TRUE
CU-100676,2026-04-20,2026-04-26,808820.78,5,MULE,TRUE
CU-100676,2026-04-27,2026-05-03,835447.38,5,MULE,TRUE
CU-100676,2026-05-04,2026-05-10,906447.83,4,MULE,TRUE
CU-100676,2026-06-01,2026-06-07,800620.75,5,MULE,TRUE
CU-100676,2026-06-15,2026-06-21,937790.90,2,MULE,TRUE
CU-100676,2026-06-22,2026-06-28,912169.83,4,MULE,TRUE
CU-100676,2026-06-29,2026-07-05,827114.09,7,MULE,TRUE
CU-100676,2026-07-06,2026-07-12,948527.68,5,MULE,TRUE
CU-100676,2026-07-20,2026-07-26,922329.81,4,MULE,TRUE
CU-100687,2025-07-21,2025-07-27,855277.74,8,LAYERING,TRUE
CU-100694,2025-07-07,2025-07-13,923316.76,11,MULE,TRUE
CU-100694,2025-08-18,2025-08-24,826857.87,7,MULE,TRUE
CU-100694,2025-09-15,2025-09-21,900914.78,11,MULE,TRUE
CU-100694,2025-09-29,2025-10-05,838779.54,2,MULE,TRUE
CU-100694,2025-12-01,2025-12-07,810988.06,11,MULE,TRUE
CU-100694,2025-12-22,2025-12-28,807308.28,8,MULE,TRUE
CU-100694,2026-02-09,2026-02-15,851818.70,7,MULE,TRUE
CU-100694,2026-02-23,2026-03-01,883676.46,6,MULE,TRUE
CU-100694,2026-04-13,2026-04-19,865436.36,9,MULE,TRUE
CU-100694,2026-04-27,2026-05-03,812602.58,11,MULE,TRUE
CU-100694,2026-05-11,2026-05-17,821401.42,9,MULE,TRUE
CU-100694,2026-05-18,2026-05-24,913532.28,10,MULE,TRUE
CU-100705,2025-10-13,2025-10-19,995685.80,11,LAYERING,TRUE
CU-100711,2026-02-02,2026-02-08,956203.89,4,MULE,TRUE
CU-100711,2026-02-09,2026-02-15,862822.01,5,MULE,TRUE
CU-100711,2026-05-18,2026-05-24,823566.29,6,MULE,TRUE
CU-100711,2026-06-01,2026-06-07,967287.88,4,MULE,TRUE
CU-100711,2026-06-08,2026-06-14,822184.71,7,MULE,TRUE
CU-100711,2026-06-15,2026-06-21,865388.95,5,MULE,TRUE
CU-100711,2026-06-22,2026-06-28,815626.73,7,MULE,TRUE
CU-100711,2026-06-29,2026-07-05,903882.79,5,MULE,TRUE
CU-100711,2026-07-06,2026-07-12,956898.18,6,MULE,TRUE
CU-100711,2026-07-13,2026-07-19,932854.49,3,MULE,TRUE
CU-100711,2026-07-20,2026-07-26,927478.93,5,MULE,TRUE
CU-100714,2025-09-15,2025-09-21,896532.56,6,MULE,TRUE
CU-100714,2025-09-22,2025-09-28,833634.52,2,MULE,TRUE
CU-100714,2025-09-29,2025-10-05,939244.57,3,MULE,TRUE
CU-100714,2025-10-20,2025-10-26,862389.70,7,MULE,TRUE
CU-100714,2025-10-27,2025-11-02,836366.81,2,MULE,TRUE
CU-100714,2025-11-03,2025-11-09,952161.07,3,MULE,TRUE
CU-100714,2025-11-10,2025-11-16,845163.35,3,MULE,TRUE
CU-100714,2025-12-15,2025-12-21,816293.46,2,MULE,TRUE
CU-100714,2025-12-22,2025-12-28,853840.82,8,MULE,TRUE
CU-100714,2025-12-29,2026-01-04,962242.94,4,MULE,TRUE
CU-100714,2026-01-05,2026-01-11,978206.09,4,MULE,TRUE
CU-100714,2026-01-12,2026-01-18,889116.97,5,MULE,TRUE
CU-100714,2026-01-26,2026-02-01,900064.81,2,MULE,TRUE
CU-100714,2026-02-02,2026-02-08,841942.98,5,MULE,TRUE
CU-100714,2026-03-09,2026-03-15,913176.90,5,MULE,TRUE
CU-100714,2026-03-16,2026-03-22,878743.15,2,MULE,TRUE
CU-100714,2026-03-23,2026-03-29,831592.51,5,MULE,TRUE
CU-100718,2025-07-14,2025-07-20,898468.14,5,CASH_BUSINESS,FALSE
CU-100718,2025-10-20,2025-10-26,824502.88,9,CASH_BUSINESS,FALSE
CU-100718,2025-11-03,2025-11-09,859192.32,10,CASH_BUSINESS,FALSE
CU-100718,2025-12-15,2025-12-21,853271.60,12,CASH_BUSINESS,FALSE
CU-100718,2025-12-22,2025-12-28,861981.96,8,CASH_BUSINESS,FALSE
CU-100718,2026-01-26,2026-02-01,852631.38,2,CASH_BUSINESS,FALSE
CU-100718,2026-03-16,2026-03-22,833704.92,12,CASH_BUSINESS,FALSE
CU-100718,2026-04-13,2026-04-19,927271.84,10,CASH_BUSINESS,FALSE
CU-100718,2026-04-20,2026-04-26,892664.74,6,CASH_BUSINESS,FALSE
CU-100718,2026-05-11,2026-05-17,894368.96,9,CASH_BUSINESS,FALSE
CU-100718,2026-06-08,2026-06-14,998789.49,6,CASH_BUSINESS,FALSE
CU-100718,2026-07-20,2026-07-26,847481.75,8,CASH_BUSINESS,FALSE
CU-100721,2025-07-28,2025-08-03,891907.86,2,CASH_BUSINESS,FALSE
CU-100721,2025-10-06,2025-10-12,960786.94,6,CASH_BUSINESS,FALSE
CU-100721,2025-12-01,2025-12-07,810739.65,11,CASH_BUSINESS,FALSE
CU-100721,2026-02-23,2026-03-01,870262.11,10,CASH_BUSINESS,FALSE
CU-100721,2026-03-09,2026-03-15,816898.95,13,CASH_BUSINESS,FALSE
CU-100721,2026-03-30,2026-04-05,863948.07,8,CASH_BUSINESS,FALSE
CU-100721,2026-06-01,2026-06-07,846066.67,7,CASH_BUSINESS,FALSE
CU-100724,2025-06-30,2025-07-06,803062.59,6,MULE,TRUE
CU-100724,2025-08-04,2025-08-10,838758.86,4,MULE,TRUE
CU-100724,2025-08-18,2025-08-24,804582.27,2,MULE,TRUE
CU-100724,2025-08-25,2025-08-31,876099.98,2,MULE,TRUE
CU-100724,2025-09-08,2025-09-14,970160.51,7,MULE,TRUE
CU-100724,2025-10-06,2025-10-12,957142.84,4,MULE,TRUE
CU-100724,2025-10-27,2025-11-02,827470.82,6,MULE,TRUE
CU-100724,2025-11-03,2025-11-09,881844.90,3,MULE,TRUE
CU-100724,2025-12-08,2025-12-14,936502.30,4,MULE,TRUE
CU-100724,2026-01-12,2026-01-18,930693.71,5,MULE,TRUE
CU-100724,2026-02-02,2026-02-08,890928.98,6,MULE,TRUE
CU-100724,2026-02-16,2026-02-22,807742.35,7,MULE,TRUE
CU-100724,2026-02-23,2026-03-01,934758.28,6,MULE,TRUE
CU-100724,2026-03-02,2026-03-08,826921.80,7,MULE,TRUE
CU-100724,2026-03-09,2026-03-15,835444.21,6,MULE,TRUE
CU-100724,2026-03-23,2026-03-29,849103.59,6,MULE,TRUE
CU-100724,2026-05-11,2026-05-17,839122.42,4,MULE,TRUE
CU-100724,2026-07-06,2026-07-12,807038.98,6,MULE,TRUE
CU-100724,2026-07-13,2026-07-19,932333.91,3,MULE,TRUE
CU-100731,2025-06-30,2025-07-06,929087.96,6,MULE,TRUE
CU-100731,2025-12-15,2025-12-21,849654.72,12,MULE,TRUE
CU-100731,2026-01-26,2026-02-01,962824.82,11,MULE,TRUE
CU-100731,2026-08-03,2026-08-09,802009.21,12,MULE,TRUE
CU-100732,2025-10-06,2025-10-12,802841.79,12,CASH_BUSINESS,FALSE
CU-100732,2025-11-10,2025-11-16,856040.01,10,CASH_BUSINESS,FALSE
CU-100732,2026-03-09,2026-03-15,858595.96,12,CASH_BUSINESS,FALSE
CU-100732,2026-04-27,2026-05-03,818885.85,11,CASH_BUSINESS,FALSE
CU-100732,2026-06-08,2026-06-14,803688.26,9,CASH_BUSINESS,FALSE
CU-100732,2026-08-03,2026-08-09,807787.68,9,CASH_BUSINESS,FALSE
CU-100737,2025-09-08,2025-09-14,922083.81,12,CASH_BUSINESS,FALSE
CU-100737,2025-11-10,2025-11-16,877905.91,8,CASH_BUSINESS,FALSE
CU-100737,2025-12-01,2025-12-07,993319.93,3,CASH_BUSINESS,FALSE
CU-100737,2026-01-19,2026-01-25,976033.68,11,CASH_BUSINESS,FALSE
CU-100737,2026-02-23,2026-03-01,906117.37,10,CASH_BUSINESS,FALSE
CU-100737,2026-05-11,2026-05-17,901559.65,8,CASH_BUSINESS,FALSE
CU-100737,2026-06-29,2026-07-05,835361.85,8,CASH_BUSINESS,FALSE
CU-100737,2026-07-06,2026-07-12,921571.85,8,CASH_BUSINESS,FALSE
CU-100739,2025-07-21,2025-07-27,940288.56,6,CASH_BUSINESS,FALSE
CU-100739,2025-08-04,2025-08-10,963413.23,11,CASH_BUSINESS,FALSE
CU-100739,2025-09-08,2025-09-14,923911.45,11,CASH_BUSINESS,FALSE
CU-100739,2025-09-15,2025-09-21,946320.37,10,CASH_BUSINESS,FALSE
CU-100739,2025-09-29,2025-10-05,997816.49,8,CASH_BUSINESS,FALSE
CU-100739,2025-10-06,2025-10-12,801843.46,5,CASH_BUSINESS,FALSE
CU-100739,2025-10-13,2025-10-19,849658.86,8,CASH_BUSINESS,FALSE
CU-100739,2025-10-20,2025-10-26,820265.84,2,CASH_BUSINESS,FALSE
CU-100739,2025-10-27,2025-11-02,958297.29,5,CASH_BUSINESS,FALSE
CU-100739,2025-11-03,2025-11-09,821517.99,7,CASH_BUSINESS,FALSE
CU-100739,2025-11-10,2025-11-16,853705.18,9,CASH_BUSINESS,FALSE
CU-100739,2025-12-01,2025-12-07,866635.46,5,CASH_BUSINESS,FALSE
CU-100739,2025-12-15,2025-12-21,868242.58,10,CASH_BUSINESS,FALSE
CU-100739,2025-12-29,2026-01-04,845284.36,2,CASH_BUSINESS,FALSE
CU-100739,2026-01-12,2026-01-18,963990.28,9,CASH_BUSINESS,FALSE
CU-100739,2026-02-02,2026-02-08,909320.10,8,CASH_BUSINESS,FALSE
CU-100739,2026-02-09,2026-02-15,995296.17,11,CASH_BUSINESS,FALSE
CU-100739,2026-02-16,2026-02-22,868380.89,2,CASH_BUSINESS,FALSE
CU-100739,2026-03-02,2026-03-08,975166.96,8,CASH_BUSINESS,FALSE
CU-100739,2026-03-30,2026-04-05,906663.67,8,CASH_BUSINESS,FALSE
CU-100739,2026-04-06,2026-04-12,988307.78,10,CASH_BUSINESS,FALSE
CU-100739,2026-04-13,2026-04-19,869600.97,7,CASH_BUSINESS,FALSE
CU-100739,2026-04-27,2026-05-03,840853.70,12,CASH_BUSINESS,FALSE
CU-100739,2026-05-11,2026-05-17,802235.31,5,CASH_BUSINESS,FALSE
CU-100739,2026-06-29,2026-07-05,965252.17,3,CASH_BUSINESS,FALSE
CU-100739,2026-07-20,2026-07-26,818449.42,10,CASH_BUSINESS,FALSE
CU-100739,2026-08-03,2026-08-09,960928.06,6,CASH_BUSINESS,FALSE
CU-100740,2025-06-30,2025-07-06,941664.99,5,MULE,TRUE
CU-100740,2025-07-14,2025-07-20,915043.35,7,MULE,TRUE
CU-100740,2025-07-21,2025-07-27,960787.20,7,MULE,TRUE
CU-100740,2025-08-11,2025-08-17,933384.51,4,MULE,TRUE
CU-100740,2025-08-18,2025-08-24,883420.29,3,MULE,TRUE
CU-100740,2025-08-25,2025-08-31,958667.36,7,MULE,TRUE
CU-100740,2025-09-22,2025-09-28,923523.31,5,MULE,TRUE
CU-100740,2025-09-29,2025-10-05,970470.26,6,MULE,TRUE
CU-100740,2025-10-13,2025-10-19,836601.38,5,MULE,TRUE
CU-100740,2025-10-27,2025-11-02,918035.98,6,MULE,TRUE
CU-100740,2025-12-29,2026-01-04,970498.05,4,MULE,TRUE
CU-100740,2026-01-05,2026-01-11,920964.41,5,MULE,TRUE
CU-100740,2026-01-19,2026-01-25,894109.67,6,MULE,TRUE
CU-100740,2026-02-23,2026-03-01,844654.86,3,MULE,TRUE
CU-100740,2026-03-02,2026-03-08,954947.78,5,MULE,TRUE
CU-100740,2026-03-16,2026-03-22,954071.22,3,MULE,TRUE
CU-100740,2026-03-30,2026-04-05,894113.49,5,MULE,TRUE
CU-100740,2026-04-06,2026-04-12,977311.44,4,MULE,TRUE
CU-100740,2026-04-13,2026-04-19,821046.70,5,MULE,TRUE
CU-100740,2026-04-20,2026-04-26,972233.88,6,MULE,TRUE
CU-100740,2026-05-25,2026-05-31,945184.85,5,MULE,TRUE
CU-100740,2026-06-08,2026-06-14,959597.53,6,MULE,TRUE
CU-100740,2026-06-22,2026-06-28,957608.43,6,MULE,TRUE
CU-100740,2026-06-29,2026-07-05,925756.36,3,MULE,TRUE
CU-100747,2025-07-07,2025-07-13,961535.54,6,LAYERING,TRUE
CU-100747,2025-09-15,2025-09-21,803645.68,11,LAYERING,TRUE
CU-100747,2026-01-26,2026-02-01,871257.21,4,LAYERING,TRUE
CU-100747,2026-02-23,2026-03-01,873133.70,7,LAYERING,TRUE
CU-100747,2026-03-23,2026-03-29,976482.98,8,LAYERING,TRUE
CU-100747,2026-06-01,2026-06-07,812024.30,4,LAYERING,TRUE
CU-100747,2026-07-27,2026-08-02,828369.62,7,LAYERING,TRUE
CU-100747,2026-08-03,2026-08-09,884775.70,7,LAYERING,TRUE
CU-100752,2025-12-08,2025-12-14,804826.82,7,LAYERING,TRUE
CU-100752,2025-12-22,2025-12-28,948994.80,10,LAYERING,TRUE
CU-100753,2025-07-14,2025-07-20,841552.21,9,CASH_BUSINESS,FALSE
CU-100753,2025-07-21,2025-07-27,895208.98,11,CASH_BUSINESS,FALSE
CU-100753,2025-08-11,2025-08-17,816004.01,2,CASH_BUSINESS,FALSE
CU-100753,2025-11-24,2025-11-30,962268.17,5,CASH_BUSINESS,FALSE
CU-100753,2025-12-29,2026-01-04,915115.18,7,CASH_BUSINESS,FALSE
CU-100753,2026-01-26,2026-02-01,844634.41,10,CASH_BUSINESS,FALSE
CU-100753,2026-02-09,2026-02-15,924223.78,9,CASH_BUSINESS,FALSE
CU-100753,2026-02-16,2026-02-22,888662.38,7,CASH_BUSINESS,FALSE
CU-100753,2026-02-23,2026-03-01,901041.88,9,CASH_BUSINESS,FALSE
CU-100753,2026-03-16,2026-03-22,900970.09,8,CASH_BUSINESS,FALSE
CU-100753,2026-05-04,2026-05-10,965162.83,6,CASH_BUSINESS,FALSE
CU-100753,2026-05-11,2026-05-17,888123.73,8,CASH_BUSINESS,FALSE
CU-100753,2026-06-01,2026-06-07,963415.91,10,CASH_BUSINESS,FALSE
CU-100753,2026-07-27,2026-08-02,816111.47,11,CASH_BUSINESS,FALSE
CU-100755,2025-06-30,2025-07-06,906200.76,3,CASH_BUSINESS,FALSE
CU-100755,2025-07-21,2025-07-27,836112.12,4,CASH_BUSINESS,FALSE
CU-100755,2025-08-25,2025-08-31,883196.57,2,CASH_BUSINESS,FALSE
CU-100755,2025-09-01,2025-09-07,958459.73,5,CASH_BUSINESS,FALSE
CU-100755,2025-09-29,2025-10-05,860208.23,5,CASH_BUSINESS,FALSE
CU-100755,2025-10-06,2025-10-12,844049.73,6,CASH_BUSINESS,FALSE
CU-100755,2025-10-20,2025-10-26,964533.12,5,CASH_BUSINESS,FALSE
CU-100755,2025-10-27,2025-11-02,833342.44,5,CASH_BUSINESS,FALSE
CU-100755,2025-11-03,2025-11-09,866803.39,6,CASH_BUSINESS,FALSE
CU-100755,2025-11-17,2025-11-23,963057.62,6,CASH_BUSINESS,FALSE
CU-100755,2025-11-24,2025-11-30,940279.71,5,CASH_BUSINESS,FALSE
CU-100755,2025-12-01,2025-12-07,934498.03,4,CASH_BUSINESS,FALSE
CU-100755,2025-12-08,2025-12-14,928280.93,7,CASH_BUSINESS,FALSE
CU-100755,2025-12-22,2025-12-28,970909.28,7,CASH_BUSINESS,FALSE
CU-100755,2026-01-12,2026-01-18,911206.69,4,CASH_BUSINESS,FALSE
CU-100755,2026-02-16,2026-02-22,870401.76,7,CASH_BUSINESS,FALSE
CU-100755,2026-03-23,2026-03-29,910003.12,5,CASH_BUSINESS,FALSE
CU-100755,2026-03-30,2026-04-05,882164.31,6,CASH_BUSINESS,FALSE
CU-100755,2026-04-06,2026-04-12,904204.71,7,CASH_BUSINESS,FALSE
CU-100755,2026-04-13,2026-04-19,852811.39,7,CASH_BUSINESS,FALSE
CU-100755,2026-05-04,2026-05-10,810851.63,3,CASH_BUSINESS,FALSE
CU-100755,2026-05-11,2026-05-17,977267.33,4,CASH_BUSINESS,FALSE
CU-100755,2026-05-18,2026-05-24,837697.92,4,CASH_BUSINESS,FALSE
CU-100755,2026-05-25,2026-05-31,843770.64,2,CASH_BUSINESS,FALSE
CU-100755,2026-06-01,2026-06-07,861072.49,5,CASH_BUSINESS,FALSE
CU-100755,2026-06-15,2026-06-21,852902.48,5,CASH_BUSINESS,FALSE
CU-100755,2026-07-06,2026-07-12,819584.68,2,CASH_BUSINESS,FALSE
CU-100755,2026-07-13,2026-07-19,874680.15,8,CASH_BUSINESS,FALSE
CU-100755,2026-07-20,2026-07-26,947644.50,4,CASH_BUSINESS,FALSE
CU-100755,2026-07-27,2026-08-02,878656.66,5,CASH_BUSINESS,FALSE
CU-100763,2025-08-18,2025-08-24,993579.21,9,CASH_BUSINESS,FALSE
CU-100763,2025-10-27,2025-11-02,977801.39,6,CASH_BUSINESS,FALSE
CU-100763,2025-11-17,2025-11-23,935552.68,5,CASH_BUSINESS,FALSE
CU-100763,2026-01-12,2026-01-18,981699.03,9,CASH_BUSINESS,FALSE
CU-100763,2026-01-26,2026-02-01,842131.26,6,CASH_BUSINESS,FALSE
CU-100763,2026-04-27,2026-05-03,980597.00,3,CASH_BUSINESS,FALSE
CU-100763,2026-07-27,2026-08-02,947685.72,11,CASH_BUSINESS,FALSE
CU-100766,2025-09-22,2025-09-28,990947.10,11,CASH_BUSINESS,FALSE
CU-100766,2025-10-13,2025-10-19,824553.98,11,CASH_BUSINESS,FALSE
CU-100766,2026-04-20,2026-04-26,948252.79,6,CASH_BUSINESS,FALSE
CU-100771,2025-06-30,2025-07-06,874154.65,3,MULE,TRUE
CU-100771,2025-07-14,2025-07-20,946367.67,5,MULE,TRUE
CU-100771,2025-07-28,2025-08-03,964085.02,2,MULE,TRUE
CU-100771,2025-08-04,2025-08-10,851709.71,2,MULE,TRUE
CU-100771,2025-08-25,2025-08-31,948825.36,4,MULE,TRUE
CU-100771,2025-09-08,2025-09-14,944588.54,4,MULE,TRUE
CU-100771,2025-09-15,2025-09-21,841714.84,6,MULE,TRUE
CU-100771,2025-10-20,2025-10-26,925808.71,5,MULE,TRUE
CU-100771,2025-10-27,2025-11-02,940354.64,3,MULE,TRUE
CU-100771,2025-11-03,2025-11-09,885699.21,5,MULE,TRUE
CU-100771,2025-11-17,2025-11-23,834084.94,3,MULE,TRUE
CU-100771,2025-12-01,2025-12-07,863112.77,3,MULE,TRUE
CU-100771,2025-12-08,2025-12-14,907633.79,5,MULE,TRUE
CU-100771,2025-12-15,2025-12-21,880492.52,3,MULE,TRUE
CU-100771,2025-12-22,2025-12-28,825517.58,5,MULE,TRUE
CU-100771,2025-12-29,2026-01-04,938034.73,5,MULE,TRUE
CU-100771,2026-01-05,2026-01-11,922462.98,5,MULE,TRUE
CU-100771,2026-01-26,2026-02-01,856002.67,3,MULE,TRUE
CU-100771,2026-02-02,2026-02-08,838008.82,4,MULE,TRUE
CU-100771,2026-02-09,2026-02-15,934291.94,5,MULE,TRUE
CU-100771,2026-02-23,2026-03-01,894497.61,5,MULE,TRUE
CU-100771,2026-03-02,2026-03-08,826948.01,4,MULE,TRUE
CU-100771,2026-03-23,2026-03-29,815223.50,4,MULE,TRUE
CU-100771,2026-04-06,2026-04-12,871132.10,7,MULE,TRUE
CU-100771,2026-05-04,2026-05-10,828464.67,4,MULE,TRUE
CU-100771,2026-05-11,2026-05-17,905939.04,6,MULE,TRUE
CU-100771,2026-05-25,2026-05-31,978683.60,5,MULE,TRUE
CU-100771,2026-06-08,2026-06-14,891257.33,5,MULE,TRUE
CU-100771,2026-07-06,2026-07-12,875264.12,4,MULE,TRUE
CU-100771,2026-07-20,2026-07-26,960753.57,3,MULE,TRUE
CU-100771,2026-07-27,2026-08-02,973094.02,4,MULE,TRUE
CU-100774,2026-06-15,2026-06-21,980849.56,6,LAYERING,TRUE
CU-100774,2026-06-22,2026-06-28,864045.50,5,LAYERING,TRUE
CU-100774,2026-07-13,2026-07-19,956612.69,6,LAYERING,TRUE
CU-100774,2026-07-27,2026-08-02,883638.40,6,LAYERING,TRUE
CU-100793,2025-08-11,2025-08-17,946516.81,5,MULE,TRUE
CU-100793,2025-08-25,2025-08-31,968032.46,6,MULE,TRUE
CU-100793,2026-03-30,2026-04-05,819011.66,4,MULE,TRUE
CU-100793,2026-04-06,2026-04-12,879795.06,4,MULE,TRUE
CU-100793,2026-06-01,2026-06-07,894757.85,5,MULE,TRUE
CU-100793,2026-06-15,2026-06-21,828305.08,5,MULE,TRUE
CU-100793,2026-06-22,2026-06-28,853474.35,5,MULE,TRUE
CU-100794,2025-09-08,2025-09-14,976259.86,5,CASH_BUSINESS,FALSE
CU-100794,2025-11-03,2025-11-09,990329.35,6,CASH_BUSINESS,FALSE
CU-100794,2026-01-26,2026-02-01,932124.31,6,CASH_BUSINESS,FALSE
CU-100794,2026-02-16,2026-02-22,800612.74,5,CASH_BUSINESS,FALSE
CU-100800,2025-08-25,2025-08-31,983248.75,6,CASH_BUSINESS,FALSE
CU-100800,2025-09-01,2025-09-07,982028.04,11,CASH_BUSINESS,FALSE
CU-100800,2025-10-20,2025-10-26,940907.21,11,CASH_BUSINESS,FALSE
CU-100800,2025-11-24,2025-11-30,800078.61,2,CASH_BUSINESS,FALSE
CU-100800,2026-01-05,2026-01-11,948534.58,8,CASH_BUSINESS,FALSE
CU-100800,2026-01-12,2026-01-18,840420.57,10,CASH_BUSINESS,FALSE
CU-100800,2026-01-19,2026-01-25,988205.86,6,CASH_BUSINESS,FALSE
CU-100800,2026-03-02,2026-03-08,823686.67,5,CASH_BUSINESS,FALSE
CU-100800,2026-04-13,2026-04-19,899084.55,8,CASH_BUSINESS,FALSE
CU-100800,2026-04-27,2026-05-03,959691.33,6,CASH_BUSINESS,FALSE
CU-100808,2025-06-30,2025-07-06,916952.06,11,CASH_BUSINESS,FALSE
CU-100808,2025-08-11,2025-08-17,831751.54,9,CASH_BUSINESS,FALSE
CU-100808,2025-11-03,2025-11-09,937252.90,6,CASH_BUSINESS,FALSE
CU-100808,2026-01-19,2026-01-25,862319.96,12,CASH_BUSINESS,FALSE
CU-100808,2026-03-30,2026-04-05,904605.80,8,CASH_BUSINESS,FALSE
CU-100808,2026-04-20,2026-04-26,808553.53,10,CASH_BUSINESS,FALSE
CU-100808,2026-06-08,2026-06-14,994440.89,7,CASH_BUSINESS,FALSE
CU-100814,2025-12-08,2025-12-14,983785.60,5,CASH_BUSINESS,FALSE
CU-100814,2026-06-08,2026-06-14,861502.97,6,CASH_BUSINESS,FALSE
CU-100814,2026-07-06,2026-07-12,822079.87,11,CASH_BUSINESS,FALSE
CU-100821,2025-07-07,2025-07-13,906460.06,3,MULE,TRUE
CU-100821,2025-07-21,2025-07-27,810836.35,5,MULE,TRUE
CU-100821,2025-07-28,2025-08-03,912563.84,7,MULE,TRUE
CU-100821,2025-08-25,2025-08-31,814172.53,7,MULE,TRUE
CU-100821,2025-09-08,2025-09-14,930900.39,6,MULE,TRUE
CU-100821,2025-09-15,2025-09-21,823133.94,5,MULE,TRUE
CU-100821,2025-10-13,2025-10-19,920359.74,5,MULE,TRUE
CU-100821,2025-10-27,2025-11-02,944859.44,6,MULE,TRUE
CU-100821,2025-11-24,2025-11-30,884036.98,4,MULE,TRUE
CU-100821,2025-12-08,2025-12-14,949056.12,3,MULE,TRUE
CU-100821,2025-12-15,2025-12-21,942758.06,8,MULE,TRUE
CU-100821,2025-12-29,2026-01-04,817131.37,6,MULE,TRUE
CU-100821,2026-01-26,2026-02-01,875430.52,4,MULE,TRUE
CU-100821,2026-02-02,2026-02-08,825556.74,5,MULE,TRUE
CU-100821,2026-02-16,2026-02-22,802089.40,4,MULE,TRUE
CU-100821,2026-03-02,2026-03-08,859790.91,6,MULE,TRUE
CU-100821,2026-03-09,2026-03-15,864553.26,2,MULE,TRUE
CU-100821,2026-03-16,2026-03-22,888598.98,4,MULE,TRUE
CU-100821,2026-03-23,2026-03-29,842507.10,5,MULE,TRUE
CU-100821,2026-04-06,2026-04-12,802201.23,5,MULE,TRUE
CU-100821,2026-04-13,2026-04-19,926632.96,5,MULE,TRUE
CU-100821,2026-05-25,2026-05-31,919136.29,3,MULE,TRUE
CU-100821,2026-06-29,2026-07-05,898542.78,6,MULE,TRUE
CU-100821,2026-07-06,2026-07-12,902077.47,5,MULE,TRUE
CU-100821,2026-08-03,2026-08-09,930717.27,3,MULE,TRUE
CU-100828,2025-09-01,2025-09-07,980991.35,11,CASH_BUSINESS,FALSE
CU-100828,2025-11-03,2025-11-09,918779.63,5,CASH_BUSINESS,FALSE
CU-100828,2025-12-29,2026-01-04,985139.92,11,CASH_BUSINESS,FALSE
CU-100833,2025-06-30,2025-07-06,978816.98,9,CASH_BUSINESS,FALSE
CU-100833,2025-08-04,2025-08-10,916363.21,12,CASH_BUSINESS,FALSE
CU-100833,2025-08-11,2025-08-17,867820.26,7,CASH_BUSINESS,FALSE
CU-100833,2025-08-25,2025-08-31,997766.42,8,CASH_BUSINESS,FALSE
CU-100833,2026-03-02,2026-03-08,873149.79,12,CASH_BUSINESS,FALSE
CU-100833,2026-05-11,2026-05-17,840667.48,6,CASH_BUSINESS,FALSE
CU-100833,2026-07-27,2026-08-02,948264.10,9,CASH_BUSINESS,FALSE
CU-100833,2026-08-03,2026-08-09,902642.56,6,CASH_BUSINESS,FALSE
CU-100837,2025-07-14,2025-07-20,853455.46,12,CASH_BUSINESS,FALSE
CU-100837,2025-08-04,2025-08-10,929011.16,3,CASH_BUSINESS,FALSE
CU-100837,2025-08-18,2025-08-24,951256.31,2,CASH_BUSINESS,FALSE
CU-100837,2025-11-17,2025-11-23,917291.99,12,CASH_BUSINESS,FALSE
CU-100837,2025-11-24,2025-11-30,944728.81,5,CASH_BUSINESS,FALSE
CU-100837,2025-12-01,2025-12-07,937809.80,11,CASH_BUSINESS,FALSE
CU-100837,2025-12-22,2025-12-28,857884.39,2,CASH_BUSINESS,FALSE
CU-100837,2026-01-19,2026-01-25,849707.49,12,CASH_BUSINESS,FALSE
CU-100837,2026-01-26,2026-02-01,845371.45,12,CASH_BUSINESS,FALSE
CU-100837,2026-02-02,2026-02-08,868252.59,6,CASH_BUSINESS,FALSE
CU-100837,2026-02-09,2026-02-15,915703.07,12,CASH_BUSINESS,FALSE
CU-100837,2026-04-27,2026-05-03,912009.56,9,CASH_BUSINESS,FALSE
CU-100837,2026-05-11,2026-05-17,921698.71,6,CASH_BUSINESS,FALSE
CU-100837,2026-06-01,2026-06-07,985706.87,5,CASH_BUSINESS,FALSE
CU-100837,2026-06-15,2026-06-21,899564.46,9,CASH_BUSINESS,FALSE
CU-100837,2026-06-29,2026-07-05,967360.63,8,CASH_BUSINESS,FALSE
CU-100837,2026-07-06,2026-07-12,945159.44,10,CASH_BUSINESS,FALSE
CU-100837,2026-07-13,2026-07-19,968117.93,9,CASH_BUSINESS,FALSE
CU-100839,2025-08-04,2025-08-10,898376.41,6,MULE,TRUE
CU-100839,2025-09-01,2025-09-07,995873.58,6,MULE,TRUE
CU-100839,2026-02-09,2026-02-15,939105.91,11,MULE,TRUE
CU-100839,2026-04-06,2026-04-12,844848.65,11,MULE,TRUE
CU-100839,2026-06-15,2026-06-21,906244.58,5,MULE,TRUE
CU-100839,2026-07-13,2026-07-19,913332.65,7,MULE,TRUE
CU-100839,2026-07-20,2026-07-26,985486.39,11,MULE,TRUE
CU-100839,2026-07-27,2026-08-02,971946.73,3,MULE,TRUE
CU-100840,2025-07-07,2025-07-13,953226.08,6,MULE,TRUE
CU-100840,2025-07-14,2025-07-20,825970.97,8,MULE,TRUE
CU-100840,2025-07-21,2025-07-27,896759.88,2,MULE,TRUE
CU-100840,2025-08-18,2025-08-24,883047.57,8,MULE,TRUE
CU-100840,2025-08-25,2025-08-31,975789.07,6,MULE,TRUE
CU-100840,2025-10-06,2025-10-12,885259.61,5,MULE,TRUE
CU-100840,2025-10-20,2025-10-26,941147.65,2,MULE,TRUE
CU-100840,2025-10-27,2025-11-02,904361.70,4,MULE,TRUE
CU-100840,2025-12-08,2025-12-14,959899.20,4,MULE,TRUE
CU-100840,2025-12-15,2025-12-21,808656.10,7,MULE,TRUE
CU-100840,2026-01-05,2026-01-11,810817.46,7,MULE,TRUE
CU-100840,2026-01-19,2026-01-25,897920.86,5,MULE,TRUE
CU-100840,2026-02-09,2026-02-15,875743.74,5,MULE,TRUE
CU-100840,2026-02-23,2026-03-01,947665.92,4,MULE,TRUE
CU-100840,2026-03-23,2026-03-29,862438.64,6,MULE,TRUE
CU-100840,2026-04-20,2026-04-26,902313.83,7,MULE,TRUE
CU-100840,2026-05-11,2026-05-17,846925.64,6,MULE,TRUE
CU-100840,2026-05-25,2026-05-31,843798.84,5,MULE,TRUE
CU-100840,2026-06-01,2026-06-07,973415.94,6,MULE,TRUE
CU-100840,2026-06-08,2026-06-14,934881.30,4,MULE,TRUE
CU-100840,2026-06-29,2026-07-05,843610.12,4,MULE,TRUE
CU-100840,2026-07-06,2026-07-12,865988.61,5,MULE,TRUE
CU-100840,2026-08-03,2026-08-09,844460.61,2,MULE,TRUE
CU-100848,2026-06-29,2026-07-05,892774.47,5,MULE,TRUE
CU-100848,2026-07-06,2026-07-12,831924.56,5,MULE,TRUE
CU-100848,2026-07-20,2026-07-26,925104.22,6,MULE,TRUE
CU-100848,2026-07-27,2026-08-02,931720.40,6,MULE,TRUE
CU-100848,2026-08-03,2026-08-09,814560.49,7,MULE,TRUE
CU-100849,2025-07-21,2025-07-27,931332.64,7,CASH_BUSINESS,FALSE
CU-100849,2025-08-04,2025-08-10,945831.01,9,CASH_BUSINESS,FALSE
CU-100849,2025-12-22,2025-12-28,962543.28,6,CASH_BUSINESS,FALSE
CU-100849,2026-03-02,2026-03-08,899238.54,6,CASH_BUSINESS,FALSE
CU-100849,2026-03-30,2026-04-05,864797.88,11,CASH_BUSINESS,FALSE
CU-100849,2026-04-06,2026-04-12,983447.52,6,CASH_BUSINESS,FALSE
CU-100849,2026-04-13,2026-04-19,999989.27,12,CASH_BUSINESS,FALSE
CU-100852,2025-07-14,2025-07-20,962624.08,7,MULE,TRUE
CU-100852,2025-08-11,2025-08-17,880184.45,5,MULE,TRUE
CU-100852,2025-08-18,2025-08-24,852583.49,7,MULE,TRUE
CU-100852,2025-09-01,2025-09-07,911251.91,3,MULE,TRUE
CU-100852,2025-09-08,2025-09-14,872678.51,4,MULE,TRUE
CU-100852,2025-09-15,2025-09-21,832877.66,5,MULE,TRUE
CU-100852,2025-10-13,2025-10-19,847502.17,5,MULE,TRUE
CU-100852,2025-10-27,2025-11-02,920359.53,7,MULE,TRUE
CU-100852,2025-11-10,2025-11-16,862546.46,7,MULE,TRUE
CU-100852,2025-11-24,2025-11-30,975820.56,3,MULE,TRUE
CU-100852,2025-12-01,2025-12-07,930517.45,4,MULE,TRUE
CU-100852,2025-12-08,2025-12-14,843719.65,4,MULE,TRUE
CU-100852,2025-12-22,2025-12-28,935194.56,5,MULE,TRUE
CU-100852,2026-01-05,2026-01-11,878890.55,4,MULE,TRUE
CU-100852,2026-02-02,2026-02-08,901276.99,7,MULE,TRUE
CU-100852,2026-02-09,2026-02-15,974628.56,7,MULE,TRUE
CU-100852,2026-02-16,2026-02-22,920423.73,5,MULE,TRUE
CU-100852,2026-02-23,2026-03-01,851115.29,2,MULE,TRUE
CU-100852,2026-03-02,2026-03-08,890829.19,5,MULE,TRUE
CU-100852,2026-03-16,2026-03-22,831163.00,4,MULE,TRUE
CU-100852,2026-03-23,2026-03-29,879226.79,6,MULE,TRUE
CU-100852,2026-03-30,2026-04-05,844793.44,4,MULE,TRUE
CU-100852,2026-04-13,2026-04-19,869385.68,6,MULE,TRUE
CU-100852,2026-04-27,2026-05-03,922970.41,6,MULE,TRUE
CU-100852,2026-05-04,2026-05-10,953135.58,4,MULE,TRUE
CU-100852,2026-06-01,2026-06-07,831890.86,8,MULE,TRUE
CU-100852,2026-06-08,2026-06-14,857480.03,2,MULE,TRUE
CU-100852,2026-06-15,2026-06-21,869384.09,5,MULE,TRUE
CU-100852,2026-06-22,2026-06-28,888612.43,2,MULE,TRUE
CU-100852,2026-07-13,2026-07-19,892851.91,5,MULE,TRUE
CU-100852,2026-07-20,2026-07-26,857982.26,3,MULE,TRUE
CU-100852,2026-07-27,2026-08-02,927936.69,2,MULE,TRUE
CU-100855,2025-06-30,2025-07-06,954567.41,4,MULE,TRUE
CU-100855,2025-07-07,2025-07-13,834060.94,5,MULE,TRUE
CU-100855,2025-08-04,2025-08-10,976287.47,4,MULE,TRUE
CU-100855,2025-08-11,2025-08-17,804547.28,5,MULE,TRUE
CU-100855,2025-08-18,2025-08-24,931432.16,2,MULE,TRUE
CU-100855,2025-08-25,2025-08-31,870260.55,3,MULE,TRUE
CU-100855,2025-09-01,2025-09-07,830274.04,4,MULE,TRUE
CU-100855,2025-09-22,2025-09-28,893994.73,7,MULE,TRUE
CU-100855,2025-10-06,2025-10-12,963061.56,7,MULE,TRUE
CU-100855,2025-10-13,2025-10-19,966325.37,4,MULE,TRUE
CU-100855,2025-11-03,2025-11-09,867692.07,4,MULE,TRUE
CU-100855,2025-11-10,2025-11-16,884108.09,5,MULE,TRUE
CU-100855,2025-12-15,2025-12-21,808050.51,6,MULE,TRUE
CU-100855,2025-12-22,2025-12-28,835236.46,4,MULE,TRUE
CU-100855,2026-01-19,2026-01-25,892270.42,7,MULE,TRUE
CU-100855,2026-02-16,2026-02-22,837601.00,6,MULE,TRUE
CU-100855,2026-02-23,2026-03-01,824742.35,4,MULE,TRUE
CU-100855,2026-03-02,2026-03-08,827831.75,2,MULE,TRUE
CU-100855,2026-03-16,2026-03-22,891655.78,3,MULE,TRUE
CU-100855,2026-03-23,2026-03-29,923617.96,5,MULE,TRUE
CU-100855,2026-03-30,2026-04-05,828014.74,4,MULE,TRUE
CU-100855,2026-04-13,2026-04-19,849980.41,7,MULE,TRUE
CU-100855,2026-04-27,2026-05-03,967372.42,7,MULE,TRUE
CU-100855,2026-05-18,2026-05-24,925087.99,6,MULE,TRUE
CU-100855,2026-05-25,2026-05-31,937573.88,5,MULE,TRUE
CU-100855,2026-06-01,2026-06-07,863630.09,4,MULE,TRUE
CU-100855,2026-06-08,2026-06-14,926550.39,7,MULE,TRUE
CU-100855,2026-06-15,2026-06-21,850167.98,6,MULE,TRUE
CU-100855,2026-06-29,2026-07-05,925592.62,3,MULE,TRUE
CU-100855,2026-07-06,2026-07-12,802033.92,5,MULE,TRUE
CU-100855,2026-07-13,2026-07-19,852914.26,4,MULE,TRUE
CU-100855,2026-07-27,2026-08-02,846145.07,4,MULE,TRUE
CU-100855,2026-08-03,2026-08-09,854962.01,4,MULE,TRUE
CU-100859,2025-06-30,2025-07-06,900601.34,8,MULE,TRUE
CU-100859,2025-07-07,2025-07-13,858196.62,5,MULE,TRUE
CU-100859,2025-07-14,2025-07-20,909807.98,2,MULE,TRUE
CU-100859,2025-07-28,2025-08-03,834223.49,2,MULE,TRUE
CU-100859,2025-08-18,2025-08-24,844357.14,6,MULE,TRUE
CU-100859,2025-08-25,2025-08-31,919153.94,5,MULE,TRUE
CU-100859,2025-09-08,2025-09-14,890845.32,5,MULE,TRUE
CU-100859,2025-09-15,2025-09-21,831031.71,5,MULE,TRUE
CU-100859,2025-09-22,2025-09-28,973228.45,5,MULE,TRUE
CU-100859,2025-10-13,2025-10-19,976474.14,6,MULE,TRUE
CU-100859,2025-11-03,2025-11-09,812658.69,7,MULE,TRUE
CU-100859,2025-11-10,2025-11-16,877193.22,6,MULE,TRUE
CU-100859,2025-12-22,2025-12-28,852333.50,5,MULE,TRUE
CU-100859,2026-01-05,2026-01-11,874671.18,4,MULE,TRUE
CU-100859,2026-01-26,2026-02-01,955338.79,5,MULE,TRUE
CU-100859,2026-03-23,2026-03-29,945409.88,3,MULE,TRUE
CU-100859,2026-04-13,2026-04-19,960174.50,4,MULE,TRUE
CU-100859,2026-05-18,2026-05-24,845344.07,4,MULE,TRUE
CU-100859,2026-06-01,2026-06-07,930140.77,3,MULE,TRUE
CU-100859,2026-06-08,2026-06-14,870891.18,6,MULE,TRUE
CU-100859,2026-06-22,2026-06-28,867913.65,5,MULE,TRUE
CU-100859,2026-07-06,2026-07-12,807682.96,6,MULE,TRUE
CU-100859,2026-07-27,2026-08-02,975545.85,7,MULE,TRUE
CU-100859,2026-08-03,2026-08-09,904363.58,3,MULE,TRUE
CU-100865,2025-06-30,2025-07-06,893477.93,11,CASH_BUSINESS,FALSE
CU-100865,2025-07-28,2025-08-03,999059.00,5,CASH_BUSINESS,FALSE
CU-100865,2025-09-01,2025-09-07,974430.83,3,CASH_BUSINESS,FALSE
CU-100865,2025-10-06,2025-10-12,982873.25,11,CASH_BUSINESS,FALSE
CU-100865,2025-11-17,2025-11-23,962865.17,11,CASH_BUSINESS,FALSE
CU-100865,2025-12-22,2025-12-28,937856.26,5,CASH_BUSINESS,FALSE
CU-100865,2026-02-16,2026-02-22,925510.01,5,CASH_BUSINESS,FALSE
CU-100865,2026-03-09,2026-03-15,930086.68,10,CASH_BUSINESS,FALSE
CU-100865,2026-05-18,2026-05-24,825684.60,9,CASH_BUSINESS,FALSE
CU-100865,2026-06-15,2026-06-21,883950.02,5,CASH_BUSINESS,FALSE
CU-100865,2026-06-29,2026-07-05,912011.07,5,CASH_BUSINESS,FALSE
CU-100865,2026-07-27,2026-08-02,880243.81,9,CASH_BUSINESS,FALSE
CU-100865,2026-08-03,2026-08-09,912082.32,7,CASH_BUSINESS,FALSE
CU-100882,2025-07-28,2025-08-03,827037.04,6,CASH_BUSINESS,FALSE
CU-100882,2025-08-18,2025-08-24,900350.50,5,CASH_BUSINESS,FALSE
CU-100882,2025-08-25,2025-08-31,914054.91,12,CASH_BUSINESS,FALSE
CU-100882,2025-10-06,2025-10-12,942026.44,6,CASH_BUSINESS,FALSE
CU-100882,2025-10-27,2025-11-02,867744.48,10,CASH_BUSINESS,FALSE
CU-100882,2025-11-10,2025-11-16,826152.93,6,CASH_BUSINESS,FALSE
CU-100882,2025-11-24,2025-11-30,909729.34,8,CASH_BUSINESS,FALSE
CU-100882,2026-02-23,2026-03-01,884034.21,9,CASH_BUSINESS,FALSE
CU-100882,2026-03-02,2026-03-08,811127.94,11,CASH_BUSINESS,FALSE
CU-100882,2026-03-09,2026-03-15,935707.84,5,CASH_BUSINESS,FALSE
CU-100882,2026-05-18,2026-05-24,977823.69,8,CASH_BUSINESS,FALSE
CU-100882,2026-06-29,2026-07-05,828988.64,9,CASH_BUSINESS,FALSE
CU-100882,2026-07-20,2026-07-26,902119.75,6,CASH_BUSINESS,FALSE
CU-100882,2026-07-27,2026-08-02,963540.75,11,CASH_BUSINESS,FALSE
CU-100882,2026-08-03,2026-08-09,962874.72,8,CASH_BUSINESS,FALSE
CU-100883,2026-02-16,2026-02-22,835373.92,9,CASH_BUSINESS,FALSE
CU-100896,2025-06-30,2025-07-06,824695.39,5,MULE,TRUE
CU-100896,2025-07-07,2025-07-13,905251.41,4,MULE,TRUE
CU-100896,2025-10-06,2025-10-12,971799.73,6,MULE,TRUE
CU-100896,2025-10-20,2025-10-26,816835.94,6,MULE,TRUE
CU-100896,2025-10-27,2025-11-02,907253.71,5,MULE,TRUE
CU-100896,2025-11-03,2025-11-09,930439.77,6,MULE,TRUE
CU-100903,2025-10-06,2025-10-12,910820.81,5,CASH_BUSINESS,FALSE
CU-100903,2025-10-27,2025-11-02,957004.62,13,CASH_BUSINESS,FALSE
CU-100903,2025-11-17,2025-11-23,984835.58,6,CASH_BUSINESS,FALSE
CU-100903,2026-02-02,2026-02-08,801432.12,11,CASH_BUSINESS,FALSE
CU-100903,2026-07-27,2026-08-02,880128.33,7,CASH_BUSINESS,FALSE
CU-100909,2025-07-07,2025-07-13,944592.79,5,CASH_BUSINESS,FALSE
CU-100909,2025-08-11,2025-08-17,803343.04,7,CASH_BUSINESS,FALSE
CU-100909,2025-08-18,2025-08-24,974924.51,11,CASH_BUSINESS,FALSE
CU-100909,2025-09-01,2025-09-07,872312.53,7,CASH_BUSINESS,FALSE
CU-100909,2025-09-22,2025-09-28,890838.14,6,CASH_BUSINESS,FALSE
CU-100909,2025-10-27,2025-11-02,916840.74,7,CASH_BUSINESS,FALSE
CU-100909,2025-11-03,2025-11-09,888940.10,5,CASH_BUSINESS,FALSE
CU-100909,2025-11-10,2025-11-16,988620.17,9,CASH_BUSINESS,FALSE
CU-100909,2025-11-17,2025-11-23,845468.01,12,CASH_BUSINESS,FALSE
CU-100909,2025-11-24,2025-11-30,900912.45,10,CASH_BUSINESS,FALSE
CU-100909,2025-12-29,2026-01-04,881594.26,13,CASH_BUSINESS,FALSE
CU-100909,2026-01-12,2026-01-18,988541.91,11,CASH_BUSINESS,FALSE
CU-100909,2026-02-02,2026-02-08,888362.29,7,CASH_BUSINESS,FALSE
CU-100909,2026-02-09,2026-02-15,969393.56,6,CASH_BUSINESS,FALSE
CU-100909,2026-02-23,2026-03-01,848794.10,5,CASH_BUSINESS,FALSE
CU-100909,2026-03-02,2026-03-08,968024.26,3,CASH_BUSINESS,FALSE
CU-100909,2026-03-30,2026-04-05,945163.69,9,CASH_BUSINESS,FALSE
CU-100909,2026-04-06,2026-04-12,835071.83,9,CASH_BUSINESS,FALSE
CU-100909,2026-04-27,2026-05-03,877510.18,2,CASH_BUSINESS,FALSE
CU-100909,2026-05-11,2026-05-17,837736.56,10,CASH_BUSINESS,FALSE
CU-100909,2026-05-25,2026-05-31,888300.46,5,CASH_BUSINESS,FALSE
CU-100909,2026-06-15,2026-06-21,898563.71,8,CASH_BUSINESS,FALSE
CU-100909,2026-06-22,2026-06-28,855625.72,9,CASH_BUSINESS,FALSE
CU-100909,2026-06-29,2026-07-05,809432.82,8,CASH_BUSINESS,FALSE
CU-100911,2025-07-07,2025-07-13,889964.73,9,CASH_BUSINESS,FALSE
CU-100911,2025-07-14,2025-07-20,892957.31,9,CASH_BUSINESS,FALSE
CU-100911,2025-08-18,2025-08-24,823986.44,7,CASH_BUSINESS,FALSE
CU-100911,2025-09-15,2025-09-21,846429.87,12,CASH_BUSINESS,FALSE
CU-100911,2025-10-13,2025-10-19,867930.35,7,CASH_BUSINESS,FALSE
CU-100911,2025-10-27,2025-11-02,844952.12,5,CASH_BUSINESS,FALSE
CU-100911,2025-12-08,2025-12-14,855713.90,10,CASH_BUSINESS,FALSE
CU-100911,2025-12-22,2025-12-28,996856.71,5,CASH_BUSINESS,FALSE
CU-100911,2025-12-29,2026-01-04,879901.09,8,CASH_BUSINESS,FALSE
CU-100911,2026-01-05,2026-01-11,972052.04,12,CASH_BUSINESS,FALSE
CU-100911,2026-01-26,2026-02-01,886844.62,6,CASH_BUSINESS,FALSE
CU-100911,2026-02-09,2026-02-15,879291.86,8,CASH_BUSINESS,FALSE
CU-100911,2026-02-23,2026-03-01,897172.62,8,CASH_BUSINESS,FALSE
CU-100911,2026-03-16,2026-03-22,945207.71,11,CASH_BUSINESS,FALSE
CU-100911,2026-03-23,2026-03-29,915150.09,7,CASH_BUSINESS,FALSE
CU-100911,2026-03-30,2026-04-05,971836.56,8,CASH_BUSINESS,FALSE
CU-100911,2026-04-13,2026-04-19,919659.50,2,CASH_BUSINESS,FALSE
CU-100911,2026-04-27,2026-05-03,868333.53,2,CASH_BUSINESS,FALSE
CU-100911,2026-05-04,2026-05-10,851776.43,2,CASH_BUSINESS,FALSE
CU-100911,2026-05-18,2026-05-24,932274.55,11,CASH_BUSINESS,FALSE
CU-100911,2026-05-25,2026-05-31,952715.11,6,CASH_BUSINESS,FALSE
CU-100911,2026-06-01,2026-06-07,882589.43,2,CASH_BUSINESS,FALSE
CU-100911,2026-06-15,2026-06-21,959978.90,12,CASH_BUSINESS,FALSE
CU-100911,2026-06-22,2026-06-28,807662.71,10,CASH_BUSINESS,FALSE
CU-100911,2026-07-06,2026-07-12,954337.71,6,CASH_BUSINESS,FALSE
CU-100911,2026-07-13,2026-07-19,817594.18,5,CASH_BUSINESS,FALSE
CU-100911,2026-07-20,2026-07-26,989131.03,5,CASH_BUSINESS,FALSE
CU-100911,2026-08-03,2026-08-09,936073.16,13,CASH_BUSINESS,FALSE
CU-100914,2025-06-30,2025-07-06,988757.30,5,CASH_BUSINESS,FALSE
CU-100914,2025-09-29,2025-10-05,891334.00,5,CASH_BUSINESS,FALSE
CU-100914,2025-10-13,2025-10-19,823253.28,5,CASH_BUSINESS,FALSE
CU-100914,2025-10-20,2025-10-26,887518.70,6,CASH_BUSINESS,FALSE
CU-100914,2025-10-27,2025-11-02,926939.76,2,CASH_BUSINESS,FALSE
CU-100914,2025-11-03,2025-11-09,943110.31,3,CASH_BUSINESS,FALSE
CU-100914,2025-11-10,2025-11-16,896823.18,10,CASH_BUSINESS,FALSE
CU-100914,2025-11-17,2025-11-23,933080.81,10,CASH_BUSINESS,FALSE
CU-100914,2025-12-08,2025-12-14,880191.47,5,CASH_BUSINESS,FALSE
CU-100914,2025-12-15,2025-12-21,841988.96,2,CASH_BUSINESS,FALSE
CU-100914,2025-12-29,2026-01-04,946203.61,7,CASH_BUSINESS,FALSE
CU-100914,2026-01-19,2026-01-25,943531.12,9,CASH_BUSINESS,FALSE
CU-100914,2026-03-02,2026-03-08,989233.65,8,CASH_BUSINESS,FALSE
CU-100914,2026-03-16,2026-03-22,912569.47,10,CASH_BUSINESS,FALSE
CU-100914,2026-03-23,2026-03-29,956047.68,7,CASH_BUSINESS,FALSE
CU-100914,2026-04-27,2026-05-03,978261.95,7,CASH_BUSINESS,FALSE
CU-100914,2026-06-01,2026-06-07,960637.89,12,CASH_BUSINESS,FALSE
CU-100914,2026-06-15,2026-06-21,815294.43,9,CASH_BUSINESS,FALSE
CU-100914,2026-06-29,2026-07-05,859145.73,5,CASH_BUSINESS,FALSE
CU-100914,2026-07-20,2026-07-26,980735.54,3,CASH_BUSINESS,FALSE
CU-100934,2025-07-07,2025-07-13,967460.64,6,CASH_BUSINESS,FALSE
CU-100934,2025-07-14,2025-07-20,821028.17,10,CASH_BUSINESS,FALSE
CU-100934,2025-07-21,2025-07-27,996466.06,3,CASH_BUSINESS,FALSE
CU-100934,2025-08-04,2025-08-10,845515.16,2,CASH_BUSINESS,FALSE
CU-100934,2025-08-25,2025-08-31,955732.25,6,CASH_BUSINESS,FALSE
CU-100934,2025-09-29,2025-10-05,853054.43,10,CASH_BUSINESS,FALSE
CU-100934,2025-10-06,2025-10-12,904500.28,5,CASH_BUSINESS,FALSE
CU-100934,2025-10-13,2025-10-19,911801.19,7,CASH_BUSINESS,FALSE
CU-100934,2025-11-03,2025-11-09,967013.07,2,CASH_BUSINESS,FALSE
CU-100934,2025-12-01,2025-12-07,843925.41,9,CASH_BUSINESS,FALSE
CU-100934,2026-02-23,2026-03-01,882714.64,12,CASH_BUSINESS,FALSE
CU-100934,2026-03-16,2026-03-22,821278.64,12,CASH_BUSINESS,FALSE
CU-100934,2026-03-23,2026-03-29,908651.71,11,CASH_BUSINESS,FALSE
CU-100934,2026-03-30,2026-04-05,843403.20,9,CASH_BUSINESS,FALSE
CU-100934,2026-04-13,2026-04-19,832244.68,7,CASH_BUSINESS,FALSE
CU-100934,2026-04-20,2026-04-26,879853.65,7,CASH_BUSINESS,FALSE
CU-100934,2026-05-25,2026-05-31,849390.58,9,CASH_BUSINESS,FALSE
CU-100934,2026-06-08,2026-06-14,990798.65,8,CASH_BUSINESS,FALSE
CU-100944,2025-07-28,2025-08-03,975550.17,7,CASH_BUSINESS,FALSE
CU-100944,2025-09-01,2025-09-07,881177.78,12,CASH_BUSINESS,FALSE
CU-100944,2025-12-01,2025-12-07,996871.12,6,CASH_BUSINESS,FALSE
CU-100944,2026-06-01,2026-06-07,999618.49,6,CASH_BUSINESS,FALSE
CU-100946,2025-06-30,2025-07-06,934473.17,3,MULE,TRUE
CU-100946,2025-07-07,2025-07-13,928142.27,4,MULE,TRUE
CU-100946,2025-07-28,2025-08-03,895763.56,7,MULE,TRUE
CU-100946,2025-08-04,2025-08-10,978596.23,6,MULE,TRUE
CU-100946,2026-02-09,2026-02-15,945823.61,2,MULE,TRUE
CU-100946,2026-02-16,2026-02-22,875332.08,2,MULE,TRUE
CU-100946,2026-02-23,2026-03-01,901964.14,6,MULE,TRUE
CU-100946,2026-03-02,2026-03-08,937300.48,4,MULE,TRUE
CU-100946,2026-04-20,2026-04-26,933892.86,3,MULE,TRUE
CU-100946,2026-04-27,2026-05-03,889291.80,7,MULE,TRUE
CU-100946,2026-05-04,2026-05-10,824926.15,4,MULE,TRUE
CU-100946,2026-05-11,2026-05-17,878155.59,5,MULE,TRUE
CU-100946,2026-05-18,2026-05-24,852471.00,3,MULE,TRUE
CU-100946,2026-06-01,2026-06-07,882679.46,5,MULE,TRUE
CU-100947,2025-07-07,2025-07-13,899388.32,5,CASH_BUSINESS,FALSE
CU-100947,2025-08-18,2025-08-24,815443.79,8,CASH_BUSINESS,FALSE
CU-100947,2025-12-15,2025-12-21,998923.12,5,CASH_BUSINESS,FALSE
CU-100947,2026-04-20,2026-04-26,826439.50,11,CASH_BUSINESS,FALSE
CU-100947,2026-07-06,2026-07-12,941993.73,11,CASH_BUSINESS,FALSE
CU-100950,2025-06-30,2025-07-06,964538.76,5,MULE,TRUE
CU-100950,2025-07-21,2025-07-27,875889.64,5,MULE,TRUE
CU-100950,2025-07-28,2025-08-03,882113.03,5,MULE,TRUE
CU-100950,2025-08-11,2025-08-17,931892.83,3,MULE,TRUE
CU-100950,2025-08-18,2025-08-24,864787.16,4,MULE,TRUE
CU-100950,2025-08-25,2025-08-31,807812.52,5,MULE,TRUE
CU-100950,2025-09-29,2025-10-05,878745.65,5,MULE,TRUE
CU-100950,2025-10-06,2025-10-12,827636.39,3,MULE,TRUE
CU-100950,2025-10-13,2025-10-19,935419.17,6,MULE,TRUE
CU-100950,2025-11-17,2025-11-23,893716.13,6,MULE,TRUE
CU-100950,2025-12-01,2025-12-07,803950.03,4,MULE,TRUE
CU-100950,2025-12-08,2025-12-14,954580.79,4,MULE,TRUE
CU-100950,2025-12-29,2026-01-04,968766.34,6,MULE,TRUE
CU-100950,2026-01-05,2026-01-11,831472.74,5,MULE,TRUE
CU-100950,2026-01-19,2026-01-25,802527.97,7,MULE,TRUE
CU-100950,2026-01-26,2026-02-01,940332.45,6,MULE,TRUE
CU-100950,2026-02-23,2026-03-01,868772.93,7,MULE,TRUE
CU-100950,2026-03-02,2026-03-08,808228.16,5,MULE,TRUE
CU-100950,2026-03-23,2026-03-29,937166.77,5,MULE,TRUE
CU-100950,2026-04-06,2026-04-12,928795.30,7,MULE,TRUE
CU-100950,2026-04-13,2026-04-19,971791.40,6,MULE,TRUE
CU-100950,2026-04-20,2026-04-26,954615.57,7,MULE,TRUE
CU-100950,2026-05-04,2026-05-10,808365.90,7,MULE,TRUE
CU-100950,2026-06-08,2026-06-14,949111.47,3,MULE,TRUE
CU-100950,2026-06-15,2026-06-21,816545.23,3,MULE,TRUE
CU-100950,2026-06-22,2026-06-28,965269.24,4,MULE,TRUE
CU-100950,2026-07-13,2026-07-19,822393.07,6,MULE,TRUE
CU-100950,2026-07-20,2026-07-26,856858.14,7,MULE,TRUE
CU-100950,2026-07-27,2026-08-02,966701.44,7,MULE,TRUE
CU-100960,2026-07-06,2026-07-12,892581.92,8,MULE,TRUE
CU-100960,2026-07-20,2026-07-26,862069.96,2,MULE,TRUE
CU-100960,2026-08-03,2026-08-09,930467.95,3,MULE,TRUE
CU-100966,2025-07-07,2025-07-13,941291.17,8,LAYERING,TRUE
CU-100966,2026-08-03,2026-08-09,839854.87,5,LAYERING,TRUE
CU-100967,2026-07-06,2026-07-12,802291.85,11,CASH_BUSINESS,FALSE
CU-100968,2026-06-29,2026-07-05,921875.80,10,CASH_BUSINESS,FALSE
CU-100973,2025-07-14,2025-07-20,811928.66,9,CASH_BUSINESS,FALSE
CU-100973,2025-08-11,2025-08-17,917333.70,2,CASH_BUSINESS,FALSE
CU-100973,2025-11-03,2025-11-09,956121.83,8,CASH_BUSINESS,FALSE
CU-100973,2026-01-12,2026-01-18,916268.22,7,CASH_BUSINESS,FALSE
CU-100973,2026-03-30,2026-04-05,942939.04,12,CASH_BUSINESS,FALSE
CU-100973,2026-04-06,2026-04-12,957278.94,11,CASH_BUSINESS,FALSE
CU-100973,2026-04-20,2026-04-26,925318.15,12,CASH_BUSINESS,FALSE
CU-100975,2025-12-01,2025-12-07,841638.56,5,CASH_BUSINESS,FALSE
CU-100976,2026-06-08,2026-06-14,968348.14,2,CASH_BUSINESS,FALSE
CU-100976,2026-06-15,2026-06-21,886359.61,7,CASH_BUSINESS,FALSE
CU-100976,2026-06-22,2026-06-28,915669.31,6,CASH_BUSINESS,FALSE
CU-100976,2026-07-06,2026-07-12,835184.00,3,CASH_BUSINESS,FALSE
CU-100976,2026-07-20,2026-07-26,962168.21,7,CASH_BUSINESS,FALSE
CU-100976,2026-08-03,2026-08-09,833331.85,4,CASH_BUSINESS,FALSE
CU-100981,2025-06-30,2025-07-06,855928.76,4,MULE,TRUE
CU-100981,2025-07-07,2025-07-13,976944.43,3,MULE,TRUE
CU-100981,2025-07-21,2025-07-27,922745.10,4,MULE,TRUE
CU-100981,2025-12-15,2025-12-21,841079.34,7,MULE,TRUE
CU-100981,2025-12-22,2025-12-28,934403.97,4,MULE,TRUE
CU-100981,2026-01-05,2026-01-11,966073.49,3,MULE,TRUE
CU-100987,2025-07-14,2025-07-20,939618.14,10,MULE,TRUE
CU-100987,2025-09-01,2025-09-07,927405.73,6,MULE,TRUE
CU-100987,2025-10-20,2025-10-26,835720.78,8,MULE,TRUE
CU-100987,2025-12-15,2025-12-21,869867.54,12,MULE,TRUE
CU-100987,2025-12-29,2026-01-04,931496.48,10,MULE,TRUE
CU-100987,2026-03-30,2026-04-05,916880.29,9,MULE,TRUE
CU-100987,2026-04-06,2026-04-12,915827.00,11,MULE,TRUE
CU-100987,2026-06-15,2026-06-21,988789.79,5,MULE,TRUE
CU-100990,2025-07-07,2025-07-13,961628.60,11,CASH_BUSINESS,FALSE
CU-100990,2025-07-28,2025-08-03,966428.60,11,CASH_BUSINESS,FALSE
CU-100990,2025-10-20,2025-10-26,831247.47,9,CASH_BUSINESS,FALSE
CU-100990,2026-01-19,2026-01-25,851057.75,9,CASH_BUSINESS,FALSE
CU-100990,2026-06-08,2026-06-14,892063.87,10,CASH_BUSINESS,FALSE
CU-100992,2025-07-21,2025-07-27,820416.41,2,CASH_BUSINESS,FALSE
CU-100992,2025-07-28,2025-08-03,884271.31,5,CASH_BUSINESS,FALSE
CU-100992,2025-08-11,2025-08-17,840266.58,2,CASH_BUSINESS,FALSE
CU-100992,2025-08-18,2025-08-24,903479.28,10,CASH_BUSINESS,FALSE
CU-100992,2025-08-25,2025-08-31,872683.38,8,CASH_BUSINESS,FALSE
CU-100992,2025-10-27,2025-11-02,828687.64,6,CASH_BUSINESS,FALSE
CU-100992,2025-11-17,2025-11-23,843705.43,2,CASH_BUSINESS,FALSE
CU-100992,2025-12-29,2026-01-04,999434.21,9,CASH_BUSINESS,FALSE
CU-100992,2026-01-26,2026-02-01,937572.86,9,CASH_BUSINESS,FALSE
CU-100992,2026-02-16,2026-02-22,922174.22,10,CASH_BUSINESS,FALSE
CU-100992,2026-04-06,2026-04-12,822526.78,9,CASH_BUSINESS,FALSE
CU-100992,2026-04-13,2026-04-19,878604.92,10,CASH_BUSINESS,FALSE
CU-100992,2026-05-25,2026-05-31,816969.56,2,CASH_BUSINESS,FALSE
CU-100992,2026-07-20,2026-07-26,837419.70,2,CASH_BUSINESS,FALSE
CU-100992,2026-07-27,2026-08-02,926640.90,11,CASH_BUSINESS,FALSE
CU-101000,2026-02-02,2026-02-08,899181.41,5,MULE,TRUE
CU-101000,2026-02-09,2026-02-15,892282.49,3,MULE,TRUE
CU-101000,2026-02-23,2026-03-01,855281.56,7,MULE,TRUE
CU-101000,2026-03-09,2026-03-15,824935.01,5,MULE,TRUE
CU-101000,2026-03-16,2026-03-22,909738.66,6,MULE,TRUE
CU-101000,2026-03-23,2026-03-29,807655.86,2,MULE,TRUE
CU-101000,2026-04-06,2026-04-12,815371.69,5,MULE,TRUE
CU-101000,2026-04-13,2026-04-19,885563.03,5,MULE,TRUE
CU-101000,2026-04-20,2026-04-26,855970.78,6,MULE,TRUE
CU-101000,2026-04-27,2026-05-03,935093.78,7,MULE,TRUE
CU-101003,2025-11-17,2025-11-23,805037.39,7,CASH_BUSINESS,FALSE
CU-101004,2025-08-04,2025-08-10,968665.54,9,CASH_BUSINESS,FALSE
CU-101004,2025-08-25,2025-08-31,928953.72,10,CASH_BUSINESS,FALSE
CU-101004,2025-09-22,2025-09-28,982496.56,7,CASH_BUSINESS,FALSE
CU-101004,2025-09-29,2025-10-05,848920.71,7,CASH_BUSINESS,FALSE
CU-101004,2025-10-27,2025-11-02,915833.66,5,CASH_BUSINESS,FALSE
CU-101004,2025-12-29,2026-01-04,814789.21,5,CASH_BUSINESS,FALSE
CU-101004,2026-01-12,2026-01-18,961425.29,9,CASH_BUSINESS,FALSE
CU-101004,2026-01-19,2026-01-25,808377.89,11,CASH_BUSINESS,FALSE
CU-101004,2026-02-23,2026-03-01,898432.93,9,CASH_BUSINESS,FALSE
CU-101004,2026-03-16,2026-03-22,847738.78,6,CASH_BUSINESS,FALSE
CU-101004,2026-04-20,2026-04-26,803471.14,5,CASH_BUSINESS,FALSE
CU-101004,2026-04-27,2026-05-03,973784.94,5,CASH_BUSINESS,FALSE
CU-101004,2026-05-04,2026-05-10,818309.08,9,CASH_BUSINESS,FALSE
CU-101004,2026-06-29,2026-07-05,939586.92,11,CASH_BUSINESS,FALSE
CU-101004,2026-07-13,2026-07-19,992340.85,8,CASH_BUSINESS,FALSE
CU-101004,2026-08-03,2026-08-09,924114.17,5,CASH_BUSINESS,FALSE
CU-101011,2025-08-18,2025-08-24,956977.64,4,MULE,TRUE
CU-101011,2025-09-01,2025-09-07,824674.84,5,MULE,TRUE
CU-101011,2025-09-22,2025-09-28,860460.57,5,MULE,TRUE
CU-101011,2025-09-29,2025-10-05,943446.36,3,MULE,TRUE
CU-101011,2025-10-06,2025-10-12,960039.07,4,MULE,TRUE
CU-101011,2026-06-22,2026-06-28,942181.23,8,MULE,TRUE
CU-101011,2026-06-29,2026-07-05,948357.37,4,MULE,TRUE
CU-101011,2026-07-06,2026-07-12,894734.97,7,MULE,TRUE
CU-101011,2026-07-13,2026-07-19,837519.73,3,MULE,TRUE
CU-101011,2026-07-20,2026-07-26,889724.15,2,MULE,TRUE
CU-101012,2025-09-01,2025-09-07,933581.09,11,CASH_BUSINESS,FALSE
CU-101012,2026-06-01,2026-06-07,884693.39,6,CASH_BUSINESS,FALSE
CU-101012,2026-07-13,2026-07-19,883919.32,12,CASH_BUSINESS,FALSE
CU-101015,2025-09-01,2025-09-07,996077.69,8,CASH_BUSINESS,FALSE
CU-101015,2026-02-09,2026-02-15,969084.72,10,CASH_BUSINESS,FALSE
CU-101017,2025-08-11,2025-08-17,994773.49,10,CASH_BUSINESS,FALSE
CU-101017,2025-08-18,2025-08-24,836743.08,9,CASH_BUSINESS,FALSE
CU-101017,2025-09-22,2025-09-28,982399.48,10,CASH_BUSINESS,FALSE
CU-101017,2025-09-29,2025-10-05,872309.86,9,CASH_BUSINESS,FALSE
CU-101017,2025-10-27,2025-11-02,919815.54,12,CASH_BUSINESS,FALSE
CU-101017,2025-12-29,2026-01-04,984609.88,12,CASH_BUSINESS,FALSE
CU-101017,2026-03-09,2026-03-15,930044.64,2,CASH_BUSINESS,FALSE
CU-101017,2026-04-06,2026-04-12,911159.03,12,CASH_BUSINESS,FALSE
CU-101017,2026-05-25,2026-05-31,957299.26,10,CASH_BUSINESS,FALSE
CU-101017,2026-06-01,2026-06-07,972151.26,9,CASH_BUSINESS,FALSE
CU-101017,2026-06-15,2026-06-21,963590.71,12,CASH_BUSINESS,FALSE
CU-101017,2026-07-06,2026-07-12,816956.03,8,CASH_BUSINESS,FALSE
CU-101018,2025-07-14,2025-07-20,958984.94,10,CASH_BUSINESS,FALSE
CU-101018,2025-07-28,2025-08-03,983170.83,8,CASH_BUSINESS,FALSE
CU-101018,2025-08-04,2025-08-10,932436.54,10,CASH_BUSINESS,FALSE
CU-101018,2025-08-25,2025-08-31,865449.10,10,CASH_BUSINESS,FALSE
CU-101018,2025-09-29,2025-10-05,959658.26,5,CASH_BUSINESS,FALSE
CU-101018,2026-01-26,2026-02-01,954507.43,12,CASH_BUSINESS,FALSE
CU-101018,2026-06-01,2026-06-07,953279.55,12,CASH_BUSINESS,FALSE
CU-101018,2026-06-29,2026-07-05,990261.73,7,CASH_BUSINESS,FALSE
CU-101019,2026-02-02,2026-02-08,966496.57,6,MULE,TRUE
CU-101019,2026-02-09,2026-02-15,894605.99,6,MULE,TRUE
CU-101019,2026-06-22,2026-06-28,925968.27,6,MULE,TRUE
CU-101019,2026-06-29,2026-07-05,866727.30,8,MULE,TRUE
CU-101019,2026-07-06,2026-07-12,843400.82,5,MULE,TRUE
CU-101019,2026-07-13,2026-07-19,964607.30,5,MULE,TRUE
CU-101026,2025-07-07,2025-07-13,966526.11,6,CASH_BUSINESS,FALSE
CU-101026,2025-08-25,2025-08-31,953645.27,8,CASH_BUSINESS,FALSE
CU-101026,2025-11-24,2025-11-30,906140.52,8,CASH_BUSINESS,FALSE
CU-101026,2026-01-19,2026-01-25,844240.74,6,CASH_BUSINESS,FALSE
CU-101026,2026-02-09,2026-02-15,970638.71,11,CASH_BUSINESS,FALSE
CU-101026,2026-03-23,2026-03-29,830089.82,12,CASH_BUSINESS,FALSE
CU-101026,2026-04-06,2026-04-12,856826.92,8,CASH_BUSINESS,FALSE
CU-101026,2026-06-08,2026-06-14,882315.52,11,CASH_BUSINESS,FALSE
CU-101026,2026-07-06,2026-07-12,964953.44,12,CASH_BUSINESS,FALSE
CU-101039,2025-09-22,2025-09-28,969594.78,10,CASH_BUSINESS,FALSE
CU-101039,2026-02-16,2026-02-22,845883.62,6,CASH_BUSINESS,FALSE
CU-101039,2026-03-02,2026-03-08,848248.44,6,CASH_BUSINESS,FALSE
CU-101039,2026-04-27,2026-05-03,858289.58,6,CASH_BUSINESS,FALSE
CU-101041,2025-06-30,2025-07-06,942842.16,5,CASH_BUSINESS,FALSE
CU-101041,2025-08-11,2025-08-17,932684.60,11,CASH_BUSINESS,FALSE
CU-101041,2025-09-08,2025-09-14,810709.61,5,CASH_BUSINESS,FALSE
CU-101041,2026-02-02,2026-02-08,946210.69,7,CASH_BUSINESS,FALSE
CU-101041,2026-02-16,2026-02-22,867325.25,11,CASH_BUSINESS,FALSE
CU-101041,2026-04-06,2026-04-12,931674.92,10,CASH_BUSINESS,FALSE
CU-101041,2026-04-13,2026-04-19,843292.99,2,CASH_BUSINESS,FALSE
CU-101041,2026-05-04,2026-05-10,976697.11,8,CASH_BUSINESS,FALSE
CU-101041,2026-05-25,2026-05-31,993445.75,3,CASH_BUSINESS,FALSE
CU-101041,2026-07-27,2026-08-02,931022.38,2,CASH_BUSINESS,FALSE
CU-101047,2025-07-21,2025-07-27,916743.51,6,MULE,TRUE
CU-101047,2025-07-28,2025-08-03,961252.83,8,MULE,TRUE
CU-101047,2025-09-15,2025-09-21,973615.13,9,MULE,TRUE
CU-101047,2025-09-29,2025-10-05,982435.80,8,MULE,TRUE
CU-101047,2025-11-17,2025-11-23,936256.07,5,MULE,TRUE
CU-101047,2025-12-01,2025-12-07,945675.81,12,MULE,TRUE
CU-101047,2025-12-15,2025-12-21,850688.52,5,MULE,TRUE
CU-101047,2025-12-29,2026-01-04,941465.81,7,MULE,TRUE
CU-101047,2026-02-02,2026-02-08,877694.69,11,MULE,TRUE
CU-101047,2026-02-16,2026-02-22,908945.47,10,MULE,TRUE
CU-101047,2026-03-09,2026-03-15,837345.12,12,MULE,TRUE
CU-101047,2026-04-13,2026-04-19,888882.78,11,MULE,TRUE
CU-101047,2026-04-27,2026-05-03,872200.87,8,MULE,TRUE
CU-101047,2026-05-18,2026-05-24,908280.33,5,MULE,TRUE
CU-101047,2026-06-29,2026-07-05,884388.91,12,MULE,TRUE
CU-101047,2026-07-27,2026-08-02,840643.26,5,MULE,TRUE
CU-101051,2025-11-10,2025-11-16,817306.66,7,CASH_BUSINESS,FALSE
CU-101051,2026-02-02,2026-02-08,971229.97,8,CASH_BUSINESS,FALSE
CU-101051,2026-05-11,2026-05-17,969957.33,7,CASH_BUSINESS,FALSE
CU-101051,2026-05-18,2026-05-24,880357.15,6,CASH_BUSINESS,FALSE
CU-101051,2026-06-01,2026-06-07,955795.39,5,CASH_BUSINESS,FALSE
CU-101064,2025-10-13,2025-10-19,839772.63,6,MULE,TRUE
CU-101064,2025-10-20,2025-10-26,801242.83,6,MULE,TRUE
CU-101064,2025-11-03,2025-11-09,905901.93,2,MULE,TRUE
CU-101064,2025-11-10,2025-11-16,915935.31,5,MULE,TRUE
CU-101064,2025-11-17,2025-11-23,945807.00,7,MULE,TRUE
CU-101064,2026-03-23,2026-03-29,933138.70,4,MULE,TRUE
CU-101064,2026-03-30,2026-04-05,953479.06,7,MULE,TRUE
CU-101064,2026-04-06,2026-04-12,939907.98,7,MULE,TRUE
CU-101064,2026-04-20,2026-04-26,887941.29,2,MULE,TRUE
CU-101064,2026-04-27,2026-05-03,962853.90,4,MULE,TRUE
CU-101064,2026-05-04,2026-05-10,862555.12,4,MULE,TRUE
CU-101064,2026-05-11,2026-05-17,824817.20,3,MULE,TRUE
CU-101064,2026-05-25,2026-05-31,821931.53,7,MULE,TRUE
CU-101078,2025-07-21,2025-07-27,912801.09,5,CASH_BUSINESS,FALSE
CU-101078,2025-09-01,2025-09-07,951022.25,9,CASH_BUSINESS,FALSE
CU-101078,2025-09-15,2025-09-21,883026.32,9,CASH_BUSINESS,FALSE
CU-101078,2025-10-20,2025-10-26,889875.45,2,CASH_BUSINESS,FALSE
CU-101078,2025-11-03,2025-11-09,885816.25,7,CASH_BUSINESS,FALSE
CU-101078,2025-11-10,2025-11-16,914273.93,12,CASH_BUSINESS,FALSE
CU-101078,2025-12-01,2025-12-07,802297.95,8,CASH_BUSINESS,FALSE
CU-101078,2025-12-29,2026-01-04,994254.27,8,CASH_BUSINESS,FALSE
CU-101078,2026-01-19,2026-01-25,977579.40,13,CASH_BUSINESS,FALSE
CU-101078,2026-03-02,2026-03-08,884621.33,2,CASH_BUSINESS,FALSE
CU-101078,2026-03-16,2026-03-22,918077.98,9,CASH_BUSINESS,FALSE
CU-101078,2026-03-23,2026-03-29,893403.85,8,CASH_BUSINESS,FALSE
CU-101078,2026-03-30,2026-04-05,911540.00,7,CASH_BUSINESS,FALSE
CU-101078,2026-04-06,2026-04-12,947208.04,3,CASH_BUSINESS,FALSE
CU-101078,2026-04-13,2026-04-19,878863.50,6,CASH_BUSINESS,FALSE
CU-101078,2026-04-20,2026-04-26,860131.85,10,CASH_BUSINESS,FALSE
CU-101078,2026-05-18,2026-05-24,901106.45,6,CASH_BUSINESS,FALSE
CU-101078,2026-06-01,2026-06-07,828005.95,7,CASH_BUSINESS,FALSE
CU-101078,2026-06-15,2026-06-21,904483.78,11,CASH_BUSINESS,FALSE
CU-101078,2026-06-22,2026-06-28,825043.20,6,CASH_BUSINESS,FALSE
CU-101078,2026-06-29,2026-07-05,891396.05,5,CASH_BUSINESS,FALSE
CU-101078,2026-07-06,2026-07-12,863830.48,10,CASH_BUSINESS,FALSE
CU-101079,2025-06-30,2025-07-06,896177.38,7,MULE,TRUE
CU-101079,2025-07-07,2025-07-13,826773.16,4,MULE,TRUE
CU-101079,2025-07-14,2025-07-20,834805.28,5,MULE,TRUE
CU-101079,2025-07-21,2025-07-27,965306.60,4,MULE,TRUE
CU-101079,2025-08-25,2025-08-31,837472.25,3,MULE,TRUE
CU-101079,2025-09-01,2025-09-07,839703.07,5,MULE,TRUE
CU-101079,2025-09-08,2025-09-14,838888.10,5,MULE,TRUE
CU-101079,2025-10-20,2025-10-26,912723.49,8,MULE,TRUE
CU-101079,2025-11-03,2025-11-09,957584.08,6,MULE,TRUE
CU-101079,2025-12-08,2025-12-14,894217.68,2,MULE,TRUE
CU-101079,2025-12-15,2025-12-21,820139.47,6,MULE,TRUE
CU-101079,2025-12-22,2025-12-28,893958.90,7,MULE,TRUE
CU-101079,2026-01-05,2026-01-11,968469.31,6,MULE,TRUE
CU-101079,2026-01-12,2026-01-18,881875.32,4,MULE,TRUE
CU-101079,2026-02-16,2026-02-22,832310.68,5,MULE,TRUE
CU-101079,2026-02-23,2026-03-01,915606.94,7,MULE,TRUE
CU-101079,2026-03-02,2026-03-08,804453.88,8,MULE,TRUE
CU-101079,2026-03-09,2026-03-15,831821.93,4,MULE,TRUE
CU-101079,2026-03-30,2026-04-05,832307.40,5,MULE,TRUE
CU-101079,2026-04-20,2026-04-26,971634.43,6,MULE,TRUE
CU-101079,2026-05-25,2026-05-31,952119.86,5,MULE,TRUE
CU-101079,2026-06-01,2026-06-07,872964.09,2,MULE,TRUE
CU-101079,2026-06-15,2026-06-21,845847.27,2,MULE,TRUE
CU-101089,2026-08-03,2026-08-09,849833.34,3,MULE,TRUE
CU-101090,2025-09-22,2025-09-28,816771.47,5,CASH_BUSINESS,FALSE
CU-101090,2025-09-29,2025-10-05,972606.01,5,CASH_BUSINESS,FALSE
CU-101090,2025-10-06,2025-10-12,920888.63,7,CASH_BUSINESS,FALSE
CU-101090,2025-10-13,2025-10-19,808052.00,7,CASH_BUSINESS,FALSE
CU-101090,2025-10-20,2025-10-26,959496.75,4,CASH_BUSINESS,FALSE
CU-101090,2025-10-27,2025-11-02,878623.81,2,CASH_BUSINESS,FALSE
CU-101090,2026-03-02,2026-03-08,932730.94,4,CASH_BUSINESS,FALSE
CU-101090,2026-03-16,2026-03-22,885370.39,8,CASH_BUSINESS,FALSE
CU-101090,2026-04-06,2026-04-12,828962.34,8,CASH_BUSINESS,FALSE
CU-101090,2026-04-13,2026-04-19,909406.29,6,CASH_BUSINESS,FALSE
CU-101090,2026-04-20,2026-04-26,842200.00,5,CASH_BUSINESS,FALSE
CU-101090,2026-04-27,2026-05-03,877553.81,5,CASH_BUSINESS,FALSE
CU-101090,2026-05-11,2026-05-17,838783.90,6,CASH_BUSINESS,FALSE
CU-101090,2026-05-18,2026-05-24,901696.48,5,CASH_BUSINESS,FALSE
CU-101090,2026-05-25,2026-05-31,918662.31,7,CASH_BUSINESS,FALSE
CU-101090,2026-06-01,2026-06-07,941021.75,4,CASH_BUSINESS,FALSE
CU-101090,2026-06-08,2026-06-14,888300.43,6,CASH_BUSINESS,FALSE
CU-101090,2026-07-20,2026-07-26,890083.28,4,CASH_BUSINESS,FALSE
CU-101090,2026-07-27,2026-08-02,853147.57,8,CASH_BUSINESS,FALSE
CU-101091,2025-08-04,2025-08-10,918666.27,6,CASH_BUSINESS,FALSE
CU-101091,2025-08-18,2025-08-24,970061.84,9,CASH_BUSINESS,FALSE
CU-101091,2025-08-25,2025-08-31,860337.14,5,CASH_BUSINESS,FALSE
CU-101091,2025-10-13,2025-10-19,911657.64,2,CASH_BUSINESS,FALSE
CU-101091,2025-11-03,2025-11-09,836556.54,5,CASH_BUSINESS,FALSE
CU-101091,2025-11-17,2025-11-23,818562.08,5,CASH_BUSINESS,FALSE
CU-101091,2025-11-24,2025-11-30,919473.17,7,CASH_BUSINESS,FALSE
CU-101091,2026-01-05,2026-01-11,860766.86,12,CASH_BUSINESS,FALSE
CU-101091,2026-01-19,2026-01-25,860886.59,5,CASH_BUSINESS,FALSE
CU-101091,2026-01-26,2026-02-01,830333.01,7,CASH_BUSINESS,FALSE
CU-101091,2026-02-23,2026-03-01,871566.14,7,CASH_BUSINESS,FALSE
CU-101091,2026-03-02,2026-03-08,884484.93,11,CASH_BUSINESS,FALSE
CU-101091,2026-05-04,2026-05-10,890423.02,10,CASH_BUSINESS,FALSE
CU-101091,2026-05-18,2026-05-24,857939.88,9,CASH_BUSINESS,FALSE
CU-101091,2026-06-29,2026-07-05,889460.54,10,CASH_BUSINESS,FALSE
CU-101091,2026-07-06,2026-07-12,904667.49,6,CASH_BUSINESS,FALSE
CU-101091,2026-08-03,2026-08-09,873265.93,10,CASH_BUSINESS,FALSE
CU-101094,2025-09-15,2025-09-21,809572.62,9,LAYERING,TRUE
CU-101094,2026-03-09,2026-03-15,827211.23,8,LAYERING,TRUE
CU-101094,2026-07-13,2026-07-19,846983.73,6,LAYERING,TRUE
CU-101098,2025-06-30,2025-07-06,830721.54,5,MULE,TRUE
CU-101098,2025-07-21,2025-07-27,856036.27,8,MULE,TRUE
CU-101098,2025-08-04,2025-08-10,925699.53,12,MULE,TRUE
CU-101098,2025-08-18,2025-08-24,877132.85,8,MULE,TRUE
CU-101098,2025-08-25,2025-08-31,859769.47,2,MULE,TRUE
CU-101098,2025-09-08,2025-09-14,872658.98,5,MULE,TRUE
CU-101098,2025-10-13,2025-10-19,936510.43,5,MULE,TRUE
CU-101098,2025-10-20,2025-10-26,801641.62,6,MULE,TRUE
CU-101098,2025-11-17,2025-11-23,861649.96,8,MULE,TRUE
CU-101098,2025-12-01,2025-12-07,965099.81,12,MULE,TRUE
CU-101098,2025-12-22,2025-12-28,880942.17,7,MULE,TRUE
CU-101098,2025-12-29,2026-01-04,867063.15,2,MULE,TRUE
CU-101098,2026-01-19,2026-01-25,963902.04,5,MULE,TRUE
CU-101098,2026-03-02,2026-03-08,965451.14,5,MULE,TRUE
CU-101098,2026-03-16,2026-03-22,889329.08,5,MULE,TRUE
CU-101098,2026-04-20,2026-04-26,882856.67,8,MULE,TRUE
CU-101098,2026-04-27,2026-05-03,994949.12,5,MULE,TRUE
CU-101098,2026-05-18,2026-05-24,985000.26,10,MULE,TRUE
CU-101098,2026-05-25,2026-05-31,891131.57,10,MULE,TRUE
CU-101098,2026-06-22,2026-06-28,915989.31,9,MULE,TRUE
CU-101098,2026-06-29,2026-07-05,981950.65,7,MULE,TRUE
CU-101102,2025-09-01,2025-09-07,884260.33,7,CASH_BUSINESS,FALSE
CU-101102,2025-09-15,2025-09-21,856748.08,2,CASH_BUSINESS,FALSE
CU-101102,2025-09-22,2025-09-28,803208.68,7,CASH_BUSINESS,FALSE
CU-101102,2025-10-06,2025-10-12,914088.75,7,CASH_BUSINESS,FALSE
CU-101102,2025-10-13,2025-10-19,972820.51,4,CASH_BUSINESS,FALSE
CU-101102,2025-12-22,2025-12-28,863542.58,2,CASH_BUSINESS,FALSE
CU-101102,2025-12-29,2026-01-04,948769.84,2,CASH_BUSINESS,FALSE
CU-101102,2026-01-05,2026-01-11,917342.72,8,CASH_BUSINESS,FALSE
CU-101102,2026-01-12,2026-01-18,853298.67,8,CASH_BUSINESS,FALSE
CU-101102,2026-01-19,2026-01-25,801529.52,8,CASH_BUSINESS,FALSE
CU-101102,2026-02-02,2026-02-08,977188.76,5,CASH_BUSINESS,FALSE
CU-101102,2026-02-23,2026-03-01,929602.35,4,CASH_BUSINESS,FALSE
CU-101102,2026-06-15,2026-06-21,806747.76,7,CASH_BUSINESS,FALSE
CU-101102,2026-06-22,2026-06-28,925038.17,2,CASH_BUSINESS,FALSE
CU-101102,2026-07-06,2026-07-12,847235.25,8,CASH_BUSINESS,FALSE
CU-101102,2026-07-13,2026-07-19,948251.78,2,CASH_BUSINESS,FALSE
CU-101102,2026-07-20,2026-07-26,920040.95,5,CASH_BUSINESS,FALSE
CU-101102,2026-07-27,2026-08-02,908025.62,7,CASH_BUSINESS,FALSE
CU-101107,2025-08-11,2025-08-17,989414.24,10,LAYERING,TRUE
CU-101107,2025-09-01,2025-09-07,898258.11,10,LAYERING,TRUE
CU-101107,2025-09-15,2025-09-21,831386.66,6,LAYERING,TRUE
CU-101107,2025-09-29,2025-10-05,837178.32,10,LAYERING,TRUE
CU-101107,2025-10-06,2025-10-12,919959.19,12,LAYERING,TRUE
CU-101107,2025-10-20,2025-10-26,999163.33,9,LAYERING,TRUE
CU-101107,2025-10-27,2025-11-02,924406.96,12,LAYERING,TRUE
CU-101107,2025-12-22,2025-12-28,890167.25,11,LAYERING,TRUE
CU-101107,2025-12-29,2026-01-04,807115.73,7,LAYERING,TRUE
CU-101107,2026-01-26,2026-02-01,818518.08,8,LAYERING,TRUE
CU-101107,2026-02-02,2026-02-08,951406.04,8,LAYERING,TRUE
CU-101107,2026-02-16,2026-02-22,887585.43,11,LAYERING,TRUE
CU-101107,2026-02-23,2026-03-01,944266.49,10,LAYERING,TRUE
CU-101107,2026-03-16,2026-03-22,801852.70,5,LAYERING,TRUE
CU-101107,2026-04-27,2026-05-03,912839.55,6,LAYERING,TRUE
CU-101107,2026-05-04,2026-05-10,988752.47,12,LAYERING,TRUE
CU-101107,2026-06-08,2026-06-14,848983.60,12,LAYERING,TRUE
CU-101107,2026-06-29,2026-07-05,896748.44,12,LAYERING,TRUE
CU-101107,2026-07-06,2026-07-12,964770.48,12,LAYERING,TRUE
CU-101107,2026-07-20,2026-07-26,848907.28,11,LAYERING,TRUE
CU-101110,2025-07-07,2025-07-13,845369.62,7,CASH_BUSINESS,FALSE
CU-101110,2025-08-11,2025-08-17,821413.53,12,CASH_BUSINESS,FALSE
CU-101110,2025-08-18,2025-08-24,820661.43,7,CASH_BUSINESS,FALSE
CU-101110,2025-09-08,2025-09-14,996680.62,5,CASH_BUSINESS,FALSE
CU-101110,2025-09-15,2025-09-21,809729.20,7,CASH_BUSINESS,FALSE
CU-101110,2025-09-22,2025-09-28,923186.33,7,CASH_BUSINESS,FALSE
CU-101110,2025-10-13,2025-10-19,841711.82,9,CASH_BUSINESS,FALSE
CU-101110,2025-11-03,2025-11-09,804329.52,10,CASH_BUSINESS,FALSE
CU-101110,2025-12-22,2025-12-28,826479.86,10,CASH_BUSINESS,FALSE
CU-101110,2026-02-16,2026-02-22,913676.35,10,CASH_BUSINESS,FALSE
CU-101110,2026-03-02,2026-03-08,847484.19,10,CASH_BUSINESS,FALSE
CU-101110,2026-03-09,2026-03-15,827204.78,8,CASH_BUSINESS,FALSE
CU-101110,2026-04-13,2026-04-19,869315.92,12,CASH_BUSINESS,FALSE
CU-101110,2026-05-11,2026-05-17,997428.30,12,CASH_BUSINESS,FALSE
CU-101110,2026-06-15,2026-06-21,956642.44,6,CASH_BUSINESS,FALSE
CU-101110,2026-07-27,2026-08-02,851057.25,2,CASH_BUSINESS,FALSE
CU-101115,2025-06-30,2025-07-06,880152.51,2,MULE,TRUE
CU-101115,2025-07-21,2025-07-27,974138.90,4,MULE,TRUE
CU-101115,2025-07-28,2025-08-03,892302.12,3,MULE,TRUE
CU-101115,2025-08-04,2025-08-10,847060.72,4,MULE,TRUE
CU-101115,2025-08-11,2025-08-17,827973.94,7,MULE,TRUE
CU-101115,2025-08-25,2025-08-31,887698.54,5,MULE,TRUE
CU-101115,2025-09-15,2025-09-21,887105.68,6,MULE,TRUE
CU-101115,2025-09-29,2025-10-05,941568.02,4,MULE,TRUE
CU-101115,2025-10-06,2025-10-12,832386.84,5,MULE,TRUE
CU-101115,2025-11-03,2025-11-09,913800.03,6,MULE,TRUE
CU-101115,2025-11-24,2025-11-30,832912.82,4,MULE,TRUE
CU-101115,2025-12-15,2025-12-21,859927.28,2,MULE,TRUE
CU-101115,2026-01-12,2026-01-18,857740.95,4,MULE,TRUE
CU-101115,2026-01-19,2026-01-25,905458.54,5,MULE,TRUE
CU-101115,2026-02-02,2026-02-08,847018.25,7,MULE,TRUE
CU-101115,2026-02-09,2026-02-15,816109.39,6,MULE,TRUE
CU-101115,2026-02-16,2026-02-22,826017.67,5,MULE,TRUE
CU-101115,2026-03-02,2026-03-08,976351.19,3,MULE,TRUE
CU-101115,2026-03-16,2026-03-22,914281.94,2,MULE,TRUE
CU-101115,2026-03-30,2026-04-05,911229.54,3,MULE,TRUE
CU-101115,2026-04-13,2026-04-19,945453.47,6,MULE,TRUE
CU-101115,2026-04-20,2026-04-26,953191.08,6,MULE,TRUE
CU-101115,2026-05-11,2026-05-17,933087.64,3,MULE,TRUE
CU-101115,2026-05-18,2026-05-24,915262.31,5,MULE,TRUE
CU-101115,2026-05-25,2026-05-31,814514.98,5,MULE,TRUE
CU-101115,2026-07-06,2026-07-12,895101.29,3,MULE,TRUE
CU-101115,2026-07-13,2026-07-19,858475.05,8,MULE,TRUE
CU-101116,2025-08-18,2025-08-24,816583.21,5,CASH_BUSINESS,FALSE
CU-101116,2025-11-10,2025-11-16,875137.01,10,CASH_BUSINESS,FALSE
CU-101120,2025-07-14,2025-07-20,849423.70,12,CASH_BUSINESS,FALSE
CU-101120,2025-09-01,2025-09-07,857551.71,7,CASH_BUSINESS,FALSE
CU-101120,2025-09-29,2025-10-05,925757.04,6,CASH_BUSINESS,FALSE
CU-101120,2026-01-19,2026-01-25,905864.94,9,CASH_BUSINESS,FALSE
CU-101120,2026-02-16,2026-02-22,941056.50,8,CASH_BUSINESS,FALSE
CU-101120,2026-05-04,2026-05-10,932840.58,6,CASH_BUSINESS,FALSE
CU-101120,2026-05-25,2026-05-31,977669.73,7,CASH_BUSINESS,FALSE
CU-101120,2026-06-01,2026-06-07,939505.79,9,CASH_BUSINESS,FALSE
CU-101120,2026-07-20,2026-07-26,855768.42,5,CASH_BUSINESS,FALSE
CU-101120,2026-07-27,2026-08-02,910605.07,5,CASH_BUSINESS,FALSE
CU-101121,2025-08-25,2025-08-31,874021.92,6,CASH_BUSINESS,FALSE
CU-101121,2025-09-22,2025-09-28,929070.29,12,CASH_BUSINESS,FALSE
CU-101121,2025-09-29,2025-10-05,886009.20,9,CASH_BUSINESS,FALSE
CU-101121,2025-11-03,2025-11-09,839185.25,8,CASH_BUSINESS,FALSE
CU-101121,2025-12-08,2025-12-14,880332.55,8,CASH_BUSINESS,FALSE
CU-101121,2026-01-05,2026-01-11,856478.29,11,CASH_BUSINESS,FALSE
CU-101121,2026-01-12,2026-01-18,881738.87,5,CASH_BUSINESS,FALSE
CU-101121,2026-01-19,2026-01-25,852961.27,13,CASH_BUSINESS,FALSE
CU-101121,2026-03-02,2026-03-08,978295.17,8,CASH_BUSINESS,FALSE
CU-101121,2026-03-16,2026-03-22,866825.42,9,CASH_BUSINESS,FALSE
CU-101121,2026-05-11,2026-05-17,872631.23,12,CASH_BUSINESS,FALSE
CU-101121,2026-05-18,2026-05-24,987350.51,6,CASH_BUSINESS,FALSE
CU-101121,2026-06-08,2026-06-14,913818.31,12,CASH_BUSINESS,FALSE
CU-101121,2026-07-06,2026-07-12,926362.80,12,CASH_BUSINESS,FALSE
CU-101122,2026-06-15,2026-06-21,911264.79,4,MULE,TRUE
CU-101122,2026-06-29,2026-07-05,871910.56,6,MULE,TRUE
CU-101122,2026-07-06,2026-07-12,825317.81,7,MULE,TRUE
CU-101122,2026-07-13,2026-07-19,867071.70,7,MULE,TRUE
CU-101122,2026-07-27,2026-08-02,845448.57,6,MULE,TRUE
CU-101122,2026-08-03,2026-08-09,860035.67,2,MULE,TRUE
CU-101123,2025-07-21,2025-07-27,839778.31,4,CASH_BUSINESS,FALSE
CU-101123,2025-08-04,2025-08-10,898763.00,3,CASH_BUSINESS,FALSE
CU-101123,2025-08-11,2025-08-17,960083.93,6,CASH_BUSINESS,FALSE
CU-101123,2025-08-25,2025-08-31,921872.76,6,CASH_BUSINESS,FALSE
CU-101123,2025-09-15,2025-09-21,901162.74,5,CASH_BUSINESS,FALSE
CU-101123,2025-09-22,2025-09-28,902847.57,3,CASH_BUSINESS,FALSE
CU-101123,2025-10-13,2025-10-19,928818.91,7,CASH_BUSINESS,FALSE
CU-101123,2025-10-27,2025-11-02,959583.38,2,CASH_BUSINESS,FALSE
CU-101123,2025-11-10,2025-11-16,955865.64,4,CASH_BUSINESS,FALSE
CU-101123,2025-11-17,2025-11-23,872833.11,5,CASH_BUSINESS,FALSE
CU-101123,2025-11-24,2025-11-30,926520.52,3,CASH_BUSINESS,FALSE
CU-101123,2025-12-01,2025-12-07,958033.32,7,CASH_BUSINESS,FALSE
CU-101123,2025-12-15,2025-12-21,806866.51,3,CASH_BUSINESS,FALSE
CU-101123,2026-02-23,2026-03-01,841950.49,5,CASH_BUSINESS,FALSE
CU-101123,2026-03-09,2026-03-15,927142.13,7,CASH_BUSINESS,FALSE
CU-101123,2026-03-16,2026-03-22,800021.89,7,CASH_BUSINESS,FALSE
CU-101123,2026-04-13,2026-04-19,927650.01,3,CASH_BUSINESS,FALSE
CU-101123,2026-04-20,2026-04-26,975036.38,3,CASH_BUSINESS,FALSE
CU-101123,2026-05-04,2026-05-10,948557.69,5,CASH_BUSINESS,FALSE
CU-101123,2026-05-11,2026-05-17,817652.77,5,CASH_BUSINESS,FALSE
CU-101123,2026-05-25,2026-05-31,873083.05,5,CASH_BUSINESS,FALSE
CU-101123,2026-06-01,2026-06-07,908146.36,7,CASH_BUSINESS,FALSE
CU-101123,2026-06-15,2026-06-21,890272.02,4,CASH_BUSINESS,FALSE
CU-101123,2026-06-22,2026-06-28,954476.44,6,CASH_BUSINESS,FALSE
CU-101123,2026-07-06,2026-07-12,865332.74,2,CASH_BUSINESS,FALSE
CU-101123,2026-07-13,2026-07-19,821203.38,7,CASH_BUSINESS,FALSE
CU-101123,2026-07-20,2026-07-26,882717.59,2,CASH_BUSINESS,FALSE
CU-101123,2026-08-03,2026-08-09,958453.95,7,CASH_BUSINESS,FALSE
CU-101125,2025-09-01,2025-09-07,959344.36,9,CASH_BUSINESS,FALSE
CU-101125,2025-10-06,2025-10-12,998262.65,10,CASH_BUSINESS,FALSE
CU-101125,2025-10-20,2025-10-26,917222.87,7,CASH_BUSINESS,FALSE
CU-101125,2025-11-10,2025-11-16,901801.17,7,CASH_BUSINESS,FALSE
CU-101125,2025-12-22,2025-12-28,823406.85,5,CASH_BUSINESS,FALSE
CU-101125,2025-12-29,2026-01-04,843046.56,5,CASH_BUSINESS,FALSE
CU-101125,2026-01-12,2026-01-18,934137.88,5,CASH_BUSINESS,FALSE
CU-101125,2026-03-30,2026-04-05,885474.68,10,CASH_BUSINESS,FALSE
CU-101125,2026-05-11,2026-05-17,811660.05,11,CASH_BUSINESS,FALSE
CU-101125,2026-06-08,2026-06-14,986032.47,8,CASH_BUSINESS,FALSE
CU-101125,2026-06-15,2026-06-21,864718.57,10,CASH_BUSINESS,FALSE
CU-101125,2026-07-13,2026-07-19,833694.24,10,CASH_BUSINESS,FALSE
CU-101127,2025-06-30,2025-07-06,888405.32,9,CASH_BUSINESS,FALSE
CU-101127,2025-07-28,2025-08-03,859823.84,5,CASH_BUSINESS,FALSE
CU-101127,2025-08-18,2025-08-24,860438.31,5,CASH_BUSINESS,FALSE
CU-101127,2025-09-08,2025-09-14,861228.50,10,CASH_BUSINESS,FALSE
CU-101127,2025-09-15,2025-09-21,923822.93,10,CASH_BUSINESS,FALSE
CU-101127,2025-10-06,2025-10-12,874401.06,9,CASH_BUSINESS,FALSE
CU-101127,2025-10-20,2025-10-26,804853.13,5,CASH_BUSINESS,FALSE
CU-101127,2025-11-03,2025-11-09,822796.50,12,CASH_BUSINESS,FALSE
CU-101127,2025-11-17,2025-11-23,859783.91,8,CASH_BUSINESS,FALSE
CU-101127,2025-12-29,2026-01-04,865145.64,8,CASH_BUSINESS,FALSE
CU-101127,2026-02-16,2026-02-22,969415.63,8,CASH_BUSINESS,FALSE
CU-101127,2026-03-02,2026-03-08,949990.83,12,CASH_BUSINESS,FALSE
CU-101127,2026-03-30,2026-04-05,931424.12,7,CASH_BUSINESS,FALSE
CU-101127,2026-04-27,2026-05-03,908874.76,12,CASH_BUSINESS,FALSE
CU-101127,2026-05-11,2026-05-17,909026.55,8,CASH_BUSINESS,FALSE
CU-101127,2026-06-08,2026-06-14,835614.52,11,CASH_BUSINESS,FALSE
CU-101127,2026-07-06,2026-07-12,889277.09,8,CASH_BUSINESS,FALSE
CU-101137,2025-07-21,2025-07-27,853794.99,5,CASH_BUSINESS,FALSE
CU-101137,2025-10-27,2025-11-02,893663.97,5,CASH_BUSINESS,FALSE
CU-101137,2025-11-17,2025-11-23,871963.87,5,CASH_BUSINESS,FALSE
CU-101137,2026-05-11,2026-05-17,920765.71,2,CASH_BUSINESS,FALSE
CU-101137,2026-05-18,2026-05-24,947738.83,3,CASH_BUSINESS,FALSE
CU-101137,2026-07-13,2026-07-19,926560.02,6,CASH_BUSINESS,FALSE
CU-101143,2025-07-07,2025-07-13,958521.48,6,CASH_BUSINESS,FALSE
CU-101143,2025-07-14,2025-07-20,962238.20,6,CASH_BUSINESS,FALSE
CU-101143,2025-07-21,2025-07-27,850296.03,6,CASH_BUSINESS,FALSE
CU-101143,2025-07-28,2025-08-03,891526.37,5,CASH_BUSINESS,FALSE
CU-101143,2025-08-04,2025-08-10,827926.73,4,CASH_BUSINESS,FALSE
CU-101143,2025-08-18,2025-08-24,908901.44,7,CASH_BUSINESS,FALSE
CU-101143,2025-08-25,2025-08-31,847713.39,5,CASH_BUSINESS,FALSE
CU-101143,2025-09-01,2025-09-07,869616.10,7,CASH_BUSINESS,FALSE
CU-101143,2025-09-08,2025-09-14,970114.36,3,CASH_BUSINESS,FALSE
CU-101143,2026-01-05,2026-01-11,926654.19,6,CASH_BUSINESS,FALSE
CU-101143,2026-01-12,2026-01-18,880735.27,6,CASH_BUSINESS,FALSE
CU-101143,2026-01-19,2026-01-25,876800.32,7,CASH_BUSINESS,FALSE
CU-101143,2026-01-26,2026-02-01,936554.85,5,CASH_BUSINESS,FALSE
CU-101143,2026-02-02,2026-02-08,970193.80,3,CASH_BUSINESS,FALSE
CU-101143,2026-02-23,2026-03-01,836082.26,6,CASH_BUSINESS,FALSE
CU-101143,2026-03-02,2026-03-08,977252.97,3,CASH_BUSINESS,FALSE
CU-101145,2025-08-18,2025-08-24,855329.59,8,MULE,TRUE
CU-101145,2025-09-01,2025-09-07,916648.69,5,MULE,TRUE
CU-101145,2026-07-13,2026-07-19,804370.11,9,MULE,TRUE
CU-101146,2025-08-18,2025-08-24,849497.61,6,CASH_BUSINESS,FALSE
CU-101146,2025-09-22,2025-09-28,852169.98,8,CASH_BUSINESS,FALSE
CU-101146,2025-10-13,2025-10-19,820420.30,11,CASH_BUSINESS,FALSE
CU-101146,2025-11-10,2025-11-16,948180.71,5,CASH_BUSINESS,FALSE
CU-101146,2025-12-01,2025-12-07,831821.20,5,CASH_BUSINESS,FALSE
CU-101146,2025-12-29,2026-01-04,826391.51,11,CASH_BUSINESS,FALSE
CU-101146,2026-02-02,2026-02-08,863601.90,9,CASH_BUSINESS,FALSE
CU-101146,2026-02-23,2026-03-01,955379.02,11,CASH_BUSINESS,FALSE
CU-101146,2026-03-09,2026-03-15,860800.09,9,CASH_BUSINESS,FALSE
CU-101146,2026-04-20,2026-04-26,801862.13,9,CASH_BUSINESS,FALSE
CU-101146,2026-06-01,2026-06-07,863471.18,6,CASH_BUSINESS,FALSE
CU-101146,2026-08-03,2026-08-09,904707.03,2,CASH_BUSINESS,FALSE
CU-101149,2025-07-28,2025-08-03,856307.79,2,CASH_BUSINESS,FALSE
CU-101149,2025-08-11,2025-08-17,888599.68,12,CASH_BUSINESS,FALSE
CU-101149,2025-08-18,2025-08-24,924930.27,12,CASH_BUSINESS,FALSE
CU-101149,2025-08-25,2025-08-31,896278.78,9,CASH_BUSINESS,FALSE
CU-101149,2025-09-01,2025-09-07,986728.91,10,CASH_BUSINESS,FALSE
CU-101149,2025-09-15,2025-09-21,804902.11,7,CASH_BUSINESS,FALSE
CU-101149,2025-09-22,2025-09-28,842890.30,6,CASH_BUSINESS,FALSE
CU-101149,2025-09-29,2025-10-05,807181.85,7,CASH_BUSINESS,FALSE
CU-101149,2025-10-06,2025-10-12,808572.26,8,CASH_BUSINESS,FALSE
CU-101149,2025-11-03,2025-11-09,850458.36,9,CASH_BUSINESS,FALSE
CU-101149,2025-11-10,2025-11-16,829318.02,6,CASH_BUSINESS,FALSE
CU-101149,2025-11-17,2025-11-23,906943.29,12,CASH_BUSINESS,FALSE
CU-101149,2025-12-08,2025-12-14,833221.76,8,CASH_BUSINESS,FALSE
CU-101149,2026-02-16,2026-02-22,920030.27,9,CASH_BUSINESS,FALSE
CU-101149,2026-03-02,2026-03-08,818381.21,5,CASH_BUSINESS,FALSE
CU-101149,2026-03-30,2026-04-05,819332.65,8,CASH_BUSINESS,FALSE
CU-101149,2026-04-13,2026-04-19,866607.35,11,CASH_BUSINESS,FALSE
CU-101149,2026-04-27,2026-05-03,841238.69,6,CASH_BUSINESS,FALSE
CU-101149,2026-05-11,2026-05-17,805106.39,6,CASH_BUSINESS,FALSE
CU-101149,2026-06-08,2026-06-14,883865.76,8,CASH_BUSINESS,FALSE
CU-101149,2026-06-29,2026-07-05,874720.94,2,CASH_BUSINESS,FALSE
CU-101149,2026-07-20,2026-07-26,960137.53,6,CASH_BUSINESS,FALSE
CU-101183,2026-02-09,2026-02-15,911094.56,4,MULE,TRUE
CU-101183,2026-02-16,2026-02-22,957902.49,2,MULE,TRUE
CU-101183,2026-02-23,2026-03-01,930125.07,7,MULE,TRUE
CU-101183,2026-03-02,2026-03-08,830547.34,8,MULE,TRUE
CU-101183,2026-03-16,2026-03-22,974222.09,3,MULE,TRUE
CU-101183,2026-03-23,2026-03-29,957960.32,3,MULE,TRUE
CU-101191,2025-09-01,2025-09-07,959671.02,4,MULE,TRUE
CU-101191,2025-09-08,2025-09-14,891617.25,6,MULE,TRUE
CU-101191,2025-09-15,2025-09-21,909292.17,4,MULE,TRUE
CU-101191,2025-09-22,2025-09-28,927505.06,3,MULE,TRUE
CU-101191,2025-09-29,2025-10-05,931989.91,5,MULE,TRUE
CU-101191,2025-10-06,2025-10-12,812785.75,7,MULE,TRUE
CU-101191,2025-10-13,2025-10-19,937340.47,4,MULE,TRUE
CU-101191,2025-10-20,2025-10-26,828435.66,6,MULE,TRUE
CU-101191,2025-10-27,2025-11-02,931987.07,5,MULE,TRUE
CU-101191,2025-11-03,2025-11-09,951489.19,3,MULE,TRUE
CU-101191,2025-11-10,2025-11-16,816526.56,5,MULE,TRUE
CU-101191,2025-12-01,2025-12-07,879864.24,4,MULE,TRUE
CU-101191,2026-07-06,2026-07-12,841318.22,7,MULE,TRUE
CU-101191,2026-07-20,2026-07-26,828110.19,2,MULE,TRUE
CU-101191,2026-07-27,2026-08-02,824461.34,5,MULE,TRUE
CU-101191,2026-08-03,2026-08-09,915330.42,6,MULE,TRUE
CU-101197,2025-08-04,2025-08-10,847157.36,7,LAYERING,TRUE
CU-101197,2025-08-25,2025-08-31,937062.71,4,LAYERING,TRUE
CU-101197,2026-02-09,2026-02-15,940149.88,10,LAYERING,TRUE
